Артикул,Пристрій,Клас,К-ть пропозицій,Найкраща ціна $,Постачальник,Всі пропозиції
U.009.000-016,AirPods Max,АКБ з калібруванням,0,,,
U.108.000-001,AirPods Max,Шлейф шарніра правий,0,,,
U.100.000-001,AirPods Pro 2,Амбушури,0,,,
U.008.000-008,Apple IPhone 11,АКБ без калібрування,5,5.68,ocapro,5.68$ ocapro (Опт — Акумулятор iPhone 11 ORIG Банка 3110 mAh стандарт) | 6.0$ icracked (Банка (АКБ без контроллера)) | 6.12$ ocapro (Роздріб — Акумулятор iPhone 11 ORIG Банка 3110 mAh стандарт) | 6.82$ ocapro (Опт — Акумулятор iPhone 11 ORIG Банка підвищена ємність 3660 mAh) | 7.3$ ocapro (Роздріб — Акумулятор iPhone 11 ORIG Банка підвищена ємність 3660 mAh)
U.009.000-075,Apple IPhone 11,АКБ з калібруванням,2,10.58,ocapro,10.58$ ocapro (Опт — Акумулятор iPhone 11 ORIG 3660 mAh) | 11.33$ ocapro (Роздріб — Акумулятор iPhone 11 ORIG 3660 mAh)
U.009.000-092,iPhone 15 Pro,АКБ з калібруванням,5,13.63,ocapro,13.63$ ocapro (Опт — Акумулятор iPhone 15 PRO ORIG 3480 mAh) | 14.6$ ocapro (Роздріб — Акумулятор iPhone 15 PRO ORIG 3480 mAh) | 16.62$ ocapro (Опт — Акумулятор iPhone 15 Pro ORIG IOS 18/26 без помилки 3480 mAh) | 17.73$ ocapro (Роздріб — Акумулятор iPhone 15 Pro ORIG IOS 18/26 без помилки 3480 mAh) | 36.0$ icracked (Посилена 💪🏼З лого🍏 Genuine batteries ✅ Оригінальна деталь 100% - 0 циклів)
U.019.000-011,Apple IPhone 11,Шлейф з датчиком наближення,0,,,
U.019.000-010,Apple IPhone 11 Pro,Шлейф з датчиком наближення,0,,,
U.061.000-034,Apple IPhone 11 Pro,Скло дисплейного модулю,15,1.8,refparts,1.8$ refparts (Великий опт — Скло+ОСА G+OCA pro iPhone 11 Pro) | 1.8$ refparts (Великий опт — Скло+ОСА MUSTTBY iPhone 11 Pro) | 1.85$ refparts (Середній опт — Скло+ОСА G+OCA pro iPhone 11 Pro) | 1.85$ refparts (Середній опт — Скло+ОСА MUSTTBY iPhone 11 Pro) | 1.88$ ocapro (Опт — Скло дисплея iPhone 11 Pro ORIG 1:1) | 1.88$ ocapro (Опт — Скло дисплея iPhone 11 Pro+OCA 1:1) | 1.9$ refparts (Дрібний опт — Скло+ОСА G+OCA pro iPhone 11 Pro) | 1.9$ refparts (Дрібний опт — Скло+ОСА MUSTTBY iPhone 11 Pro) | 2.01$ ocapro (Роздріб — Скло дисплея iPhone 11 Pro ORIG 1:1) | 2.01$ ocapro (Роздріб — Скло дисплея iPhone 11 Pro+OCA 1:1) | 2.1$ refparts (Великий опт — Скло+ОСА Feaglet iPhone 11 Pro) | 2.15$ refparts (Середній опт — Скло+ОСА Feaglet iPhone 11 Pro) | 2.2$ refparts (Дрібний опт — Скло+ОСА Feaglet iPhone 11 Pro) | 2.4$ ocapro (Опт — скло дисплея iPhone 11 PRO + T-OCA 125u ORIG 1:1) | 2.55$ ocapro (Роздріб — скло дисплея iPhone 11 PRO + T-OCA 125u ORIG 1:1)
U.061.000-036,Apple IPhone 12,Скло дисплейного модулю,0,,,
U.061.000-033,Apple IPhone 12 Pro,Скло дисплейного модулю,23,1.65,ocapro,1.65$ ocapro (Опт — Скло дисплея iPhone 12 Pro ORIG 1:1) | 1.76$ ocapro (Роздріб — Скло дисплея iPhone 12 Pro ORIG 1:1) | 1.8$ refparts (Великий опт — Скло+ОСА MUSTTBY iPhone 12/ 12 Pro) | 1.85$ refparts (Середній опт — Скло+ОСА MUSTTBY iPhone 12/ 12 Pro) | 1.9$ refparts (Дрібний опт — Скло+ОСА MUSTTBY iPhone 12/ 12 Pro) | 2.0$ ocapro (Опт — Скло дисплея iPhone 12/12 Pro+OCA ORIG 1:1) | 2.01$ ocapro (Опт — Скло дисплея iPhone 12/12 Pro+OCA ORIG 1:1 ZM) | 2.15$ ocapro (Роздріб — Скло дисплея iPhone 12/12 Pro+OCA ORIG 1:1) | 2.15$ refparts (Великий опт — Скло+ОСА G+OCA pro iPhone 12/ 12 Pro) | 2.16$ ocapro (Роздріб — Скло дисплея iPhone 12/12 Pro+OCA ORIG 1:1 ZM) | 2.2$ refparts (Середній опт — Скло+ОСА G+OCA pro iPhone 12/ 12 Pro) | 2.25$ refparts (Дрібний опт — Скло+ОСА G+OCA pro iPhone 12/ 12 Pro) | 2.55$ refparts (Великий опт — Скло+ОСА Feaglet iPhone 12/ 12 Pro) | 2.6$ refparts (Середній опт — Скло+ОСА Feaglet iPhone 12/ 12 Pro) | 2.65$ refparts (Дрібний опт — Скло+ОСА Feaglet iPhone 12/ 12 Pro) | 2.77$ ocapro (Опт — скло дисплея iPhone 12/12 PRO + T-OCA 125u ORIG 1:1) | 2.83$ ocapro (Опт — Скло дисплея iPhone 12/12 Pro+Polar+OCA ORIG 1:1) | 2.96$ ocapro (Роздріб — скло дисплея iPhone 12/12 PRO + T-OCA 125u ORIG 1:1) | 3.02$ ocapro (Роздріб — Скло дисплея iPhone 12/12 Pro+Polar+OCA ORIG 1:1) | 3.06$ ocapro (Опт — Скло дисплея iPhone 12/12 Pro + OCA ORIG 1:1 (Feaglet)) | 3.27$ ocapro (Роздріб — Скло дисплея iPhone 12/12 Pro + OCA ORIG 1:1 (Feaglet)) | 5.65$ ocapro (Опт — Скло дисплея iPhone 12/12 Pro+OCA ORIG 99%) | 6.04$ ocapro (Роздріб — Скло дисплея iPhone 12/12 Pro+OCA ORIG 99%)
U.061.000-065,Apple iPhone 14 Pro,Скло дисплейного модулю,26,1.65,ocapro,1.65$ ocapro (Опт — Скло дисплея iPhone 14 Pro ORIG 1:1) | 1.76$ ocapro (Роздріб — Скло дисплея iPhone 14 Pro ORIG 1:1) | 1.9$ refparts (Великий опт — Скло+ОСА MUSTTBY iPhone 14 Pro) | 1.95$ refparts (Середній опт — Скло+ОСА MUSTTBY iPhone 14 Pro) | 2.0$ ocapro (Опт — Скло дисплея iPhone 14 PRO+OCA ORIG 1:1) | 2.0$ refparts (Дрібний опт — Скло+ОСА MUSTTBY iPhone 14 Pro) | 2.12$ ocapro (Опт — Скло дисплея iPhone 14 PRO+OCA (Anti UV) ORIG 1:1) | 2.15$ ocapro (Роздріб — Скло дисплея iPhone 14 PRO+OCA ORIG 1:1) | 2.15$ refparts (Великий опт — Скло+ОСА G+OCA pro iPhone 14 Pro) | 2.2$ refparts (Середній опт — Скло+ОСА G+OCA pro iPhone 14 Pro) | 2.25$ refparts (Дрібний опт — Скло+ОСА G+OCA pro iPhone 14 Pro) | 2.27$ ocapro (Роздріб — Скло дисплея iPhone 14 PRO+OCA (Anti UV) ORIG 1:1) | 2.5$ refparts (Великий опт — Скло+ОСА+поляр G+OCA pro iPhone 14 Pro) | 2.55$ refparts (Середній опт — Скло+ОСА+поляр G+OCA pro iPhone 14 Pro) | 2.6$ refparts (Дрібний опт — Скло+ОСА+поляр G+OCA pro iPhone 14 Pro) | 2.77$ ocapro (Опт — Скло дисплея iPhone 14 PRO+Т-OCA ORIG 1:1) | 2.83$ ocapro (Опт — Скло дисплея iPhone 14 Pro+Polar+OCA ORIG 1:1) | 2.9$ refparts (Великий опт — Скло+ОСА Feaglet iPhone 14 Pro) | 2.95$ refparts (Середній опт — Скло+ОСА Feaglet iPhone 14 Pro) | 2.96$ ocapro (Роздріб — Скло дисплея iPhone 14 PRO+Т-OCA ORIG 1:1) | 3.0$ refparts (Дрібний опт — Скло+ОСА Feaglet iPhone 14 Pro) | 3.02$ ocapro (Роздріб — Скло дисплея iPhone 14 Pro+Polar+OCA ORIG 1:1) | 3.53$ ocapro (Опт — Скло дисплея iPhone 14 Pro + OCA ORIG 1:1 (Feaglet)) | 3.78$ ocapro (Роздріб — Скло дисплея iPhone 14 Pro + OCA ORIG 1:1 (Feaglet)) | 6.35$ ocapro (Опт — Скло дисплея iPhone 14 pro+OCA ORIG 99%) | 6.8$ ocapro (Роздріб — Скло дисплея iPhone 14 pro+OCA ORIG 99%)
U.101.000-001,"Apple IPhone 12 Pro Max, Apple IPhone 13 Pro Max, Apple IPhone 14 Pro Max, Apple IPhone 14 Plus",Плівка дисплею смартфону захисна,0,,,
U.008.000-013,"Apple IPhone 12, Apple IPhone 12 Pro",АКБ без калібрування,9,5.9,ocapro,5.9$ ocapro (Опт — Акумулятор iPhone 12/12 PRO ORIG Банка 2815 mAh стандарт) | 6.0$ icracked (Банка (АКБ без контроллера)) | 6.35$ ocapro (Роздріб — Акумулятор iPhone 12/12 PRO ORIG Банка 2815 mAh стандарт) | 6.58$ ocapro (Опт — Акумулятор iPhone 12/12 PRO ORIG Банка підвищена ємність 3320 mAh (Logo)) | 6.82$ ocapro (Опт — Акумулятор iPhone 12/12 PRO ORIG Банка підвищена ємність 3320 mAh) | 7.05$ ocapro (Роздріб — Акумулятор iPhone 12/12 PRO ORIG Банка підвищена ємність 3320 mAh (Logo)) | 7.3$ ocapro (Роздріб — Акумулятор iPhone 12/12 PRO ORIG Банка підвищена ємність 3320 mAh) | 13.0$ icracked (Стандарт 🔄 вживана деталь 100% - 0 циклів) | 14.0$ icracked (Посилена 💪🏼 + лого🍏 🔄 вживана деталь 100% - 0 циклів)
U.117.000-003,"Apple IPhone 12, Apple IPhone 12 Pro, Apple IPhone 12 Mini, Apple IPhone SE 3",Шлейф акумулятора,4,7.64,ocapro,7.64$ ocapro (Опт — JCID Tag-On Battery Repair iPhone 12 PM) | 8.19$ ocapro (Роздріб — JCID Tag-On Battery Repair iPhone 12 PM) | 13.99$ ocapro (Опт — JCID Face ID Tag-On Repair iPhone 12 PM) | 14.99$ ocapro (Роздріб — JCID Face ID Tag-On Repair iPhone 12 PM)
U.117.000-007,"Apple iPhone 14, Apple iPhone 14 Plus",Шлейф акумулятора,2,16.22,ocapro,16.22$ ocapro (Опт — JCID Face ID Tag-On Repair iPhone 14 Plus) | 17.37$ ocapro (Роздріб — JCID Face ID Tag-On Repair iPhone 14 Plus)
U.117.000-008,Apple iPhone 15 Pro,Шлейф акумулятора,0,,,
U.008.000-009,Apple IPhone 13,АКБ без калібрування,9,6.12,ocapro,6.12$ ocapro (Опт — Акумулятор iPhone 13 ORIG Банка 3227 mAh (стандарт)) | 6.58$ ocapro (Роздріб — Акумулятор iPhone 13 ORIG Банка 3227 mAh (стандарт)) | 7.05$ ocapro (Опт — Акумулятор iPhone 13 ORIG Банка підвищена ємність 3720 mAh) | 7.05$ ocapro (Опт — Акумулятор iPhone 13 ORIG Банка підвищена ємність 3720 mAh (Logo)) | 7.5$ icracked (Банка (АКБ без контроллера)) | 7.55$ ocapro (Роздріб — Акумулятор iPhone 13 ORIG Банка підвищена ємність 3720 mAh) | 7.55$ ocapro (Роздріб — Акумулятор iPhone 13 ORIG Банка підвищена ємність 3720 mAh (Logo)) | 16.0$ icracked (Стандарт 🔄 вживана деталь 100% - 0 циклів) | 16.0$ icracked (Посилена 💪🏼 + лого🍏 🔄 вживана деталь 100% - 0 циклів)
U.009.000-065,Apple IPhone 13,АКБ з калібруванням,5,10.82,ocapro,10.82$ ocapro (Опт — Акумулятор iPhone 13 ORIG 3720 mAh) | 11.58$ ocapro (Роздріб — Акумулятор iPhone 13 ORIG 3720 mAh) | 13.6$ ocapro (Опт — Акумулятор iPhone 13 ORIG IOS 18/26 без помилки 3720 mAh) | 14.51$ ocapro (Роздріб — Акумулятор iPhone 13 ORIG IOS 18/26 без помилки 3720 mAh) | 28.0$ icracked (Посилена 💪🏼З лого🍏 Genuine batteries ✅ Оригінальна деталь 100% - 0 циклів)
U.009.000-001,Apple IPhone 13,АКБ з калібруванням,5,10.82,ocapro,10.82$ ocapro (Опт — Акумулятор iPhone 13 ORIG 3720 mAh) | 11.58$ ocapro (Роздріб — Акумулятор iPhone 13 ORIG 3720 mAh) | 13.6$ ocapro (Опт — Акумулятор iPhone 13 ORIG IOS 18/26 без помилки 3720 mAh) | 14.51$ ocapro (Роздріб — Акумулятор iPhone 13 ORIG IOS 18/26 без помилки 3720 mAh) | 28.0$ icracked (Посилена 💪🏼З лого🍏 Genuine batteries ✅ Оригінальна деталь 100% - 0 циклів)
U.021.000-001,Apple IPhone 13,Динамік верхній (Speaker),0,,,
U.022.000-001,Apple IPhone 13,Динамік нижній (Buzzer),0,,,
U.023.000-001,Apple IPhone 13,Дисплейний модуль,2,55.23,ocapro,55.23$ ocapro (Опт — Дисплей iPhone 13 OLED Soft 120 Hz) | 59.17$ ocapro (Роздріб — Дисплей iPhone 13 OLED Soft 120 Hz)
U.023.000-019,Apple IPhone 13,Дисплейний модуль,2,55.23,ocapro,55.23$ ocapro (Опт — Дисплей iPhone 13 OLED Soft 120 Hz) | 59.17$ ocapro (Роздріб — Дисплей iPhone 13 OLED Soft 120 Hz)
U.025.000-001,Apple IPhone 13,Камера основна без лідару,0,,,
U.025.000-030,Samsung Galaxy S24 Ultra,Камера основна без лідару,0,,,
U.033.000-001,Apple IPhone 13,Комплект кнопок регулювання гучності та увімкнення,0,,,
U.035.000-007,Apple IPhone 13,Комплект скла основної камери,0,,,
U.040.000-003,Apple IPhone 13,Корпус смартфону з кнопками,0,,,
U.061.000-001,Apple IPhone 13,Скло дисплейного модулю,0,,,
U.068.000-001,Apple IPhone 13,Шлейф бездротової зарядки,0,,,
U.068.000-004,Google Pixel 7 Pro,Шлейф бездротової зарядки,0,,,
U.069.000-006,Apple IPhone 13,Шлейф верхній з датчиком світла,0,,,
U.075.000-002,Apple IPhone 13,Шлейф кнопок гучності і вмикання,0,,,
U.076.000-009,Apple IPhone 13,Шлейф модулю Bluetooth/NFC,0,,,
U.079.000-001,Apple IPhone 13,Шлейф нижній із зарядним портом і мікрофоном,0,,,
U.081.000-001,Apple IPhone 13,Кришка корпусу задня без обвісу,24,4.0,ocapro,4.0$ ocapro (Опт — Задня кришка iPhone 13 Black BIG) | 4.0$ ocapro (Опт — Задня кришка iPhone 13 Blue BIG) | 4.0$ ocapro (Опт — Задня кришка iPhone 13 Pink BIG) | 4.0$ ocapro (Опт — Задня кришка iPhone 13 White BIG) | 4.23$ ocapro (Опт — Задня кришка iPhone 13 Green BIG) | 4.28$ ocapro (Роздріб — Задня кришка iPhone 13 Black BIG) | 4.28$ ocapro (Роздріб — Задня кришка iPhone 13 Blue BIG) | 4.28$ ocapro (Роздріб — Задня кришка iPhone 13 Pink BIG) | 4.28$ ocapro (Роздріб — Задня кришка iPhone 13 White BIG) | 4.47$ ocapro (Опт — Задня кришка iPhone 13 Pink) | 4.53$ ocapro (Роздріб — Задня кришка iPhone 13 Green BIG) | 4.7$ ocapro (Опт — Задня кришка iPhone 13 Red BIG) | 4.7$ ocapro (Опт — Задня кришка iPhone 13 Black) | 4.7$ ocapro (Опт — Задня кришка iPhone 13 Green) | 4.78$ ocapro (Роздріб — Задня кришка iPhone 13 Pink) | 5.04$ ocapro (Роздріб — Задня кришка iPhone 13 Red BIG) | 5.04$ ocapro (Роздріб — Задня кришка iPhone 13 Black) | 5.04$ ocapro (Роздріб — Задня кришка iPhone 13 Green) | 5.41$ ocapro (Опт — Задня кришка iPhone 13 Red) | 5.41$ ocapro (Опт — Задня кришка iPhone 13 White) | 5.65$ ocapro (Опт — Задня кришка iPhone 13 Blue) | 5.79$ ocapro (Роздріб — Задня кришка iPhone 13 Red) | 5.79$ ocapro (Роздріб — Задня кришка iPhone 13 White) | 6.04$ ocapro (Роздріб — Задня кришка iPhone 13 Blue)
U.081.000-002,Apple IPhone 13,Кришка корпусу задня без обвісу,24,4.0,ocapro,4.0$ ocapro (Опт — Задня кришка iPhone 13 Black BIG) | 4.0$ ocapro (Опт — Задня кришка iPhone 13 Blue BIG) | 4.0$ ocapro (Опт — Задня кришка iPhone 13 Pink BIG) | 4.0$ ocapro (Опт — Задня кришка iPhone 13 White BIG) | 4.23$ ocapro (Опт — Задня кришка iPhone 13 Green BIG) | 4.28$ ocapro (Роздріб — Задня кришка iPhone 13 Black BIG) | 4.28$ ocapro (Роздріб — Задня кришка iPhone 13 Blue BIG) | 4.28$ ocapro (Роздріб — Задня кришка iPhone 13 Pink BIG) | 4.28$ ocapro (Роздріб — Задня кришка iPhone 13 White BIG) | 4.47$ ocapro (Опт — Задня кришка iPhone 13 Pink) | 4.53$ ocapro (Роздріб — Задня кришка iPhone 13 Green BIG) | 4.7$ ocapro (Опт — Задня кришка iPhone 13 Red BIG) | 4.7$ ocapro (Опт — Задня кришка iPhone 13 Black) | 4.7$ ocapro (Опт — Задня кришка iPhone 13 Green) | 4.78$ ocapro (Роздріб — Задня кришка iPhone 13 Pink) | 5.04$ ocapro (Роздріб — Задня кришка iPhone 13 Red BIG) | 5.04$ ocapro (Роздріб — Задня кришка iPhone 13 Black) | 5.04$ ocapro (Роздріб — Задня кришка iPhone 13 Green) | 5.41$ ocapro (Опт — Задня кришка iPhone 13 Red) | 5.41$ ocapro (Опт — Задня кришка iPhone 13 White) | 5.65$ ocapro (Опт — Задня кришка iPhone 13 Blue) | 5.79$ ocapro (Роздріб — Задня кришка iPhone 13 Red) | 5.79$ ocapro (Роздріб — Задня кришка iPhone 13 White) | 6.04$ ocapro (Роздріб — Задня кришка iPhone 13 Blue)
U.081.000-003,Apple IPhone 13,Кришка корпусу задня без обвісу,24,4.0,ocapro,4.0$ ocapro (Опт — Задня кришка iPhone 13 Black BIG) | 4.0$ ocapro (Опт — Задня кришка iPhone 13 Blue BIG) | 4.0$ ocapro (Опт — Задня кришка iPhone 13 Pink BIG) | 4.0$ ocapro (Опт — Задня кришка iPhone 13 White BIG) | 4.23$ ocapro (Опт — Задня кришка iPhone 13 Green BIG) | 4.28$ ocapro (Роздріб — Задня кришка iPhone 13 Black BIG) | 4.28$ ocapro (Роздріб — Задня кришка iPhone 13 Blue BIG) | 4.28$ ocapro (Роздріб — Задня кришка iPhone 13 Pink BIG) | 4.28$ ocapro (Роздріб — Задня кришка iPhone 13 White BIG) | 4.47$ ocapro (Опт — Задня кришка iPhone 13 Pink) | 4.53$ ocapro (Роздріб — Задня кришка iPhone 13 Green BIG) | 4.7$ ocapro (Опт — Задня кришка iPhone 13 Red BIG) | 4.7$ ocapro (Опт — Задня кришка iPhone 13 Black) | 4.7$ ocapro (Опт — Задня кришка iPhone 13 Green) | 4.78$ ocapro (Роздріб — Задня кришка iPhone 13 Pink) | 5.04$ ocapro (Роздріб — Задня кришка iPhone 13 Red BIG) | 5.04$ ocapro (Роздріб — Задня кришка iPhone 13 Black) | 5.04$ ocapro (Роздріб — Задня кришка iPhone 13 Green) | 5.41$ ocapro (Опт — Задня кришка iPhone 13 Red) | 5.41$ ocapro (Опт — Задня кришка iPhone 13 White) | 5.65$ ocapro (Опт — Задня кришка iPhone 13 Blue) | 5.79$ ocapro (Роздріб — Задня кришка iPhone 13 Red) | 5.79$ ocapro (Роздріб — Задня кришка iPhone 13 White) | 6.04$ ocapro (Роздріб — Задня кришка iPhone 13 Blue)
U.081.000-004,Apple IPhone 13,Кришка корпусу задня без обвісу,24,4.0,ocapro,4.0$ ocapro (Опт — Задня кришка iPhone 13 Black BIG) | 4.0$ ocapro (Опт — Задня кришка iPhone 13 Blue BIG) | 4.0$ ocapro (Опт — Задня кришка iPhone 13 Pink BIG) | 4.0$ ocapro (Опт — Задня кришка iPhone 13 White BIG) | 4.23$ ocapro (Опт — Задня кришка iPhone 13 Green BIG) | 4.28$ ocapro (Роздріб — Задня кришка iPhone 13 Black BIG) | 4.28$ ocapro (Роздріб — Задня кришка iPhone 13 Blue BIG) | 4.28$ ocapro (Роздріб — Задня кришка iPhone 13 Pink BIG) | 4.28$ ocapro (Роздріб — Задня кришка iPhone 13 White BIG) | 4.47$ ocapro (Опт — Задня кришка iPhone 13 Pink) | 4.53$ ocapro (Роздріб — Задня кришка iPhone 13 Green BIG) | 4.7$ ocapro (Опт — Задня кришка iPhone 13 Red BIG) | 4.7$ ocapro (Опт — Задня кришка iPhone 13 Black) | 4.7$ ocapro (Опт — Задня кришка iPhone 13 Green) | 4.78$ ocapro (Роздріб — Задня кришка iPhone 13 Pink) | 5.04$ ocapro (Роздріб — Задня кришка iPhone 13 Red BIG) | 5.04$ ocapro (Роздріб — Задня кришка iPhone 13 Black) | 5.04$ ocapro (Роздріб — Задня кришка iPhone 13 Green) | 5.41$ ocapro (Опт — Задня кришка iPhone 13 Red) | 5.41$ ocapro (Опт — Задня кришка iPhone 13 White) | 5.65$ ocapro (Опт — Задня кришка iPhone 13 Blue) | 5.79$ ocapro (Роздріб — Задня кришка iPhone 13 Red) | 5.79$ ocapro (Роздріб — Задня кришка iPhone 13 White) | 6.04$ ocapro (Роздріб — Задня кришка iPhone 13 Blue)
U.081.000-005,Apple IPhone 13,Кришка корпусу задня без обвісу,24,4.0,ocapro,4.0$ ocapro (Опт — Задня кришка iPhone 13 Black BIG) | 4.0$ ocapro (Опт — Задня кришка iPhone 13 Blue BIG) | 4.0$ ocapro (Опт — Задня кришка iPhone 13 Pink BIG) | 4.0$ ocapro (Опт — Задня кришка iPhone 13 White BIG) | 4.23$ ocapro (Опт — Задня кришка iPhone 13 Green BIG) | 4.28$ ocapro (Роздріб — Задня кришка iPhone 13 Black BIG) | 4.28$ ocapro (Роздріб — Задня кришка iPhone 13 Blue BIG) | 4.28$ ocapro (Роздріб — Задня кришка iPhone 13 Pink BIG) | 4.28$ ocapro (Роздріб — Задня кришка iPhone 13 White BIG) | 4.47$ ocapro (Опт — Задня кришка iPhone 13 Pink) | 4.53$ ocapro (Роздріб — Задня кришка iPhone 13 Green BIG) | 4.7$ ocapro (Опт — Задня кришка iPhone 13 Red BIG) | 4.7$ ocapro (Опт — Задня кришка iPhone 13 Black) | 4.7$ ocapro (Опт — Задня кришка iPhone 13 Green) | 4.78$ ocapro (Роздріб — Задня кришка iPhone 13 Pink) | 5.04$ ocapro (Роздріб — Задня кришка iPhone 13 Red BIG) | 5.04$ ocapro (Роздріб — Задня кришка iPhone 13 Black) | 5.04$ ocapro (Роздріб — Задня кришка iPhone 13 Green) | 5.41$ ocapro (Опт — Задня кришка iPhone 13 Red) | 5.41$ ocapro (Опт — Задня кришка iPhone 13 White) | 5.65$ ocapro (Опт — Задня кришка iPhone 13 Blue) | 5.79$ ocapro (Роздріб — Задня кришка iPhone 13 Red) | 5.79$ ocapro (Роздріб — Задня кришка iPhone 13 White) | 6.04$ ocapro (Роздріб — Задня кришка iPhone 13 Blue)
U.081.000-006,Apple IPhone 13,Кришка корпусу задня без обвісу,24,4.0,ocapro,4.0$ ocapro (Опт — Задня кришка iPhone 13 Black BIG) | 4.0$ ocapro (Опт — Задня кришка iPhone 13 Blue BIG) | 4.0$ ocapro (Опт — Задня кришка iPhone 13 Pink BIG) | 4.0$ ocapro (Опт — Задня кришка iPhone 13 White BIG) | 4.23$ ocapro (Опт — Задня кришка iPhone 13 Green BIG) | 4.28$ ocapro (Роздріб — Задня кришка iPhone 13 Black BIG) | 4.28$ ocapro (Роздріб — Задня кришка iPhone 13 Blue BIG) | 4.28$ ocapro (Роздріб — Задня кришка iPhone 13 Pink BIG) | 4.28$ ocapro (Роздріб — Задня кришка iPhone 13 White BIG) | 4.47$ ocapro (Опт — Задня кришка iPhone 13 Pink) | 4.53$ ocapro (Роздріб — Задня кришка iPhone 13 Green BIG) | 4.7$ ocapro (Опт — Задня кришка iPhone 13 Red BIG) | 4.7$ ocapro (Опт — Задня кришка iPhone 13 Black) | 4.7$ ocapro (Опт — Задня кришка iPhone 13 Green) | 4.78$ ocapro (Роздріб — Задня кришка iPhone 13 Pink) | 5.04$ ocapro (Роздріб — Задня кришка iPhone 13 Red BIG) | 5.04$ ocapro (Роздріб — Задня кришка iPhone 13 Black) | 5.04$ ocapro (Роздріб — Задня кришка iPhone 13 Green) | 5.41$ ocapro (Опт — Задня кришка iPhone 13 Red) | 5.41$ ocapro (Опт — Задня кришка iPhone 13 White) | 5.65$ ocapro (Опт — Задня кришка iPhone 13 Blue) | 5.79$ ocapro (Роздріб — Задня кришка iPhone 13 Red) | 5.79$ ocapro (Роздріб — Задня кришка iPhone 13 White) | 6.04$ ocapro (Роздріб — Задня кришка iPhone 13 Blue)
U.084.000-001,Apple IPhone 13,Корпус смартфону в зборі,0,,,
U.084.000-002,Apple IPhone 13,Корпус смартфону в зборі,0,,,
U.084.000-003,Apple IPhone 13,Корпус смартфону в зборі,0,,,
U.084.000-004,Apple IPhone 13,Корпус смартфону в зборі,0,,,
U.084.000-005,Apple IPhone 13,Корпус смартфону в зборі,0,,,
U.084.000-006,Apple IPhone 13,Корпус смартфону в зборі,0,,,
U.085.000-001,Apple IPhone 13,Камера фронтальна без FaceID,0,,,
U.109.000-013,Apple IPhone 13,Рамка кріплення дисплея,0,,,
U.086.000-001,Apple IPhone 13,Шлейф програмування АКБ,0,,,
U.099.000-001,Apple IPhone 13,Магнітне кільце MagSafe,0,,,
U.118.000-003,Apple IPhone 13,Трафарет,1,4.0,uparts,4.0$ uparts (Ціна — Трафарет Amaoe BGA 0.12mm Apple iPhone 13)
U.069.000-007,Apple IPhone 13,Шлейф верхній з датчиком світла,0,,,
U.016.000-030,Apple IPhone 13,Гвинти фіксуючі (дисплейні),0,,,
U.016.000-031,Apple IPhone 13,Гвинти фіксуючі (дисплейні),0,,,
U.016.000-032,Apple IPhone 13,Гвинти фіксуючі (дисплейні),0,,,
U.016.000-033,Apple IPhone 13,Гвинти фіксуючі (дисплейні),0,,,
U.016.000-055,Apple iPhone 13,Гвинти фіксуючі (дисплейні),0,,,
U.078.000-009,Apple IPhone 13,Шлейф модулю WiFi,0,,,
U.008.000-012,Apple IPhone 13 Pro,АКБ без калібрування,9,8.3,ocapro,8.3$ ocapro (Опт — Акумулятор iPhone 13 pro ORIG Банка 3095 mAh (стандарт)) | 8.93$ ocapro (Роздріб — Акумулятор iPhone 13 pro ORIG Банка 3095 mAh (стандарт)) | 9.4$ ocapro (Опт — Акумулятор iPhone 13 Pro ORIG Банка підвищена ємність 3410 mAh (Logo)) | 9.5$ icracked (Банка (АКБ без контроллера)) | 9.64$ ocapro (Опт — Акумулятор iPhone 13 Pro ORIG Банка підвищена ємність 3410 mAh) | 10.07$ ocapro (Роздріб — Акумулятор iPhone 13 Pro ORIG Банка підвищена ємність 3410 mAh (Logo)) | 10.32$ ocapro (Роздріб — Акумулятор iPhone 13 Pro ORIG Банка підвищена ємність 3410 mAh) | 16.0$ icracked (Стандарт 🔄 вживана деталь 100% - 0 циклів) | 17.0$ icracked (Посилена 💪🏼 + лого🍏 🔄 вживана деталь 100% - 0 циклів)
U.009.000-066,Apple IPhone 13 Pro,АКБ з калібруванням,5,13.17,ocapro,13.17$ ocapro (Опт — Акумулятор iPhone 13 PRO ORIG 3410 mAh) | 14.1$ ocapro (Роздріб — Акумулятор iPhone 13 PRO ORIG 3410 mAh) | 15.86$ ocapro (Опт — Акумулятор iPhone 13 PRO ORIG IOS 18/26 без помилки 3410 mAh) | 16.93$ ocapro (Роздріб — Акумулятор iPhone 13 PRO ORIG IOS 18/26 без помилки 3410 mAh) | 33.0$ icracked (Посилена 💪🏼З лого🍏 Genuine batteries ✅ Оригінальна деталь 100% - 0 циклів)
U.009.000-010,Apple IPhone 13 Pro,АКБ з калібруванням,5,13.17,ocapro,13.17$ ocapro (Опт — Акумулятор iPhone 13 PRO ORIG 3410 mAh) | 14.1$ ocapro (Роздріб — Акумулятор iPhone 13 PRO ORIG 3410 mAh) | 15.86$ ocapro (Опт — Акумулятор iPhone 13 PRO ORIG IOS 18/26 без помилки 3410 mAh) | 16.93$ ocapro (Роздріб — Акумулятор iPhone 13 PRO ORIG IOS 18/26 без помилки 3410 mAh) | 33.0$ icracked (Посилена 💪🏼З лого🍏 Genuine batteries ✅ Оригінальна деталь 100% - 0 циклів)
U.009.000-078,Apple IPhone 13 Pro,АКБ з калібруванням,5,13.17,ocapro,13.17$ ocapro (Опт — Акумулятор iPhone 13 PRO ORIG 3410 mAh) | 14.1$ ocapro (Роздріб — Акумулятор iPhone 13 PRO ORIG 3410 mAh) | 15.86$ ocapro (Опт — Акумулятор iPhone 13 PRO ORIG IOS 18/26 без помилки 3410 mAh) | 16.93$ ocapro (Роздріб — Акумулятор iPhone 13 PRO ORIG IOS 18/26 без помилки 3410 mAh) | 33.0$ icracked (Посилена 💪🏼З лого🍏 Genuine batteries ✅ Оригінальна деталь 100% - 0 циклів)
U.009.000-080,Apple IPhone 13 Pro,АКБ з калібруванням,5,13.17,ocapro,13.17$ ocapro (Опт — Акумулятор iPhone 13 PRO ORIG 3410 mAh) | 14.1$ ocapro (Роздріб — Акумулятор iPhone 13 PRO ORIG 3410 mAh) | 15.86$ ocapro (Опт — Акумулятор iPhone 13 PRO ORIG IOS 18/26 без помилки 3410 mAh) | 16.93$ ocapro (Роздріб — Акумулятор iPhone 13 PRO ORIG IOS 18/26 без помилки 3410 mAh) | 33.0$ icracked (Посилена 💪🏼З лого🍏 Genuine batteries ✅ Оригінальна деталь 100% - 0 циклів)
U.014.000-001,Apple IPhone 13 Pro,Вібро-мотор,0,,,
U.014.000-009,Apple iPhone 13,Вібро-мотор,0,,,
U.019.000-009,Apple IPhone 13 Pro,Шлейф з датчиком наближення,0,,,
U.020.000-007,Apple IPhone 13 Pro,Датчик освітелння,0,,,
U.021.000-002,Apple IPhone 13 Pro,Динамік верхній (Speaker),0,,,
U.022.000-002,Apple IPhone 13 Pro,Динамік нижній (Buzzer),0,,,
U.023.000-038,Apple IPhone 13 Pro,Дисплейний модуль,2,66.98,ocapro,66.98$ ocapro (Опт — Дисплей iPhone 13 Pro OLED Soft 120 Hz) | 71.76$ ocapro (Роздріб — Дисплей iPhone 13 Pro OLED Soft 120 Hz)
U.023.000-002,Apple IPhone 13 Pro,Дисплейний модуль,2,66.98,ocapro,66.98$ ocapro (Опт — Дисплей iPhone 13 Pro OLED Soft 120 Hz) | 71.76$ ocapro (Роздріб — Дисплей iPhone 13 Pro OLED Soft 120 Hz)
U.025.000-004,Apple IPhone 13 Pro,Камера основна без лідару,0,,,
U.026.000-019,Apple IPhone 13 Pro,Камера основна з лідаром,0,,,
U.035.000-008,Apple IPhone 13 Pro,Комплект скла основної камери,0,,,
U.049.000-025,Apple IPhone 13 Pro,Проклейка для ДМ,0,,,
U.049.000-028,Apple iPhone 13 Pro Max,Проклейка для ДМ,0,,,
U.049.000-033,,Проклейка для ДМ,0,,,
U.066.000-008,Apple IPhone 13 Pro,Чіп захисту ДМ,0,,,
U.074.000-008,Apple IPhone 13 Pro,"Шлейф зі спалахом, мікрофоном і бездротовою зарядкою",0,,,
U.075.000-003,Apple IPhone 13 Pro,Шлейф кнопок гучності і вмикання,0,,,
U.076.000-013,Apple IPhone 13 Pro,Шлейф модулю Bluetooth/NFC,0,,,
U.079.000-002,Apple IPhone 13 Pro,Шлейф нижній із зарядним портом і мікрофоном,0,,,
U.081.000-007,Apple IPhone 13 Pro,Кришка корпусу задня без обвісу,18,6.35,ocapro,6.35$ ocapro (Опт — Задня кришка iPhone 13 PRO Blue BIG) | 6.35$ ocapro (Опт — Задня кришка iPhone 13 PRO Green BIG) | 6.35$ ocapro (Опт — Задня кришка iPhone 13 PRO White BIG) | 6.58$ ocapro (Опт — Задня кришка iPhone 13 PRO Gold BIG) | 6.58$ ocapro (Опт — Задня кришка iPhone 13 PRO Space gray BIG) | 6.8$ ocapro (Роздріб — Задня кришка iPhone 13 PRO Blue BIG) | 6.8$ ocapro (Роздріб — Задня кришка iPhone 13 PRO Green BIG) | 6.8$ ocapro (Роздріб — Задня кришка iPhone 13 PRO White BIG) | 7.05$ ocapro (Роздріб — Задня кришка iPhone 13 PRO Gold BIG) | 7.05$ ocapro (Роздріб — Задня кришка iPhone 13 PRO Space gray BIG) | 9.17$ ocapro (Опт — Задня кришка iPhone 13 PRO Black) | 9.17$ ocapro (Опт — Задня кришка iPhone 13 PRO Blue) | 9.17$ ocapro (Опт — Задня кришка iPhone 13 PRO Gold) | 9.82$ ocapro (Роздріб — Задня кришка iPhone 13 PRO Black) | 9.82$ ocapro (Роздріб — Задня кришка iPhone 13 PRO Blue) | 9.82$ ocapro (Роздріб — Задня кришка iPhone 13 PRO Gold) | 10.11$ ocapro (Опт — Задня кришка iPhone 13 PRO white) | 10.83$ ocapro (Роздріб — Задня кришка iPhone 13 PRO white)
U.081.000-008,Apple IPhone 13 Pro,Кришка корпусу задня без обвісу,18,6.35,ocapro,6.35$ ocapro (Опт — Задня кришка iPhone 13 PRO Blue BIG) | 6.35$ ocapro (Опт — Задня кришка iPhone 13 PRO Green BIG) | 6.35$ ocapro (Опт — Задня кришка iPhone 13 PRO White BIG) | 6.58$ ocapro (Опт — Задня кришка iPhone 13 PRO Gold BIG) | 6.58$ ocapro (Опт — Задня кришка iPhone 13 PRO Space gray BIG) | 6.8$ ocapro (Роздріб — Задня кришка iPhone 13 PRO Blue BIG) | 6.8$ ocapro (Роздріб — Задня кришка iPhone 13 PRO Green BIG) | 6.8$ ocapro (Роздріб — Задня кришка iPhone 13 PRO White BIG) | 7.05$ ocapro (Роздріб — Задня кришка iPhone 13 PRO Gold BIG) | 7.05$ ocapro (Роздріб — Задня кришка iPhone 13 PRO Space gray BIG) | 9.17$ ocapro (Опт — Задня кришка iPhone 13 PRO Black) | 9.17$ ocapro (Опт — Задня кришка iPhone 13 PRO Blue) | 9.17$ ocapro (Опт — Задня кришка iPhone 13 PRO Gold) | 9.82$ ocapro (Роздріб — Задня кришка iPhone 13 PRO Black) | 9.82$ ocapro (Роздріб — Задня кришка iPhone 13 PRO Blue) | 9.82$ ocapro (Роздріб — Задня кришка iPhone 13 PRO Gold) | 10.11$ ocapro (Опт — Задня кришка iPhone 13 PRO white) | 10.83$ ocapro (Роздріб — Задня кришка iPhone 13 PRO white)
U.081.000-009,Apple IPhone 13 Pro,Кришка корпусу задня без обвісу,18,6.35,ocapro,6.35$ ocapro (Опт — Задня кришка iPhone 13 PRO Blue BIG) | 6.35$ ocapro (Опт — Задня кришка iPhone 13 PRO Green BIG) | 6.35$ ocapro (Опт — Задня кришка iPhone 13 PRO White BIG) | 6.58$ ocapro (Опт — Задня кришка iPhone 13 PRO Gold BIG) | 6.58$ ocapro (Опт — Задня кришка iPhone 13 PRO Space gray BIG) | 6.8$ ocapro (Роздріб — Задня кришка iPhone 13 PRO Blue BIG) | 6.8$ ocapro (Роздріб — Задня кришка iPhone 13 PRO Green BIG) | 6.8$ ocapro (Роздріб — Задня кришка iPhone 13 PRO White BIG) | 7.05$ ocapro (Роздріб — Задня кришка iPhone 13 PRO Gold BIG) | 7.05$ ocapro (Роздріб — Задня кришка iPhone 13 PRO Space gray BIG) | 9.17$ ocapro (Опт — Задня кришка iPhone 13 PRO Black) | 9.17$ ocapro (Опт — Задня кришка iPhone 13 PRO Blue) | 9.17$ ocapro (Опт — Задня кришка iPhone 13 PRO Gold) | 9.82$ ocapro (Роздріб — Задня кришка iPhone 13 PRO Black) | 9.82$ ocapro (Роздріб — Задня кришка iPhone 13 PRO Blue) | 9.82$ ocapro (Роздріб — Задня кришка iPhone 13 PRO Gold) | 10.11$ ocapro (Опт — Задня кришка iPhone 13 PRO white) | 10.83$ ocapro (Роздріб — Задня кришка iPhone 13 PRO white)
U.081.000-010,Apple IPhone 13 Pro,Кришка корпусу задня без обвісу,18,6.35,ocapro,6.35$ ocapro (Опт — Задня кришка iPhone 13 PRO Blue BIG) | 6.35$ ocapro (Опт — Задня кришка iPhone 13 PRO Green BIG) | 6.35$ ocapro (Опт — Задня кришка iPhone 13 PRO White BIG) | 6.58$ ocapro (Опт — Задня кришка iPhone 13 PRO Gold BIG) | 6.58$ ocapro (Опт — Задня кришка iPhone 13 PRO Space gray BIG) | 6.8$ ocapro (Роздріб — Задня кришка iPhone 13 PRO Blue BIG) | 6.8$ ocapro (Роздріб — Задня кришка iPhone 13 PRO Green BIG) | 6.8$ ocapro (Роздріб — Задня кришка iPhone 13 PRO White BIG) | 7.05$ ocapro (Роздріб — Задня кришка iPhone 13 PRO Gold BIG) | 7.05$ ocapro (Роздріб — Задня кришка iPhone 13 PRO Space gray BIG) | 9.17$ ocapro (Опт — Задня кришка iPhone 13 PRO Black) | 9.17$ ocapro (Опт — Задня кришка iPhone 13 PRO Blue) | 9.17$ ocapro (Опт — Задня кришка iPhone 13 PRO Gold) | 9.82$ ocapro (Роздріб — Задня кришка iPhone 13 PRO Black) | 9.82$ ocapro (Роздріб — Задня кришка iPhone 13 PRO Blue) | 9.82$ ocapro (Роздріб — Задня кришка iPhone 13 PRO Gold) | 10.11$ ocapro (Опт — Задня кришка iPhone 13 PRO white) | 10.83$ ocapro (Роздріб — Задня кришка iPhone 13 PRO white)
U.084.000-007,Apple IPhone 13 Pro,Корпус смартфону в зборі,0,,,
U.084.000-008,Apple IPhone 13 Pro,Корпус смартфону в зборі,0,,,
U.084.000-009,Apple IPhone 13 Pro,Корпус смартфону в зборі,0,,,
U.084.000-010,Apple IPhone 13 Pro,Корпус смартфону в зборі,0,,,
U.084.000-011,Apple IPhone 13 Pro,Корпус смартфону в зборі,0,,,
U.084.000-084,Apple IPhone 13 Pro,Корпус смартфону в зборі,0,,,
U.085.000-006,Apple IPhone 13 Pro,Камера фронтальна без FaceID,0,,,
U.016.000-044,Apple IPhone 13 Pro,Гвинти фіксуючі (дисплейні),0,,,
U.016.000-045,Apple IPhone 13 Pro,Гвинти фіксуючі (дисплейні),0,,,
U.016.000-046,Apple IPhone 13 Pro,Гвинти фіксуючі (дисплейні),0,,,
U.078.000-010,Apple IPhone 13 Pro,Шлейф модулю WiFi,0,,,
U.027.000-012,Apple IPhone 13 Pro,Камера фронтальна з FaceID,0,,,
U.009.000-067,Apple IPhone 13 Pro Max,АКБ з калібруванням,5,14.58,ocapro,14.58$ ocapro (Опт — Акумулятор iPhone 13 PRO MAX ORIG 4870 mAh) | 15.61$ ocapro (Роздріб — Акумулятор iPhone 13 PRO MAX ORIG 4870 mAh) | 17.88$ ocapro (Опт — Акумулятор iPhone 13 PRO MAX ORIG IOS 18/26 без помилки 4870 mAh) | 19.08$ ocapro (Роздріб — Акумулятор iPhone 13 PRO MAX ORIG IOS 18/26 без помилки 4870 mAh) | 36.0$ icracked (Посилена 💪🏼З лого🍏 Genuine batteries ✅ Оригінальна деталь 100% - 0 циклів)
U.009.000-002,Apple IPhone 13 Pro Max,АКБ з калібруванням,5,14.58,ocapro,14.58$ ocapro (Опт — Акумулятор iPhone 13 PRO MAX ORIG 4870 mAh) | 15.61$ ocapro (Роздріб — Акумулятор iPhone 13 PRO MAX ORIG 4870 mAh) | 17.88$ ocapro (Опт — Акумулятор iPhone 13 PRO MAX ORIG IOS 18/26 без помилки 4870 mAh) | 19.08$ ocapro (Роздріб — Акумулятор iPhone 13 PRO MAX ORIG IOS 18/26 без помилки 4870 mAh) | 36.0$ icracked (Посилена 💪🏼З лого🍏 Genuine batteries ✅ Оригінальна деталь 100% - 0 циклів)
U.009.000-011,Apple IPhone 13 Pro Max,АКБ з калібруванням,5,14.58,ocapro,14.58$ ocapro (Опт — Акумулятор iPhone 13 PRO MAX ORIG 4870 mAh) | 15.61$ ocapro (Роздріб — Акумулятор iPhone 13 PRO MAX ORIG 4870 mAh) | 17.88$ ocapro (Опт — Акумулятор iPhone 13 PRO MAX ORIG IOS 18/26 без помилки 4870 mAh) | 19.08$ ocapro (Роздріб — Акумулятор iPhone 13 PRO MAX ORIG IOS 18/26 без помилки 4870 mAh) | 36.0$ icracked (Посилена 💪🏼З лого🍏 Genuine batteries ✅ Оригінальна деталь 100% - 0 циклів)
U.014.000-002,Apple IPhone 13 Pro Max,Вібро-мотор,0,,,
U.021.000-003,Apple IPhone 13 Pro Max,Динамік верхній (Speaker),0,,,
U.022.000-003,Apple IPhone 13 Pro Max,Динамік нижній (Buzzer),0,,,
U.023.000-039,Apple IPhone 13 Pro Max,Дисплейний модуль,4,66.98,ocapro,66.98$ ocapro (Опт — Дисплей iPhone 13 Pro Max OLED Soft 120 Hz) | 71.76$ ocapro (Роздріб — Дисплей iPhone 13 Pro Max OLED Soft 120 Hz) | 77.55$ ocapro (Опт — Дисплей iPhone 13 Pro Max OLED Soft 120 Hz з діагностикою) | 83.09$ ocapro (Роздріб — Дисплей iPhone 13 Pro Max OLED Soft 120 Hz з діагностикою)
U.023.000-003,Apple IPhone 13 Pro Max,Дисплейний модуль,4,66.98,ocapro,66.98$ ocapro (Опт — Дисплей iPhone 13 Pro Max OLED Soft 120 Hz) | 71.76$ ocapro (Роздріб — Дисплей iPhone 13 Pro Max OLED Soft 120 Hz) | 77.55$ ocapro (Опт — Дисплей iPhone 13 Pro Max OLED Soft 120 Hz з діагностикою) | 83.09$ ocapro (Роздріб — Дисплей iPhone 13 Pro Max OLED Soft 120 Hz з діагностикою)
U.026.000-001,Apple IPhone 13 Pro Max,Камера основна з лідаром,0,,,
U.035.000-009,Apple IPhone 13 Pro Max,Комплект скла основної камери,2,2.4,ocapro,2.4$ ocapro (Опт — Скло камери iPhone 13 Pro/13 Pro Max ORIG комплект 3 шт.) | 2.55$ ocapro (Роздріб — Скло камери iPhone 13 Pro/13 Pro Max ORIG комплект 3 шт.)
U.042.000-002,Apple IPhone 13 Pro Max,Датчик лідар,0,,,
U.061.000.020,Apple IPhone 13 Pro Max,Скло дисплейного модулю,24,0.7,refparts,0.7$ refparts (Великий опт — Скло+ОСА iPhone 13 Pro Max під оригінал) | 0.7$ refparts (Середній опт — Скло+ОСА iPhone 13 Pro Max під оригінал) | 0.7$ refparts (Дрібний опт — Скло+ОСА iPhone 13 Pro Max під оригінал) | 2.0$ refparts (Великий опт — Скло+ОСА MUSTTBY iPhone 13 Pro Max) | 2.05$ refparts (Середній опт — Скло+ОСА MUSTTBY iPhone 13 Pro Max) | 2.1$ refparts (Дрібний опт — Скло+ОСА MUSTTBY iPhone 13 Pro Max) | 2.12$ ocapro (Опт — Скло дисплея iPhone 13 Pro Max+OCA ORIG 1:1) | 2.25$ refparts (Великий опт — Скло+ОСА G+OCA pro iPhone 13 Pro Max) | 2.27$ ocapro (Роздріб — Скло дисплея iPhone 13 Pro Max+OCA ORIG 1:1) | 2.3$ refparts (Середній опт — Скло+ОСА G+OCA pro iPhone 13 Pro Max) | 2.35$ refparts (Дрібний опт — Скло+ОСА G+OCA pro iPhone 13 Pro Max) | 2.47$ ocapro (Опт — Скло дисплея iPhone 13 Pro Max ORIG 1:1) | 2.65$ ocapro (Роздріб — Скло дисплея iPhone 13 Pro Max ORIG 1:1) | 2.85$ refparts (Великий опт — Скло+ОСА Feaglet iPhone 13 Pro Max) | 2.9$ refparts (Середній опт — Скло+ОСА Feaglet iPhone 13 Pro Max) | 2.94$ ocapro (Опт — Скло дисплея iPhone 13 Pro Max+Polar+OCA ORIG 1:1) | 2.95$ refparts (Дрібний опт — Скло+ОСА Feaglet iPhone 13 Pro Max) | 3.02$ ocapro (Опт — скло дисплея iPhone 13 PRO MAX + T-OCA 125u ORIG 1:1) | 3.15$ ocapro (Роздріб — Скло дисплея iPhone 13 Pro Max+Polar+OCA ORIG 1:1) | 3.23$ ocapro (Роздріб — скло дисплея iPhone 13 PRO MAX + T-OCA 125u ORIG 1:1) | 3.3$ ocapro (Опт — Скло дисплея iPhone 13 Pro Max + OCA ORIG 1:1 (Feaglet)) | 3.53$ ocapro (Роздріб — Скло дисплея iPhone 13 Pro Max + OCA ORIG 1:1 (Feaglet)) | 5.88$ ocapro (Опт — Скло дисплея iPhone 13 Pro Max+OCA ORIG 99%) | 6.29$ ocapro (Роздріб — Скло дисплея iPhone 13 Pro Max+OCA ORIG 99%)
U.069.000-005,Apple IPhone 13 Pro Max,Шлейф верхній з датчиком світла,0,,,
U.075.000-004,Apple IPhone 13 Pro Max,Шлейф кнопок гучності і вмикання,0,,,
U.076.000-001,Apple IPhone 13 Pro Max,Шлейф модулю Bluetooth/NFC,0,,,
U.079.000-003,Apple IPhone 13 Pro Max,Шлейф нижній із зарядним портом і мікрофоном,0,,,
U.082.000-005,,Шлейф модулю GPS,0,,,
U.081.000-011,Apple IPhone 13 Pro Max,Кришка корпусу задня без обвісу,18,7.05,ocapro,7.05$ ocapro (Опт — Задня кришка iPhone 13 PRO MAX Blue BIG) | 7.05$ ocapro (Опт — Задня кришка iPhone 13 PRO MAX Gold BIG) | 7.05$ ocapro (Опт — Задня кришка iPhone 13 PRO MAX Green BIG) | 7.05$ ocapro (Опт — Задня кришка iPhone 13 PRO MAX Space gray BIG) | 7.05$ ocapro (Опт — Задня кришка iPhone 13 PRO MAX White BIG) | 7.55$ ocapro (Роздріб — Задня кришка iPhone 13 PRO MAX Blue BIG) | 7.55$ ocapro (Роздріб — Задня кришка iPhone 13 PRO MAX Gold BIG) | 7.55$ ocapro (Роздріб — Задня кришка iPhone 13 PRO MAX Green BIG) | 7.55$ ocapro (Роздріб — Задня кришка iPhone 13 PRO MAX Space gray BIG) | 7.55$ ocapro (Роздріб — Задня кришка iPhone 13 PRO MAX White BIG) | 9.88$ ocapro (Опт — Задня кришка iPhone 13 PRO MAX Black) | 9.88$ ocapro (Опт — Задня кришка iPhone 13 PRO MAX Blue) | 9.88$ ocapro (Опт — Задня кришка iPhone 13 PRO MAX Gold) | 9.88$ ocapro (Опт — Задня кришка iPhone 13 PRO MAX White) | 10.58$ ocapro (Роздріб — Задня кришка iPhone 13 PRO MAX Black) | 10.58$ ocapro (Роздріб — Задня кришка iPhone 13 PRO MAX Blue) | 10.58$ ocapro (Роздріб — Задня кришка iPhone 13 PRO MAX Gold) | 10.58$ ocapro (Роздріб — Задня кришка iPhone 13 PRO MAX White)
U.081.000-012,Apple IPhone 13 Pro Max,Кришка корпусу задня без обвісу,18,7.05,ocapro,7.05$ ocapro (Опт — Задня кришка iPhone 13 PRO MAX Blue BIG) | 7.05$ ocapro (Опт — Задня кришка iPhone 13 PRO MAX Gold BIG) | 7.05$ ocapro (Опт — Задня кришка iPhone 13 PRO MAX Green BIG) | 7.05$ ocapro (Опт — Задня кришка iPhone 13 PRO MAX Space gray BIG) | 7.05$ ocapro (Опт — Задня кришка iPhone 13 PRO MAX White BIG) | 7.55$ ocapro (Роздріб — Задня кришка iPhone 13 PRO MAX Blue BIG) | 7.55$ ocapro (Роздріб — Задня кришка iPhone 13 PRO MAX Gold BIG) | 7.55$ ocapro (Роздріб — Задня кришка iPhone 13 PRO MAX Green BIG) | 7.55$ ocapro (Роздріб — Задня кришка iPhone 13 PRO MAX Space gray BIG) | 7.55$ ocapro (Роздріб — Задня кришка iPhone 13 PRO MAX White BIG) | 9.88$ ocapro (Опт — Задня кришка iPhone 13 PRO MAX Black) | 9.88$ ocapro (Опт — Задня кришка iPhone 13 PRO MAX Blue) | 9.88$ ocapro (Опт — Задня кришка iPhone 13 PRO MAX Gold) | 9.88$ ocapro (Опт — Задня кришка iPhone 13 PRO MAX White) | 10.58$ ocapro (Роздріб — Задня кришка iPhone 13 PRO MAX Black) | 10.58$ ocapro (Роздріб — Задня кришка iPhone 13 PRO MAX Blue) | 10.58$ ocapro (Роздріб — Задня кришка iPhone 13 PRO MAX Gold) | 10.58$ ocapro (Роздріб — Задня кришка iPhone 13 PRO MAX White)
U.081.000-013,Apple IPhone 13 Pro Max,Кришка корпусу задня без обвісу,18,7.05,ocapro,7.05$ ocapro (Опт — Задня кришка iPhone 13 PRO MAX Blue BIG) | 7.05$ ocapro (Опт — Задня кришка iPhone 13 PRO MAX Gold BIG) | 7.05$ ocapro (Опт — Задня кришка iPhone 13 PRO MAX Green BIG) | 7.05$ ocapro (Опт — Задня кришка iPhone 13 PRO MAX Space gray BIG) | 7.05$ ocapro (Опт — Задня кришка iPhone 13 PRO MAX White BIG) | 7.55$ ocapro (Роздріб — Задня кришка iPhone 13 PRO MAX Blue BIG) | 7.55$ ocapro (Роздріб — Задня кришка iPhone 13 PRO MAX Gold BIG) | 7.55$ ocapro (Роздріб — Задня кришка iPhone 13 PRO MAX Green BIG) | 7.55$ ocapro (Роздріб — Задня кришка iPhone 13 PRO MAX Space gray BIG) | 7.55$ ocapro (Роздріб — Задня кришка iPhone 13 PRO MAX White BIG) | 9.88$ ocapro (Опт — Задня кришка iPhone 13 PRO MAX Black) | 9.88$ ocapro (Опт — Задня кришка iPhone 13 PRO MAX Blue) | 9.88$ ocapro (Опт — Задня кришка iPhone 13 PRO MAX Gold) | 9.88$ ocapro (Опт — Задня кришка iPhone 13 PRO MAX White) | 10.58$ ocapro (Роздріб — Задня кришка iPhone 13 PRO MAX Black) | 10.58$ ocapro (Роздріб — Задня кришка iPhone 13 PRO MAX Blue) | 10.58$ ocapro (Роздріб — Задня кришка iPhone 13 PRO MAX Gold) | 10.58$ ocapro (Роздріб — Задня кришка iPhone 13 PRO MAX White)
U.081.000-014,Apple IPhone 13 Pro Max,Кришка корпусу задня без обвісу,18,7.05,ocapro,7.05$ ocapro (Опт — Задня кришка iPhone 13 PRO MAX Blue BIG) | 7.05$ ocapro (Опт — Задня кришка iPhone 13 PRO MAX Gold BIG) | 7.05$ ocapro (Опт — Задня кришка iPhone 13 PRO MAX Green BIG) | 7.05$ ocapro (Опт — Задня кришка iPhone 13 PRO MAX Space gray BIG) | 7.05$ ocapro (Опт — Задня кришка iPhone 13 PRO MAX White BIG) | 7.55$ ocapro (Роздріб — Задня кришка iPhone 13 PRO MAX Blue BIG) | 7.55$ ocapro (Роздріб — Задня кришка iPhone 13 PRO MAX Gold BIG) | 7.55$ ocapro (Роздріб — Задня кришка iPhone 13 PRO MAX Green BIG) | 7.55$ ocapro (Роздріб — Задня кришка iPhone 13 PRO MAX Space gray BIG) | 7.55$ ocapro (Роздріб — Задня кришка iPhone 13 PRO MAX White BIG) | 9.88$ ocapro (Опт — Задня кришка iPhone 13 PRO MAX Black) | 9.88$ ocapro (Опт — Задня кришка iPhone 13 PRO MAX Blue) | 9.88$ ocapro (Опт — Задня кришка iPhone 13 PRO MAX Gold) | 9.88$ ocapro (Опт — Задня кришка iPhone 13 PRO MAX White) | 10.58$ ocapro (Роздріб — Задня кришка iPhone 13 PRO MAX Black) | 10.58$ ocapro (Роздріб — Задня кришка iPhone 13 PRO MAX Blue) | 10.58$ ocapro (Роздріб — Задня кришка iPhone 13 PRO MAX Gold) | 10.58$ ocapro (Роздріб — Задня кришка iPhone 13 PRO MAX White)
U.084.000-012,Apple IPhone 13 Pro Max,Корпус смартфону в зборі,0,,,
U.084.000-013,Apple IPhone 13 Pro Max,Корпус смартфону в зборі,0,,,
U.084.000-014,Apple IPhone 13 Pro Max,Корпус смартфону в зборі,0,,,
U.084.000-089,Apple IPhone 13 Pro Max,Корпус смартфону в зборі,0,,,
U.084.000-095,Apple iPhone 13 Pro Max,Корпус смартфону в зборі,0,,,
U.084.000-096,Apple iPhone 14,Корпус смартфону в зборі,0,,,
U.084.000-097,Apple iPhone 14,Корпус смартфону в зборі,0,,,
U.084.000-098,Apple iPhone 14,Корпус смартфону в зборі,0,,,
U.084.000-099,Apple iPhone 14,Корпус смартфону в зборі,0,,,
U.084.000-100,Apple iPhone 14,Корпус смартфону в зборі,0,,,
U.084.000-101,Apple iPhone 14,Корпус смартфону в зборі,0,,,
U.085.000-002,Apple IPhone 13 Pro Max,Камера фронтальна без FaceID,0,,,
U.085.000-007,Apple IPhone 13 Pro Max,Камера фронтальна без FaceID,0,,,
U.136.000-002,"Apple IPhone 13 Pro Max, Apple IPhone 14 Pro Max",Плата програматора,0,,,
U.136.000-003,,Плата програматора,0,,,
U.136.000-004,,Плата програматора,0,,,
U.025.000-021,"Apple IPhone 13 Pro, Apple IPhone 13 Pro Max",Камера основна без лідару,0,,,
U.035.000-016,"Apple IPhone 13 Pro, Apple IPhone 13 Pro Max",Комплект скла основної камери,2,2.4,ocapro,2.4$ ocapro (Опт — Скло камери iPhone 13 Pro/13 Pro Max ORIG комплект 3 шт.) | 2.55$ ocapro (Роздріб — Скло камери iPhone 13 Pro/13 Pro Max ORIG комплект 3 шт.)
U.035.000-032,Apple iPhone 14,Комплект скла основної камери,2,1.39,ocapro,1.39$ ocapro (Опт — Скло камери iPhone 14 ORIG 2 шт.) | 1.49$ ocapro (Роздріб — Скло камери iPhone 14 ORIG 2 шт.)
U.035.000-036,Apple iPhone 14 Pro,Комплект скла основної камери,2,2.01,ocapro,2.01$ ocapro (Опт — Скло камери iPhone 14 Pro ORIG 3 шт.) | 2.16$ ocapro (Роздріб — Скло камери iPhone 14 Pro ORIG 3 шт.)
U.117.000-002,"Apple IPhone 13 Pro, Apple IPhone 13 Pro Max",Шлейф акумулятора,4,8.93,ocapro,8.93$ ocapro (Опт — JCID Tag-On Battery Repair iPhone 13 Pro/13 Pro Max) | 9.57$ ocapro (Роздріб — JCID Tag-On Battery Repair iPhone 13 Pro/13 Pro Max) | 13.75$ ocapro (Опт — JCID Face ID Tag-On Repair iPhone 13 Pro Max) | 14.74$ ocapro (Роздріб — JCID Face ID Tag-On Repair iPhone 13 Pro Max)
U.025.000-022,"Apple IPhone 13 Pro, Apple IPhone 13 Pro Max",Камера основна без лідару,0,,,
U.008.000-016,"Apple IPhone 13 Pro, Apple IPhone 14 Pro",АКБ без калібрування,9,8.51,ocapro,8.51$ ocapro (Опт — Акумулятор iPhone 14 pro ORIG Банка 3200 mAh стандартна ємність) | 9.17$ ocapro (Роздріб — Акумулятор iPhone 14 pro ORIG Банка 3200 mAh стандартна ємність) | 9.64$ ocapro (Опт — Акумулятор iPhone 14 Pro ORIG Банка підвищена ємність 3490 mAh (Logo)) | 9.88$ ocapro (Опт — Акумулятор iPhone 14 Pro ORIG Банка підвищена ємність 3490 mAh) | 10.0$ icracked (Банка (АКБ без контроллера)) | 10.32$ ocapro (Роздріб — Акумулятор iPhone 14 Pro ORIG Банка підвищена ємність 3490 mAh (Logo)) | 10.58$ ocapro (Роздріб — Акумулятор iPhone 14 Pro ORIG Банка підвищена ємність 3490 mAh) | 19.0$ icracked (Стандарт 🔄 вживана деталь 100% - 0 циклів) | 19.0$ icracked (Посилена 💪🏼 + лого🍏 🔄 вживана деталь 100% - 0 циклів)
U.061.000-022,"Apple IPhone 13, Apple IPhone 13 Pro",Скло дисплейного модулю,21,1.65,ocapro,1.65$ ocapro (Опт — Скло дисплея iPhone 13/13 Pro ORIG 1:1) | 1.76$ ocapro (Роздріб — Скло дисплея iPhone 13/13 Pro ORIG 1:1) | 1.88$ ocapro (Опт — Скло дисплея iPhone 13/13 Pro+OCA ORIG 1:1) | 1.9$ refparts (Великий опт — Скло+ОСА MUSTTBY iPhone 13/ 13 Pro) | 1.95$ refparts (Середній опт — Скло+ОСА MUSTTBY iPhone 13/ 13 Pro) | 2.0$ refparts (Дрібний опт — Скло+ОСА MUSTTBY iPhone 13/ 13 Pro) | 2.01$ ocapro (Роздріб — Скло дисплея iPhone 13/13 Pro+OCA ORIG 1:1) | 2.25$ refparts (Великий опт — Скло+ОСА G+OCA pro iPhone 13/ 13 Pro) | 2.3$ refparts (Середній опт — Скло+ОСА G+OCA pro iPhone 13/ 13 Pro) | 2.35$ refparts (Дрібний опт — Скло+ОСА G+OCA pro iPhone 13/ 13 Pro) | 2.5$ refparts (Великий опт — Скло+ОСА Feaglet iPhone 13/ 13 Pro) | 2.55$ refparts (Середній опт — Скло+ОСА Feaglet iPhone 13/ 13 Pro) | 2.6$ refparts (Дрібний опт — Скло+ОСА Feaglet iPhone 13/ 13 Pro) | 2.71$ ocapro (Опт — Скло дисплея iPhone 13/13 Pro+Polar+OCA ORIG 1:1) | 2.77$ ocapro (Опт — Скло дисплея iPhone 13/13 Pro+Т-OCA ORIG 1:1) | 2.83$ ocapro (Опт — Скло дисплея iPhone 13/13 Pro + OCA ORIG 1:1 (Feaglet)) | 2.9$ ocapro (Роздріб — Скло дисплея iPhone 13/13 Pro+Polar+OCA ORIG 1:1) | 2.96$ ocapro (Роздріб — Скло дисплея iPhone 13/13 Pro+Т-OCA ORIG 1:1) | 3.02$ ocapro (Роздріб — Скло дисплея iPhone 13/13 Pro + OCA ORIG 1:1 (Feaglet)) | 5.65$ ocapro (Опт — Скло дисплея iPhone 13/13 pro+OCA ORIG 99%) | 6.04$ ocapro (Роздріб — Скло дисплея iPhone 13/13 pro+OCA ORIG 99%)
U.101.000-002,"Apple IPhone 13, Apple IPhone 13 Pro, Apple IPhone 14, Apple IPhone 14 Pro",Плівка дисплею смартфону захисна,4,1.26,ocapro,1.26$ ocapro (Опт — Захисне скло дисплея iPhone 14 Pro W'element Gorilla 3D HD) | 1.34$ ocapro (Роздріб — Захисне скло дисплея iPhone 14 Pro W'element Gorilla 3D HD) | 8.47$ ocapro (Опт — Захисне скло Remax 3D GL-27 для iPhone 14 Pro) | 9.03$ ocapro (Роздріб — Захисне скло Remax 3D GL-27 для iPhone 14 Pro)
U.008.000-011,Apple IPhone 14,АКБ без калібрування,7,6.12,ocapro,6.12$ ocapro (Опт — Акумулятор iPhone 14 Банка 3279 mAh стандартна ємність) | 6.58$ ocapro (Роздріб — Акумулятор iPhone 14 Банка 3279 mAh стандартна ємність) | 7.5$ icracked (Банка (АКБ без контроллера)) | 7.53$ ocapro (Опт — Акумулятор iPhone 14 ORIG Банка підвищена ємність 3640 mAh) | 8.06$ ocapro (Роздріб — Акумулятор iPhone 14 ORIG Банка підвищена ємність 3640 mAh) | 15.0$ icracked (Стандарт 🔄 вживана деталь 100% - 0 циклів) | 16.0$ icracked (Посилена 💪🏼 + лого🍏 🔄 вживана деталь 100% - 0 циклів)
U.009.000-068,Apple IPhone 14,АКБ з калібруванням,5,10.82,ocapro,10.82$ ocapro (Опт — Акумулятор iPhone 14 ORIG 3640 mAh) | 11.58$ ocapro (Роздріб — Акумулятор iPhone 14 ORIG 3640 mAh) | 13.35$ ocapro (Опт — Акумулятор iPhone 14 ORIG IOS 18/26 без помилки 3640 mAh) | 14.24$ ocapro (Роздріб — Акумулятор iPhone 14 ORIG IOS 18/26 без помилки 3640 mAh) | 28.0$ icracked (Посилена 💪🏼З лого🍏 Genuine batteries ✅ Оригінальна деталь 100% - 0 циклів)
U.008.000-020,"Apple iPhone 14, Apple iPhone 15",АКБ без калібрування,9,6.12,ocapro,6.12$ ocapro (Опт — Акумулятор iPhone 15 ORIG Банка 3349 mAh стандартна ємність) | 6.58$ ocapro (Роздріб — Акумулятор iPhone 15 ORIG Банка 3349 mAh стандартна ємність) | 7.53$ ocapro (Опт — Акумулятор iPhone 15 ORIG Банка підвищена ємність 3640 mAh) | 7.76$ ocapro (Опт — Акумулятор iPhone 15 ORIG Банка підвищена ємність 3640 mAh (Logo)) | 8.06$ ocapro (Роздріб — Акумулятор iPhone 15 ORIG Банка підвищена ємність 3640 mAh) | 8.31$ ocapro (Роздріб — Акумулятор iPhone 15 ORIG Банка підвищена ємність 3640 mAh (Logo)) | 9.0$ icracked (Банка (АКБ без контроллера)) | 16.0$ icracked (Стандарт 🔄 вживана деталь 100% - 0 циклів) | 17.0$ icracked (Посилена 💪🏼 + лого🍏 🔄 вживана деталь 100% - 0 циклів)
U.019.000-008,Apple IPhone 14,Шлейф з датчиком наближення,0,,,
U.021.000-004,Apple IPhone 14,Динамік верхній (Speaker),0,,,
U.022.000-004,Apple IPhone 14,Динамік нижній (Buzzer),0,,,
U.023.000-040,Apple IPhone 14,Дисплейний модуль,0,,,
U.023.000-020,Apple IPhone 14,Дисплейний модуль,0,,,
U.023.000-080,Apple IPhone 14,Дисплейний модуль,0,,,
U.023.000-081,Apple IPhone 14,Дисплейний модуль,0,,,
U.024.000-001,Apple IPhone 14,Кришка корпусу задня з обвісом,0,,,
U.024.000-002,Apple IPhone 14,Кришка корпусу задня з обвісом,0,,,
U.024.000-003,Apple IPhone 14,Кришка корпусу задня з обвісом,0,,,
U.024.000-004,Apple IPhone 14,Кришка корпусу задня з обвісом,0,,,
U.024.000-005,Apple IPhone 14,Кришка корпусу задня з обвісом,0,,,
U.024.000-006,Apple IPhone 14,Кришка корпусу задня з обвісом,0,,,
U.025.000-002,Apple IPhone 14,Камера основна без лідару,0,,,
U.025.000-005,Apple IPhone 14,Камера основна без лідару,0,,,
U.035.000-001,Apple IPhone 14,Комплект скла основної камери,2,1.39,ocapro,1.39$ ocapro (Опт — Скло камери iPhone 14 ORIG 2 шт.) | 1.49$ ocapro (Роздріб — Скло камери iPhone 14 ORIG 2 шт.)
U.061-000.019,Apple IPhone 14,Скло дисплейного модулю,22,1.65,ocapro,1.65$ ocapro (Опт — Скло дисплея iPhone 14 ORIG 1:1) | 1.76$ ocapro (Роздріб — Скло дисплея iPhone 14 ORIG 1:1) | 1.9$ refparts (Великий опт — Скло+ОСА MUSTTBY iPhone 14) | 1.95$ refparts (Середній опт — Скло+ОСА MUSTTBY iPhone 14) | 2.0$ ocapro (Опт — Скло дисплея iPhone 14+OCA ORIG 1:1) | 2.15$ ocapro (Роздріб — Скло дисплея iPhone 14+OCA ORIG 1:1) | 2.15$ refparts (Великий опт — Скло+ОСА G+OCA pro iPhone 14) | 2.2$ refparts (Середній опт — Скло+ОСА G+OCA pro iPhone 14) | 2.25$ refparts (Дрібний опт — Скло+ОСА G+OCA pro iPhone 14) | 2.3$ refparts (Дрібний опт — Скло+ОСА MUSTTBY iPhone 14) | 2.5$ refparts (Великий опт — Скло+ОСА+поляр G+OCA pro iPhone 14) | 2.55$ refparts (Середній опт — Скло+ОСА+поляр G+OCA pro iPhone 14) | 2.6$ refparts (Дрібний опт — Скло+ОСА+поляр G+OCA pro iPhone 14) | 2.77$ ocapro (Опт — Скло дисплея iPhone 14+Т-OCA ORIG 1:1) | 2.85$ refparts (Великий опт — Скло+ОСА Feaglet iPhone 14) | 2.9$ refparts (Середній опт — Скло+ОСА Feaglet iPhone 14) | 2.95$ refparts (Дрібний опт — Скло+ОСА Feaglet iPhone 14) | 2.96$ ocapro (Роздріб — Скло дисплея iPhone 14+Т-OCA ORIG 1:1) | 3.06$ ocapro (Опт — Скло дисплея iPhone 14+Polar+OCA ORIG 1:1) | 3.27$ ocapro (Роздріб — Скло дисплея iPhone 14+Polar+OCA ORIG 1:1) | 3.3$ ocapro (Опт — Скло дисплея iPhone 14 + OCA ORIG 1:1 (Feaglet)) | 3.53$ ocapro (Роздріб — Скло дисплея iPhone 14 + OCA ORIG 1:1 (Feaglet))
U.061.000-028,Apple IPhone 14,Скло дисплейного модулю,22,1.65,ocapro,1.65$ ocapro (Опт — Скло дисплея iPhone 14 ORIG 1:1) | 1.76$ ocapro (Роздріб — Скло дисплея iPhone 14 ORIG 1:1) | 1.9$ refparts (Великий опт — Скло+ОСА MUSTTBY iPhone 14) | 1.95$ refparts (Середній опт — Скло+ОСА MUSTTBY iPhone 14) | 2.0$ ocapro (Опт — Скло дисплея iPhone 14+OCA ORIG 1:1) | 2.15$ ocapro (Роздріб — Скло дисплея iPhone 14+OCA ORIG 1:1) | 2.15$ refparts (Великий опт — Скло+ОСА G+OCA pro iPhone 14) | 2.2$ refparts (Середній опт — Скло+ОСА G+OCA pro iPhone 14) | 2.25$ refparts (Дрібний опт — Скло+ОСА G+OCA pro iPhone 14) | 2.3$ refparts (Дрібний опт — Скло+ОСА MUSTTBY iPhone 14) | 2.5$ refparts (Великий опт — Скло+ОСА+поляр G+OCA pro iPhone 14) | 2.55$ refparts (Середній опт — Скло+ОСА+поляр G+OCA pro iPhone 14) | 2.6$ refparts (Дрібний опт — Скло+ОСА+поляр G+OCA pro iPhone 14) | 2.77$ ocapro (Опт — Скло дисплея iPhone 14+Т-OCA ORIG 1:1) | 2.85$ refparts (Великий опт — Скло+ОСА Feaglet iPhone 14) | 2.9$ refparts (Середній опт — Скло+ОСА Feaglet iPhone 14) | 2.95$ refparts (Дрібний опт — Скло+ОСА Feaglet iPhone 14) | 2.96$ ocapro (Роздріб — Скло дисплея iPhone 14+Т-OCA ORIG 1:1) | 3.06$ ocapro (Опт — Скло дисплея iPhone 14+Polar+OCA ORIG 1:1) | 3.27$ ocapro (Роздріб — Скло дисплея iPhone 14+Polar+OCA ORIG 1:1) | 3.3$ ocapro (Опт — Скло дисплея iPhone 14 + OCA ORIG 1:1 (Feaglet)) | 3.53$ ocapro (Роздріб — Скло дисплея iPhone 14 + OCA ORIG 1:1 (Feaglet))
U.061.000-078,Apple IPhone 14,Скло дисплейного модулю,22,1.65,ocapro,1.65$ ocapro (Опт — Скло дисплея iPhone 14 ORIG 1:1) | 1.76$ ocapro (Роздріб — Скло дисплея iPhone 14 ORIG 1:1) | 1.9$ refparts (Великий опт — Скло+ОСА MUSTTBY iPhone 14) | 1.95$ refparts (Середній опт — Скло+ОСА MUSTTBY iPhone 14) | 2.0$ ocapro (Опт — Скло дисплея iPhone 14+OCA ORIG 1:1) | 2.15$ ocapro (Роздріб — Скло дисплея iPhone 14+OCA ORIG 1:1) | 2.15$ refparts (Великий опт — Скло+ОСА G+OCA pro iPhone 14) | 2.2$ refparts (Середній опт — Скло+ОСА G+OCA pro iPhone 14) | 2.25$ refparts (Дрібний опт — Скло+ОСА G+OCA pro iPhone 14) | 2.3$ refparts (Дрібний опт — Скло+ОСА MUSTTBY iPhone 14) | 2.5$ refparts (Великий опт — Скло+ОСА+поляр G+OCA pro iPhone 14) | 2.55$ refparts (Середній опт — Скло+ОСА+поляр G+OCA pro iPhone 14) | 2.6$ refparts (Дрібний опт — Скло+ОСА+поляр G+OCA pro iPhone 14) | 2.77$ ocapro (Опт — Скло дисплея iPhone 14+Т-OCA ORIG 1:1) | 2.85$ refparts (Великий опт — Скло+ОСА Feaglet iPhone 14) | 2.9$ refparts (Середній опт — Скло+ОСА Feaglet iPhone 14) | 2.95$ refparts (Дрібний опт — Скло+ОСА Feaglet iPhone 14) | 2.96$ ocapro (Роздріб — Скло дисплея iPhone 14+Т-OCA ORIG 1:1) | 3.06$ ocapro (Опт — Скло дисплея iPhone 14+Polar+OCA ORIG 1:1) | 3.27$ ocapro (Роздріб — Скло дисплея iPhone 14+Polar+OCA ORIG 1:1) | 3.3$ ocapro (Опт — Скло дисплея iPhone 14 + OCA ORIG 1:1 (Feaglet)) | 3.53$ ocapro (Роздріб — Скло дисплея iPhone 14 + OCA ORIG 1:1 (Feaglet))
U.066.000-001,Apple IPhone 14,Чіп захисту ДМ,0,,,
U.072.000-001,Apple IPhone 14,Шлейф із зарядкою та мікрофоном,0,,,
U.074.000-001,Apple IPhone 14,"Шлейф зі спалахом, мікрофоном і бездротовою зарядкою",0,,,
U.075.000-005,Apple IPhone 14,Шлейф кнопок гучності і вмикання,0,,,
U.076.000-002,Apple IPhone 14,Шлейф модулю Bluetooth/NFC,0,,,
U.078.000-001,Apple IPhone 14,Шлейф модулю WiFi,0,,,
U.080.000-001,Apple IPhone 14,Шлейф нижнього доку (в зборі),0,,,
U.085.000-003,Apple IPhone 14,Камера фронтальна без FaceID,0,,,
U.118.000-004,Apple IPhone 14,Трафарет,1,4.0,uparts,4.0$ uparts (Ціна — Трафарет Amaoe BGA 0.12mm Apple iPhone 14)
U.123.000-001,Apple IPhone 14,"Кришка корпусу задня зі склом камери, магнітами та NFC",0,,,
U.123.000-002,Apple IPhone 14,"Кришка корпусу задня зі склом камери, магнітами та NFC",0,,,
U.123.000-003,Apple IPhone 14,"Кришка корпусу задня зі склом камери, магнітами та NFC",0,,,
U.123.000-004,Apple IPhone 14,"Кришка корпусу задня зі склом камери, магнітами та NFC",0,,,
U.123.000-005,Apple IPhone 14,"Кришка корпусу задня зі склом камери, магнітами та NFC",0,,,
U.123.000-006,Apple IPhone 14,"Кришка корпусу задня зі склом камери, магнітами та NFC",0,,,
U.024.000-033,Apple IPhone 14,Кришка корпусу задня з обвісом,0,,,
U.024.000-036,Apple iPhone 14,Кришка корпусу задня з обвісом,0,,,
U.134.000-008,Apple IPhone 14,Рамка корпуса,0,,,
U.134.000-009,Apple IPhone 14,Рамка корпуса,0,,,
U.134.000-025,Apple IPhone 14,Рамка корпуса,0,,,
U.134.000-011,Apple IPhone 14,Рамка корпуса,0,,,
U.134.000-012,Apple IPhone 14,Рамка корпуса,0,,,
U.134.000-013,Apple IPhone 14,Рамка корпуса,0,,,
U.134.000-014,Apple IPhone 14,Рамка корпуса,0,,,
U.134.000-015,Apple IPhone 14,Рамка корпуса,0,,,
U.134.000-016,Apple IPhone 14,Рамка корпуса,0,,,
U.134.000-017,Apple IPhone 14,Рамка корпуса,0,,,
U.061.000-056,Apple IPhone 14,Скло дисплейного модулю,22,1.65,ocapro,1.65$ ocapro (Опт — Скло дисплея iPhone 14 ORIG 1:1) | 1.76$ ocapro (Роздріб — Скло дисплея iPhone 14 ORIG 1:1) | 1.9$ refparts (Великий опт — Скло+ОСА MUSTTBY iPhone 14) | 1.95$ refparts (Середній опт — Скло+ОСА MUSTTBY iPhone 14) | 2.0$ ocapro (Опт — Скло дисплея iPhone 14+OCA ORIG 1:1) | 2.15$ ocapro (Роздріб — Скло дисплея iPhone 14+OCA ORIG 1:1) | 2.15$ refparts (Великий опт — Скло+ОСА G+OCA pro iPhone 14) | 2.2$ refparts (Середній опт — Скло+ОСА G+OCA pro iPhone 14) | 2.25$ refparts (Дрібний опт — Скло+ОСА G+OCA pro iPhone 14) | 2.3$ refparts (Дрібний опт — Скло+ОСА MUSTTBY iPhone 14) | 2.5$ refparts (Великий опт — Скло+ОСА+поляр G+OCA pro iPhone 14) | 2.55$ refparts (Середній опт — Скло+ОСА+поляр G+OCA pro iPhone 14) | 2.6$ refparts (Дрібний опт — Скло+ОСА+поляр G+OCA pro iPhone 14) | 2.77$ ocapro (Опт — Скло дисплея iPhone 14+Т-OCA ORIG 1:1) | 2.85$ refparts (Великий опт — Скло+ОСА Feaglet iPhone 14) | 2.9$ refparts (Середній опт — Скло+ОСА Feaglet iPhone 14) | 2.95$ refparts (Дрібний опт — Скло+ОСА Feaglet iPhone 14) | 2.96$ ocapro (Роздріб — Скло дисплея iPhone 14+Т-OCA ORIG 1:1) | 3.06$ ocapro (Опт — Скло дисплея iPhone 14+Polar+OCA ORIG 1:1) | 3.27$ ocapro (Роздріб — Скло дисплея iPhone 14+Polar+OCA ORIG 1:1) | 3.3$ ocapro (Опт — Скло дисплея iPhone 14 + OCA ORIG 1:1 (Feaglet)) | 3.53$ ocapro (Роздріб — Скло дисплея iPhone 14 + OCA ORIG 1:1 (Feaglet))
U.061.000-069,Apple iPhone 14,Скло дисплейного модулю,22,1.65,ocapro,1.65$ ocapro (Опт — Скло дисплея iPhone 14 ORIG 1:1) | 1.76$ ocapro (Роздріб — Скло дисплея iPhone 14 ORIG 1:1) | 1.9$ refparts (Великий опт — Скло+ОСА MUSTTBY iPhone 14) | 1.95$ refparts (Середній опт — Скло+ОСА MUSTTBY iPhone 14) | 2.0$ ocapro (Опт — Скло дисплея iPhone 14+OCA ORIG 1:1) | 2.15$ ocapro (Роздріб — Скло дисплея iPhone 14+OCA ORIG 1:1) | 2.15$ refparts (Великий опт — Скло+ОСА G+OCA pro iPhone 14) | 2.2$ refparts (Середній опт — Скло+ОСА G+OCA pro iPhone 14) | 2.25$ refparts (Дрібний опт — Скло+ОСА G+OCA pro iPhone 14) | 2.3$ refparts (Дрібний опт — Скло+ОСА MUSTTBY iPhone 14) | 2.5$ refparts (Великий опт — Скло+ОСА+поляр G+OCA pro iPhone 14) | 2.55$ refparts (Середній опт — Скло+ОСА+поляр G+OCA pro iPhone 14) | 2.6$ refparts (Дрібний опт — Скло+ОСА+поляр G+OCA pro iPhone 14) | 2.77$ ocapro (Опт — Скло дисплея iPhone 14+Т-OCA ORIG 1:1) | 2.85$ refparts (Великий опт — Скло+ОСА Feaglet iPhone 14) | 2.9$ refparts (Середній опт — Скло+ОСА Feaglet iPhone 14) | 2.95$ refparts (Дрібний опт — Скло+ОСА Feaglet iPhone 14) | 2.96$ ocapro (Роздріб — Скло дисплея iPhone 14+Т-OCA ORIG 1:1) | 3.06$ ocapro (Опт — Скло дисплея iPhone 14+Polar+OCA ORIG 1:1) | 3.27$ ocapro (Роздріб — Скло дисплея iPhone 14+Polar+OCA ORIG 1:1) | 3.3$ ocapro (Опт — Скло дисплея iPhone 14 + OCA ORIG 1:1 (Feaglet)) | 3.53$ ocapro (Роздріб — Скло дисплея iPhone 14 + OCA ORIG 1:1 (Feaglet))
U.069.000-009,Apple IPhone 14,Шлейф верхній з датчиком світла,0,,,
U.154.000-001,Apple IPhone 14,Форма для пресу,0,,,
U.154.000-005,Apple IPhone 14,Форма для пресу,0,,,
U.008.000-010,Apple IPhone 14 Pro,АКБ без калібрування,9,8.51,ocapro,8.51$ ocapro (Опт — Акумулятор iPhone 14 pro ORIG Банка 3200 mAh стандартна ємність) | 9.17$ ocapro (Роздріб — Акумулятор iPhone 14 pro ORIG Банка 3200 mAh стандартна ємність) | 9.64$ ocapro (Опт — Акумулятор iPhone 14 Pro ORIG Банка підвищена ємність 3490 mAh (Logo)) | 9.88$ ocapro (Опт — Акумулятор iPhone 14 Pro ORIG Банка підвищена ємність 3490 mAh) | 10.0$ icracked (Банка (АКБ без контроллера)) | 10.32$ ocapro (Роздріб — Акумулятор iPhone 14 Pro ORIG Банка підвищена ємність 3490 mAh (Logo)) | 10.58$ ocapro (Роздріб — Акумулятор iPhone 14 Pro ORIG Банка підвищена ємність 3490 mAh) | 19.0$ icracked (Стандарт 🔄 вживана деталь 100% - 0 циклів) | 19.0$ icracked (Посилена 💪🏼 + лого🍏 🔄 вживана деталь 100% - 0 циклів)
U.009.000-069,Apple IPhone 14 Pro,АКБ з калібруванням,5,13.17,ocapro,13.17$ ocapro (Опт — Акумулятор iPhone 14 PRO ORIG 3490 mAh) | 14.1$ ocapro (Роздріб — Акумулятор iPhone 14 PRO ORIG 3490 mAh) | 16.12$ ocapro (Опт — Акумулятор iPhone 14 PRO ORIG IOS 18/26 без помилки 3490 mAh) | 17.19$ ocapro (Роздріб — Акумулятор iPhone 14 PRO ORIG IOS 18/26 без помилки 3490 mAh) | 35.0$ icracked (Посилена 💪🏼З лого🍏 Genuine batteries ✅ Оригінальна деталь 100% - 0 циклів)
U.009.000-003,Apple IPhone 14 Pro,АКБ з калібруванням,5,13.17,ocapro,13.17$ ocapro (Опт — Акумулятор iPhone 14 PRO ORIG 3490 mAh) | 14.1$ ocapro (Роздріб — Акумулятор iPhone 14 PRO ORIG 3490 mAh) | 16.12$ ocapro (Опт — Акумулятор iPhone 14 PRO ORIG IOS 18/26 без помилки 3490 mAh) | 17.19$ ocapro (Роздріб — Акумулятор iPhone 14 PRO ORIG IOS 18/26 без помилки 3490 mAh) | 35.0$ icracked (Посилена 💪🏼З лого🍏 Genuine batteries ✅ Оригінальна деталь 100% - 0 циклів)
U.009.000-009,Apple IPhone 14 Pro,АКБ з калібруванням,5,13.17,ocapro,13.17$ ocapro (Опт — Акумулятор iPhone 14 PRO ORIG 3490 mAh) | 14.1$ ocapro (Роздріб — Акумулятор iPhone 14 PRO ORIG 3490 mAh) | 16.12$ ocapro (Опт — Акумулятор iPhone 14 PRO ORIG IOS 18/26 без помилки 3490 mAh) | 17.19$ ocapro (Роздріб — Акумулятор iPhone 14 PRO ORIG IOS 18/26 без помилки 3490 mAh) | 35.0$ icracked (Посилена 💪🏼З лого🍏 Genuine batteries ✅ Оригінальна деталь 100% - 0 циклів)
U.009.000-012,Apple IPhone 14 Pro,АКБ з калібруванням,5,13.17,ocapro,13.17$ ocapro (Опт — Акумулятор iPhone 14 PRO ORIG 3490 mAh) | 14.1$ ocapro (Роздріб — Акумулятор iPhone 14 PRO ORIG 3490 mAh) | 16.12$ ocapro (Опт — Акумулятор iPhone 14 PRO ORIG IOS 18/26 без помилки 3490 mAh) | 17.19$ ocapro (Роздріб — Акумулятор iPhone 14 PRO ORIG IOS 18/26 без помилки 3490 mAh) | 35.0$ icracked (Посилена 💪🏼З лого🍏 Genuine batteries ✅ Оригінальна деталь 100% - 0 циклів)
U.009.000-079,Apple IPhone 14 Pro,АКБ з калібруванням,5,13.17,ocapro,13.17$ ocapro (Опт — Акумулятор iPhone 14 PRO ORIG 3490 mAh) | 14.1$ ocapro (Роздріб — Акумулятор iPhone 14 PRO ORIG 3490 mAh) | 16.12$ ocapro (Опт — Акумулятор iPhone 14 PRO ORIG IOS 18/26 без помилки 3490 mAh) | 17.19$ ocapro (Роздріб — Акумулятор iPhone 14 PRO ORIG IOS 18/26 без помилки 3490 mAh) | 35.0$ icracked (Посилена 💪🏼З лого🍏 Genuine batteries ✅ Оригінальна деталь 100% - 0 циклів)
U.014.000-003,Apple IPhone 14 Pro,Вібро-мотор,0,,,
U.014.000-011,Apple iPhone 14,Вібро-мотор,0,,,
U.016.000-001,Apple IPhone 14 Pro,Гвинти фіксуючі (дисплейні),0,,,
U.016.000-002,Apple IPhone 14 Pro,Гвинти фіксуючі (дисплейні),0,,,
U.016.000-003,Apple IPhone 14 Pro,Гвинти фіксуючі (дисплейні),0,,,
U.016.000-004,Apple IPhone 14 Pro,Гвинти фіксуючі (дисплейні),0,,,
U.016.000-047,Apple iPhone 14,Гвинти фіксуючі (дисплейні),0,,,
U.016.000-048,Apple iPhone 14,Гвинти фіксуючі (дисплейні),0,,,
U.016.000-049,Apple iPhone 14,Гвинти фіксуючі (дисплейні),0,,,
U.016.000-050,Apple iPhone 14,Гвинти фіксуючі (дисплейні),0,,,
U.016.000-051,Apple iPhone 14,Гвинти фіксуючі (дисплейні),0,,,
U.016.000-052,Apple iPhone 14,Гвинти фіксуючі (дисплейні),0,,,
U.021.000-005,Apple IPhone 14 Pro,Динамік верхній (Speaker),0,,,
U.022.000-005,Apple IPhone 14 Pro,Динамік нижній (Buzzer),0,,,
U.023.000-041,Apple IPhone 14 Pro,Дисплейний модуль,4,79.9,ocapro,79.9$ ocapro (Опт — Дисплей iPhone 14 Pro OLED Soft 120 Hz) | 85.61$ ocapro (Роздріб — Дисплей iPhone 14 Pro OLED Soft 120 Hz) | 155.11$ ocapro (Опт — Дисплей iPhone 14 Pro OLED DD) | 166.19$ ocapro (Роздріб — Дисплей iPhone 14 Pro OLED DD)
U.023.000-004,Apple IPhone 14 Pro,Дисплейний модуль,4,79.9,ocapro,79.9$ ocapro (Опт — Дисплей iPhone 14 Pro OLED Soft 120 Hz) | 85.61$ ocapro (Роздріб — Дисплей iPhone 14 Pro OLED Soft 120 Hz) | 155.11$ ocapro (Опт — Дисплей iPhone 14 Pro OLED DD) | 166.19$ ocapro (Роздріб — Дисплей iPhone 14 Pro OLED DD)
U.025.000-006,Apple IPhone 14 Pro,Камера основна без лідару,0,,,
U.025.000-026,Apple iPhone 14,Камера основна без лідару,0,,,
U.025.000-018,Apple IPhone 14 Pro,Камера основна без лідару,0,,,
U.026.000-002,Apple IPhone 14 Pro,Камера основна з лідаром,0,,,
U.033.000-002,Apple IPhone 14 Pro,Комплект кнопок регулювання гучності та увімкнення,0,,,
U.035.000-010,Apple IPhone 14 Pro,Комплект скла основної камери,2,2.01,ocapro,2.01$ ocapro (Опт — Скло камери iPhone 14 Pro ORIG 3 шт.) | 2.16$ ocapro (Роздріб — Скло камери iPhone 14 Pro ORIG 3 шт.)
U.035.000-019,Apple IPhone 14 Pro,Комплект скла основної камери,2,2.01,ocapro,2.01$ ocapro (Опт — Скло камери iPhone 14 Pro ORIG 3 шт.) | 2.16$ ocapro (Роздріб — Скло камери iPhone 14 Pro ORIG 3 шт.)
U.035.000-020,Apple IPhone 14 Pro,Комплект скла основної камери,2,2.01,ocapro,2.01$ ocapro (Опт — Скло камери iPhone 14 Pro ORIG 3 шт.) | 2.16$ ocapro (Роздріб — Скло камери iPhone 14 Pro ORIG 3 шт.)
U.040.000-007,Apple IPhone 14 Pro,Корпус смартфону з кнопками,0,,,
U.040.000-009,Apple IPhone 14 Pro,Корпус смартфону з кнопками,0,,,
U.042.000-003,Apple IPhone 14 Pro,Датчик лідар,0,,,
U.049.000-001,Apple IPhone 14 Pro,Проклейка для ДМ,0,,,
U.061.000-002,Apple IPhone 14 Pro,Скло дисплейного модулю,26,1.65,ocapro,1.65$ ocapro (Опт — Скло дисплея iPhone 14 Pro ORIG 1:1) | 1.76$ ocapro (Роздріб — Скло дисплея iPhone 14 Pro ORIG 1:1) | 1.9$ refparts (Великий опт — Скло+ОСА MUSTTBY iPhone 14 Pro) | 1.95$ refparts (Середній опт — Скло+ОСА MUSTTBY iPhone 14 Pro) | 2.0$ ocapro (Опт — Скло дисплея iPhone 14 PRO+OCA ORIG 1:1) | 2.0$ refparts (Дрібний опт — Скло+ОСА MUSTTBY iPhone 14 Pro) | 2.12$ ocapro (Опт — Скло дисплея iPhone 14 PRO+OCA (Anti UV) ORIG 1:1) | 2.15$ ocapro (Роздріб — Скло дисплея iPhone 14 PRO+OCA ORIG 1:1) | 2.15$ refparts (Великий опт — Скло+ОСА G+OCA pro iPhone 14 Pro) | 2.2$ refparts (Середній опт — Скло+ОСА G+OCA pro iPhone 14 Pro) | 2.25$ refparts (Дрібний опт — Скло+ОСА G+OCA pro iPhone 14 Pro) | 2.27$ ocapro (Роздріб — Скло дисплея iPhone 14 PRO+OCA (Anti UV) ORIG 1:1) | 2.5$ refparts (Великий опт — Скло+ОСА+поляр G+OCA pro iPhone 14 Pro) | 2.55$ refparts (Середній опт — Скло+ОСА+поляр G+OCA pro iPhone 14 Pro) | 2.6$ refparts (Дрібний опт — Скло+ОСА+поляр G+OCA pro iPhone 14 Pro) | 2.77$ ocapro (Опт — Скло дисплея iPhone 14 PRO+Т-OCA ORIG 1:1) | 2.83$ ocapro (Опт — Скло дисплея iPhone 14 Pro+Polar+OCA ORIG 1:1) | 2.9$ refparts (Великий опт — Скло+ОСА Feaglet iPhone 14 Pro) | 2.95$ refparts (Середній опт — Скло+ОСА Feaglet iPhone 14 Pro) | 2.96$ ocapro (Роздріб — Скло дисплея iPhone 14 PRO+Т-OCA ORIG 1:1) | 3.0$ refparts (Дрібний опт — Скло+ОСА Feaglet iPhone 14 Pro) | 3.02$ ocapro (Роздріб — Скло дисплея iPhone 14 Pro+Polar+OCA ORIG 1:1) | 3.53$ ocapro (Опт — Скло дисплея iPhone 14 Pro + OCA ORIG 1:1 (Feaglet)) | 3.78$ ocapro (Роздріб — Скло дисплея iPhone 14 Pro + OCA ORIG 1:1 (Feaglet)) | 6.35$ ocapro (Опт — Скло дисплея iPhone 14 pro+OCA ORIG 99%) | 6.8$ ocapro (Роздріб — Скло дисплея iPhone 14 pro+OCA ORIG 99%)
U.061.000-029,Apple IPhone 14 Pro,Скло дисплейного модулю,26,1.65,ocapro,1.65$ ocapro (Опт — Скло дисплея iPhone 14 Pro ORIG 1:1) | 1.76$ ocapro (Роздріб — Скло дисплея iPhone 14 Pro ORIG 1:1) | 1.9$ refparts (Великий опт — Скло+ОСА MUSTTBY iPhone 14 Pro) | 1.95$ refparts (Середній опт — Скло+ОСА MUSTTBY iPhone 14 Pro) | 2.0$ ocapro (Опт — Скло дисплея iPhone 14 PRO+OCA ORIG 1:1) | 2.0$ refparts (Дрібний опт — Скло+ОСА MUSTTBY iPhone 14 Pro) | 2.12$ ocapro (Опт — Скло дисплея iPhone 14 PRO+OCA (Anti UV) ORIG 1:1) | 2.15$ ocapro (Роздріб — Скло дисплея iPhone 14 PRO+OCA ORIG 1:1) | 2.15$ refparts (Великий опт — Скло+ОСА G+OCA pro iPhone 14 Pro) | 2.2$ refparts (Середній опт — Скло+ОСА G+OCA pro iPhone 14 Pro) | 2.25$ refparts (Дрібний опт — Скло+ОСА G+OCA pro iPhone 14 Pro) | 2.27$ ocapro (Роздріб — Скло дисплея iPhone 14 PRO+OCA (Anti UV) ORIG 1:1) | 2.5$ refparts (Великий опт — Скло+ОСА+поляр G+OCA pro iPhone 14 Pro) | 2.55$ refparts (Середній опт — Скло+ОСА+поляр G+OCA pro iPhone 14 Pro) | 2.6$ refparts (Дрібний опт — Скло+ОСА+поляр G+OCA pro iPhone 14 Pro) | 2.77$ ocapro (Опт — Скло дисплея iPhone 14 PRO+Т-OCA ORIG 1:1) | 2.83$ ocapro (Опт — Скло дисплея iPhone 14 Pro+Polar+OCA ORIG 1:1) | 2.9$ refparts (Великий опт — Скло+ОСА Feaglet iPhone 14 Pro) | 2.95$ refparts (Середній опт — Скло+ОСА Feaglet iPhone 14 Pro) | 2.96$ ocapro (Роздріб — Скло дисплея iPhone 14 PRO+Т-OCA ORIG 1:1) | 3.0$ refparts (Дрібний опт — Скло+ОСА Feaglet iPhone 14 Pro) | 3.02$ ocapro (Роздріб — Скло дисплея iPhone 14 Pro+Polar+OCA ORIG 1:1) | 3.53$ ocapro (Опт — Скло дисплея iPhone 14 Pro + OCA ORIG 1:1 (Feaglet)) | 3.78$ ocapro (Роздріб — Скло дисплея iPhone 14 Pro + OCA ORIG 1:1 (Feaglet)) | 6.35$ ocapro (Опт — Скло дисплея iPhone 14 pro+OCA ORIG 99%) | 6.8$ ocapro (Роздріб — Скло дисплея iPhone 14 pro+OCA ORIG 99%)
U.061.000-035,Apple IPhone 14 Pro,Скло дисплейного модулю,26,1.65,ocapro,1.65$ ocapro (Опт — Скло дисплея iPhone 14 Pro ORIG 1:1) | 1.76$ ocapro (Роздріб — Скло дисплея iPhone 14 Pro ORIG 1:1) | 1.9$ refparts (Великий опт — Скло+ОСА MUSTTBY iPhone 14 Pro) | 1.95$ refparts (Середній опт — Скло+ОСА MUSTTBY iPhone 14 Pro) | 2.0$ ocapro (Опт — Скло дисплея iPhone 14 PRO+OCA ORIG 1:1) | 2.0$ refparts (Дрібний опт — Скло+ОСА MUSTTBY iPhone 14 Pro) | 2.12$ ocapro (Опт — Скло дисплея iPhone 14 PRO+OCA (Anti UV) ORIG 1:1) | 2.15$ ocapro (Роздріб — Скло дисплея iPhone 14 PRO+OCA ORIG 1:1) | 2.15$ refparts (Великий опт — Скло+ОСА G+OCA pro iPhone 14 Pro) | 2.2$ refparts (Середній опт — Скло+ОСА G+OCA pro iPhone 14 Pro) | 2.25$ refparts (Дрібний опт — Скло+ОСА G+OCA pro iPhone 14 Pro) | 2.27$ ocapro (Роздріб — Скло дисплея iPhone 14 PRO+OCA (Anti UV) ORIG 1:1) | 2.5$ refparts (Великий опт — Скло+ОСА+поляр G+OCA pro iPhone 14 Pro) | 2.55$ refparts (Середній опт — Скло+ОСА+поляр G+OCA pro iPhone 14 Pro) | 2.6$ refparts (Дрібний опт — Скло+ОСА+поляр G+OCA pro iPhone 14 Pro) | 2.77$ ocapro (Опт — Скло дисплея iPhone 14 PRO+Т-OCA ORIG 1:1) | 2.83$ ocapro (Опт — Скло дисплея iPhone 14 Pro+Polar+OCA ORIG 1:1) | 2.9$ refparts (Великий опт — Скло+ОСА Feaglet iPhone 14 Pro) | 2.95$ refparts (Середній опт — Скло+ОСА Feaglet iPhone 14 Pro) | 2.96$ ocapro (Роздріб — Скло дисплея iPhone 14 PRO+Т-OCA ORIG 1:1) | 3.0$ refparts (Дрібний опт — Скло+ОСА Feaglet iPhone 14 Pro) | 3.02$ ocapro (Роздріб — Скло дисплея iPhone 14 Pro+Polar+OCA ORIG 1:1) | 3.53$ ocapro (Опт — Скло дисплея iPhone 14 Pro + OCA ORIG 1:1 (Feaglet)) | 3.78$ ocapro (Роздріб — Скло дисплея iPhone 14 Pro + OCA ORIG 1:1 (Feaglet)) | 6.35$ ocapro (Опт — Скло дисплея iPhone 14 pro+OCA ORIG 99%) | 6.8$ ocapro (Роздріб — Скло дисплея iPhone 14 pro+OCA ORIG 99%)
U.066.000-002,Apple IPhone 14 Pro,Чіп захисту ДМ,0,,,
U.067.000-001,Apple IPhone 14 Pro,Чіп захисту основної камери,0,,,
U.069.000-004,Apple IPhone 14 Pro,Шлейф верхній з датчиком світла,0,,,
U.074.000-002,Apple IPhone 14 Pro,"Шлейф зі спалахом, мікрофоном і бездротовою зарядкою",0,,,
U.075.000-006,Apple IPhone 14 Pro,Шлейф кнопок гучності і вмикання,0,,,
U.076.000-003,Apple IPhone 14 Pro,Шлейф модулю Bluetooth/NFC,0,,,
U.078.000-002,Apple IPhone 14 Pro,Шлейф модулю WiFi,0,,,
U.079.000-004,Apple IPhone 14 Pro,Шлейф нижній із зарядним портом і мікрофоном,0,,,
U.081.000-015,Apple IPhone 14 Pro,Кришка корпусу задня без обвісу,16,6.82,ocapro,6.82$ ocapro (Опт — Задня кришка iPhone 14 Pro Black BIG) | 6.82$ ocapro (Опт — Задня кришка iPhone 14 Pro Deep Purple BIG) | 6.82$ ocapro (Опт — Задня кришка iPhone 14 Pro Gold BIG) | 6.82$ ocapro (Опт — Задня кришка iPhone 14 Pro Silver BIG) | 7.3$ ocapro (Роздріб — Задня кришка iPhone 14 Pro Black BIG) | 7.3$ ocapro (Роздріб — Задня кришка iPhone 14 Pro Deep Purple BIG) | 7.3$ ocapro (Роздріб — Задня кришка iPhone 14 Pro Gold BIG) | 7.3$ ocapro (Роздріб — Задня кришка iPhone 14 Pro Silver BIG) | 9.64$ ocapro (Опт — Задня кришка iPhone 14 Pro Deep Purple) | 9.88$ ocapro (Опт — Задня кришка iPhone 14 Pro Gold) | 9.88$ ocapro (Опт — Задня кришка iPhone 14 Pro Silver) | 10.32$ ocapro (Роздріб — Задня кришка iPhone 14 Pro Deep Purple) | 10.58$ ocapro (Опт — Задня кришка iPhone 14 Pro Black) | 10.58$ ocapro (Роздріб — Задня кришка iPhone 14 Pro Gold) | 10.58$ ocapro (Роздріб — Задня кришка iPhone 14 Pro Silver) | 11.33$ ocapro (Роздріб — Задня кришка iPhone 14 Pro Black)
U.081.000-016,Apple IPhone 14 Pro,Кришка корпусу задня без обвісу,16,6.82,ocapro,6.82$ ocapro (Опт — Задня кришка iPhone 14 Pro Black BIG) | 6.82$ ocapro (Опт — Задня кришка iPhone 14 Pro Deep Purple BIG) | 6.82$ ocapro (Опт — Задня кришка iPhone 14 Pro Gold BIG) | 6.82$ ocapro (Опт — Задня кришка iPhone 14 Pro Silver BIG) | 7.3$ ocapro (Роздріб — Задня кришка iPhone 14 Pro Black BIG) | 7.3$ ocapro (Роздріб — Задня кришка iPhone 14 Pro Deep Purple BIG) | 7.3$ ocapro (Роздріб — Задня кришка iPhone 14 Pro Gold BIG) | 7.3$ ocapro (Роздріб — Задня кришка iPhone 14 Pro Silver BIG) | 9.64$ ocapro (Опт — Задня кришка iPhone 14 Pro Deep Purple) | 9.88$ ocapro (Опт — Задня кришка iPhone 14 Pro Gold) | 9.88$ ocapro (Опт — Задня кришка iPhone 14 Pro Silver) | 10.32$ ocapro (Роздріб — Задня кришка iPhone 14 Pro Deep Purple) | 10.58$ ocapro (Опт — Задня кришка iPhone 14 Pro Black) | 10.58$ ocapro (Роздріб — Задня кришка iPhone 14 Pro Gold) | 10.58$ ocapro (Роздріб — Задня кришка iPhone 14 Pro Silver) | 11.33$ ocapro (Роздріб — Задня кришка iPhone 14 Pro Black)
U.081.000-017,Apple IPhone 14 Pro,Кришка корпусу задня без обвісу,16,6.82,ocapro,6.82$ ocapro (Опт — Задня кришка iPhone 14 Pro Black BIG) | 6.82$ ocapro (Опт — Задня кришка iPhone 14 Pro Deep Purple BIG) | 6.82$ ocapro (Опт — Задня кришка iPhone 14 Pro Gold BIG) | 6.82$ ocapro (Опт — Задня кришка iPhone 14 Pro Silver BIG) | 7.3$ ocapro (Роздріб — Задня кришка iPhone 14 Pro Black BIG) | 7.3$ ocapro (Роздріб — Задня кришка iPhone 14 Pro Deep Purple BIG) | 7.3$ ocapro (Роздріб — Задня кришка iPhone 14 Pro Gold BIG) | 7.3$ ocapro (Роздріб — Задня кришка iPhone 14 Pro Silver BIG) | 9.64$ ocapro (Опт — Задня кришка iPhone 14 Pro Deep Purple) | 9.88$ ocapro (Опт — Задня кришка iPhone 14 Pro Gold) | 9.88$ ocapro (Опт — Задня кришка iPhone 14 Pro Silver) | 10.32$ ocapro (Роздріб — Задня кришка iPhone 14 Pro Deep Purple) | 10.58$ ocapro (Опт — Задня кришка iPhone 14 Pro Black) | 10.58$ ocapro (Роздріб — Задня кришка iPhone 14 Pro Gold) | 10.58$ ocapro (Роздріб — Задня кришка iPhone 14 Pro Silver) | 11.33$ ocapro (Роздріб — Задня кришка iPhone 14 Pro Black)
U.081.000-018,Apple IPhone 14 Pro,Кришка корпусу задня без обвісу,16,6.82,ocapro,6.82$ ocapro (Опт — Задня кришка iPhone 14 Pro Black BIG) | 6.82$ ocapro (Опт — Задня кришка iPhone 14 Pro Deep Purple BIG) | 6.82$ ocapro (Опт — Задня кришка iPhone 14 Pro Gold BIG) | 6.82$ ocapro (Опт — Задня кришка iPhone 14 Pro Silver BIG) | 7.3$ ocapro (Роздріб — Задня кришка iPhone 14 Pro Black BIG) | 7.3$ ocapro (Роздріб — Задня кришка iPhone 14 Pro Deep Purple BIG) | 7.3$ ocapro (Роздріб — Задня кришка iPhone 14 Pro Gold BIG) | 7.3$ ocapro (Роздріб — Задня кришка iPhone 14 Pro Silver BIG) | 9.64$ ocapro (Опт — Задня кришка iPhone 14 Pro Deep Purple) | 9.88$ ocapro (Опт — Задня кришка iPhone 14 Pro Gold) | 9.88$ ocapro (Опт — Задня кришка iPhone 14 Pro Silver) | 10.32$ ocapro (Роздріб — Задня кришка iPhone 14 Pro Deep Purple) | 10.58$ ocapro (Опт — Задня кришка iPhone 14 Pro Black) | 10.58$ ocapro (Роздріб — Задня кришка iPhone 14 Pro Gold) | 10.58$ ocapro (Роздріб — Задня кришка iPhone 14 Pro Silver) | 11.33$ ocapro (Роздріб — Задня кришка iPhone 14 Pro Black)
U.082.000-004,Apple IPhone 14 Pro,Шлейф модулю GPS,0,,,
U.084.000-015,Apple IPhone 14 Pro,Корпус смартфону в зборі,0,,,
U.084.000-016,Apple IPhone 14 Pro,Корпус смартфону в зборі,0,,,
U.084.000-017,Apple IPhone 14 Pro,Корпус смартфону в зборі,0,,,
U.084.000-019,Apple IPhone 14 Pro,Корпус смартфону в зборі,0,,,
U.084.000-030,Apple IPhone 14 Pro,Корпус смартфону в зборі,0,,,
U.084.000-031,Apple IPhone 14 Pro,Корпус смартфону в зборі,0,,,
U.084.000-032,Apple IPhone 14 Pro,Корпус смартфону в зборі,0,,,
U.084.000-033,Apple IPhone 14 Pro,Корпус смартфону в зборі,0,,,
U.085.000-004,Apple IPhone 14 Pro,Камера фронтальна без FaceID,0,,,
U.084.000-090,Apple IPhone 14 Pro,Корпус смартфону в зборі,0,,,
U.144.000-001,Apple IPhone 14 Pro,Гвинти фіксуючі (корпусні),0,,,
U.144.000-002,Apple IPhone 14 Pro,Гвинти фіксуючі (корпусні),0,,,
U.144.000-003,Apple IPhone 14 Pro,Гвинти фіксуючі (корпусні),0,,,
U.144.000-004,Apple IPhone 14 Pro,Гвинти фіксуючі (корпусні),0,,,
U.049.000-020,Apple IPhone 14 Pro,Проклейка для ДМ,0,,,
U.049.000-027,Apple iPhone 14,Проклейка для ДМ,0,,,
U.009.000-087,Apple IPhone 14 Pro,АКБ з калібруванням,5,13.17,ocapro,13.17$ ocapro (Опт — Акумулятор iPhone 14 PRO ORIG 3490 mAh) | 14.1$ ocapro (Роздріб — Акумулятор iPhone 14 PRO ORIG 3490 mAh) | 16.12$ ocapro (Опт — Акумулятор iPhone 14 PRO ORIG IOS 18/26 без помилки 3490 mAh) | 17.19$ ocapro (Роздріб — Акумулятор iPhone 14 PRO ORIG IOS 18/26 без помилки 3490 mAh) | 35.0$ icracked (Посилена 💪🏼З лого🍏 Genuine batteries ✅ Оригінальна деталь 100% - 0 циклів)
U.154.000-006,Apple IPhone 14 Pro,Форма для пресу,0,,,
U.169.000-001,Apple IPhone 14 Pro,Шлейф основної камери,0,,,
U.169.000-002,,Шлейф основної камери,0,,,
U.009.000-070,Apple IPhone 14 Pro Max,АКБ з калібруванням,6,15.52,ocapro,15.52$ ocapro (Опт — Акумулятор iPhone 14 PRO MAX ORIG 4870 mAh) | 16.62$ ocapro (Роздріб — Акумулятор iPhone 14 PRO MAX ORIG 4870 mAh) | 17.88$ ocapro (Опт — Акумулятор iPhone 14 PRO MAX ORIG IOS 18/26 без помилки 4870 mAh) | 19.08$ ocapro (Роздріб — Акумулятор iPhone 14 PRO MAX ORIG IOS 18/26 без помилки 4870 mAh) | 27.3$ uparts (Ціна — Кабели с платой активации QianLi iPower Pro Max 7th V2.2 для подключения плат и АКБ iPhone 6 - 14 Pro Max) | 37.0$ icracked (Посилена 💪🏼З лого🍏 Genuine batteries ✅ Оригінальна деталь 100% - 0 циклів)
U.009.000-004,Apple IPhone 14 Pro Max,АКБ з калібруванням,6,15.52,ocapro,15.52$ ocapro (Опт — Акумулятор iPhone 14 PRO MAX ORIG 4870 mAh) | 16.62$ ocapro (Роздріб — Акумулятор iPhone 14 PRO MAX ORIG 4870 mAh) | 17.88$ ocapro (Опт — Акумулятор iPhone 14 PRO MAX ORIG IOS 18/26 без помилки 4870 mAh) | 19.08$ ocapro (Роздріб — Акумулятор iPhone 14 PRO MAX ORIG IOS 18/26 без помилки 4870 mAh) | 27.3$ uparts (Ціна — Кабели с платой активации QianLi iPower Pro Max 7th V2.2 для подключения плат и АКБ iPhone 6 - 14 Pro Max) | 37.0$ icracked (Посилена 💪🏼З лого🍏 Genuine batteries ✅ Оригінальна деталь 100% - 0 циклів)
U.009.000-013,Apple IPhone 14 Pro Max,АКБ з калібруванням,6,15.52,ocapro,15.52$ ocapro (Опт — Акумулятор iPhone 14 PRO MAX ORIG 4870 mAh) | 16.62$ ocapro (Роздріб — Акумулятор iPhone 14 PRO MAX ORIG 4870 mAh) | 17.88$ ocapro (Опт — Акумулятор iPhone 14 PRO MAX ORIG IOS 18/26 без помилки 4870 mAh) | 19.08$ ocapro (Роздріб — Акумулятор iPhone 14 PRO MAX ORIG IOS 18/26 без помилки 4870 mAh) | 27.3$ uparts (Ціна — Кабели с платой активации QianLi iPower Pro Max 7th V2.2 для подключения плат и АКБ iPhone 6 - 14 Pro Max) | 37.0$ icracked (Посилена 💪🏼З лого🍏 Genuine batteries ✅ Оригінальна деталь 100% - 0 циклів)
U.009.000-017,Apple IPhone 14 Pro Max,АКБ з калібруванням,6,15.52,ocapro,15.52$ ocapro (Опт — Акумулятор iPhone 14 PRO MAX ORIG 4870 mAh) | 16.62$ ocapro (Роздріб — Акумулятор iPhone 14 PRO MAX ORIG 4870 mAh) | 17.88$ ocapro (Опт — Акумулятор iPhone 14 PRO MAX ORIG IOS 18/26 без помилки 4870 mAh) | 19.08$ ocapro (Роздріб — Акумулятор iPhone 14 PRO MAX ORIG IOS 18/26 без помилки 4870 mAh) | 27.3$ uparts (Ціна — Кабели с платой активации QianLi iPower Pro Max 7th V2.2 для подключения плат и АКБ iPhone 6 - 14 Pro Max) | 37.0$ icracked (Посилена 💪🏼З лого🍏 Genuine batteries ✅ Оригінальна деталь 100% - 0 циклів)
U.009.000-018,Apple IPhone 14 Pro Max,АКБ з калібруванням,6,15.52,ocapro,15.52$ ocapro (Опт — Акумулятор iPhone 14 PRO MAX ORIG 4870 mAh) | 16.62$ ocapro (Роздріб — Акумулятор iPhone 14 PRO MAX ORIG 4870 mAh) | 17.88$ ocapro (Опт — Акумулятор iPhone 14 PRO MAX ORIG IOS 18/26 без помилки 4870 mAh) | 19.08$ ocapro (Роздріб — Акумулятор iPhone 14 PRO MAX ORIG IOS 18/26 без помилки 4870 mAh) | 27.3$ uparts (Ціна — Кабели с платой активации QianLi iPower Pro Max 7th V2.2 для подключения плат и АКБ iPhone 6 - 14 Pro Max) | 37.0$ icracked (Посилена 💪🏼З лого🍏 Genuine batteries ✅ Оригінальна деталь 100% - 0 циклів)
U.016.000-005,Apple IPhone 14 Pro Max,Гвинти фіксуючі (дисплейні),0,,,
U.016.000-006,Apple IPhone 14 Pro Max,Гвинти фіксуючі (дисплейні),0,,,
U.016.000-007,Apple IPhone 14 Pro Max,Гвинти фіксуючі (дисплейні),0,,,
U.017.000-001,Apple IPhone 14 Pro Max,Датчик Face ID,0,,,
U.020.000-001,Apple IPhone 14 Pro Max,Датчик освітелння,0,,,
U.020.000-008,Apple iPhone 14,Датчик освітелння,0,,,
U.021.000-006,Apple IPhone 14 Pro Max,Динамік верхній (Speaker),0,,,
U.022.000-006,Apple IPhone 14 Pro Max,Динамік нижній (Buzzer),0,,,
U.023.000-042,Apple IPhone 14 Pro Max,Дисплейний модуль,4,79.9,ocapro,79.9$ ocapro (Опт — Дисплей iPhone 14 Pro Max OLED Soft 120 Hz) | 85.61$ ocapro (Роздріб — Дисплей iPhone 14 Pro Max OLED Soft 120 Hz) | 331.37$ ocapro (Опт — Дисплей iPhone 14 Pro Max OLED) | 355.04$ ocapro (Роздріб — Дисплей iPhone 14 Pro Max OLED)
U.023.000-005,Apple IPhone 14 Pro Max,Дисплейний модуль,4,79.9,ocapro,79.9$ ocapro (Опт — Дисплей iPhone 14 Pro Max OLED Soft 120 Hz) | 85.61$ ocapro (Роздріб — Дисплей iPhone 14 Pro Max OLED Soft 120 Hz) | 331.37$ ocapro (Опт — Дисплей iPhone 14 Pro Max OLED) | 355.04$ ocapro (Роздріб — Дисплей iPhone 14 Pro Max OLED)
U.023.000-055,Apple IPhone 14 Pro Max,Дисплейний модуль,4,79.9,ocapro,79.9$ ocapro (Опт — Дисплей iPhone 14 Pro Max OLED Soft 120 Hz) | 85.61$ ocapro (Роздріб — Дисплей iPhone 14 Pro Max OLED Soft 120 Hz) | 331.37$ ocapro (Опт — Дисплей iPhone 14 Pro Max OLED) | 355.04$ ocapro (Роздріб — Дисплей iPhone 14 Pro Max OLED)
U.023.000-059,Apple IPhone 14 Pro Max,Дисплейний модуль,4,79.9,ocapro,79.9$ ocapro (Опт — Дисплей iPhone 14 Pro Max OLED Soft 120 Hz) | 85.61$ ocapro (Роздріб — Дисплей iPhone 14 Pro Max OLED Soft 120 Hz) | 331.37$ ocapro (Опт — Дисплей iPhone 14 Pro Max OLED) | 355.04$ ocapro (Роздріб — Дисплей iPhone 14 Pro Max OLED)
U.023.000-060,Apple IPhone 14 Pro Max,Дисплейний модуль,4,79.9,ocapro,79.9$ ocapro (Опт — Дисплей iPhone 14 Pro Max OLED Soft 120 Hz) | 85.61$ ocapro (Роздріб — Дисплей iPhone 14 Pro Max OLED Soft 120 Hz) | 331.37$ ocapro (Опт — Дисплей iPhone 14 Pro Max OLED) | 355.04$ ocapro (Роздріб — Дисплей iPhone 14 Pro Max OLED)
U.023.000-062,Apple IPhone 14 Pro Max,Дисплейний модуль,4,79.9,ocapro,79.9$ ocapro (Опт — Дисплей iPhone 14 Pro Max OLED Soft 120 Hz) | 85.61$ ocapro (Роздріб — Дисплей iPhone 14 Pro Max OLED Soft 120 Hz) | 331.37$ ocapro (Опт — Дисплей iPhone 14 Pro Max OLED) | 355.04$ ocapro (Роздріб — Дисплей iPhone 14 Pro Max OLED)
U.025.000-007,Apple IPhone 14 Pro Max,Камера основна без лідару,0,,,
U.023.000-074,Apple IPhone 14 Pro Max,Дисплейний модуль,4,79.9,ocapro,79.9$ ocapro (Опт — Дисплей iPhone 14 Pro Max OLED Soft 120 Hz) | 85.61$ ocapro (Роздріб — Дисплей iPhone 14 Pro Max OLED Soft 120 Hz) | 331.37$ ocapro (Опт — Дисплей iPhone 14 Pro Max OLED) | 355.04$ ocapro (Роздріб — Дисплей iPhone 14 Pro Max OLED)
U.026.000-003,Apple IPhone 14 Pro Max,Камера основна з лідаром,0,,,
U.033.000-003,Apple IPhone 14 Pro Max,Комплект кнопок регулювання гучності та увімкнення,0,,,
U.035.000-002,Apple IPhone 14 Pro Max,Комплект скла основної камери,2,2.01,ocapro,2.01$ ocapro (Опт — Скло камери iPhone 14 Pro Max ORIG 3 шт.) | 2.16$ ocapro (Роздріб — Скло камери iPhone 14 Pro Max ORIG 3 шт.)
U.037.000-001,Apple IPhone 14 Pro Max,Корпус смартфону в зборі без магніту,0,,,
U.040.000-001,Apple IPhone 14 Pro Max,Корпус смартфону з кнопками,0,,,
U.040.000-002,Apple IPhone 14 Pro Max,Корпус смартфону з кнопками,0,,,
U.042.000-004,Apple IPhone 14 Pro Max,Датчик лідар,0,,,
U.049.000-002,Apple IPhone 14 Pro Max,Проклейка для ДМ,0,,,
U.061.000-003,Apple IPhone 14 Pro Max,Скло дисплейного модулю,28,1.76,ocapro,1.76$ ocapro (Опт — Скло дисплея iPhone 14 Pro Max ORIG 1:1) | 1.89$ ocapro (Роздріб — Скло дисплея iPhone 14 Pro Max ORIG 1:1) | 2.0$ refparts (Великий опт — Скло+ОСА MUSTTBY iPhone 14 Pro Max) | 2.05$ refparts (Середній опт — Скло+ОСА MUSTTBY iPhone 14 Pro Max) | 2.1$ refparts (Дрібний опт — Скло+ОСА MUSTTBY iPhone 14 Pro Max) | 2.12$ ocapro (Опт — Скло дисплея iPhone 14 Pro Max +OCA ORIG 1:1) | 2.24$ ocapro (Опт — Скло дисплея iPhone 14 Pro Max+OCA ORIG 1:1 ZM) | 2.25$ refparts (Великий опт — Скло+ОСА G+OCA pro iPhone 14 Pro Max) | 2.27$ ocapro (Роздріб — Скло дисплея iPhone 14 Pro Max +OCA ORIG 1:1) | 2.3$ refparts (Середній опт — Скло+ОСА G+OCA pro iPhone 14 Pro Max) | 2.35$ ocapro (Опт — Скло дисплея iPhone 14 Pro Max+OCA (Anti UV) ORIG 1:1) | 2.35$ refparts (Дрібний опт — Скло+ОСА G+OCA pro iPhone 14 Pro Max) | 2.4$ ocapro (Роздріб — Скло дисплея iPhone 14 Pro Max+OCA ORIG 1:1 ZM) | 2.5$ refparts (Великий опт — Скло+ОСА+поляр G+OCA pro iPhone 14 Pro Max) | 2.52$ ocapro (Роздріб — Скло дисплея iPhone 14 Pro Max+OCA (Anti UV) ORIG 1:1) | 2.55$ refparts (Середній опт — Скло+ОСА+поляр G+OCA pro iPhone 14 Pro Max) | 2.6$ refparts (Дрібний опт — Скло+ОСА+поляр G+OCA pro iPhone 14 Pro Max) | 2.83$ ocapro (Опт — Скло дисплея iPhone 14 Pro Max+Polar+OCA ORIG 1:1) | 3.02$ ocapro (Роздріб — Скло дисплея iPhone 14 Pro Max+Polar+OCA ORIG 1:1) | 3.02$ ocapro (Опт — скло дисплея iPhone 14 Pro Max + T-OCA 125u ORIG 1:1) | 3.15$ refparts (Великий опт — Скло+ОСА Feaglet iPhone 14 Pro Max) | 3.2$ refparts (Середній опт — Скло+ОСА Feaglet iPhone 14 Pro Max) | 3.23$ ocapro (Роздріб — скло дисплея iPhone 14 Pro Max + T-OCA 125u ORIG 1:1) | 3.25$ refparts (Дрібний опт — Скло+ОСА Feaglet iPhone 14 Pro Max) | 3.53$ ocapro (Опт — Скло дисплея iPhone 14 Pro Max + OCA ORIG 1:1 (Feaglet)) | 3.78$ ocapro (Роздріб — Скло дисплея iPhone 14 Pro Max + OCA ORIG 1:1 (Feaglet)) | 6.82$ ocapro (Опт — Скло дисплея iPhone 14 pro max+OCA ORIG 99%) | 7.3$ ocapro (Роздріб — Скло дисплея iPhone 14 pro max+OCA ORIG 99%)
U.061.000-042,Apple IPhone 14 Pro Max,Скло дисплейного модулю,28,1.76,ocapro,1.76$ ocapro (Опт — Скло дисплея iPhone 14 Pro Max ORIG 1:1) | 1.89$ ocapro (Роздріб — Скло дисплея iPhone 14 Pro Max ORIG 1:1) | 2.0$ refparts (Великий опт — Скло+ОСА MUSTTBY iPhone 14 Pro Max) | 2.05$ refparts (Середній опт — Скло+ОСА MUSTTBY iPhone 14 Pro Max) | 2.1$ refparts (Дрібний опт — Скло+ОСА MUSTTBY iPhone 14 Pro Max) | 2.12$ ocapro (Опт — Скло дисплея iPhone 14 Pro Max +OCA ORIG 1:1) | 2.24$ ocapro (Опт — Скло дисплея iPhone 14 Pro Max+OCA ORIG 1:1 ZM) | 2.25$ refparts (Великий опт — Скло+ОСА G+OCA pro iPhone 14 Pro Max) | 2.27$ ocapro (Роздріб — Скло дисплея iPhone 14 Pro Max +OCA ORIG 1:1) | 2.3$ refparts (Середній опт — Скло+ОСА G+OCA pro iPhone 14 Pro Max) | 2.35$ ocapro (Опт — Скло дисплея iPhone 14 Pro Max+OCA (Anti UV) ORIG 1:1) | 2.35$ refparts (Дрібний опт — Скло+ОСА G+OCA pro iPhone 14 Pro Max) | 2.4$ ocapro (Роздріб — Скло дисплея iPhone 14 Pro Max+OCA ORIG 1:1 ZM) | 2.5$ refparts (Великий опт — Скло+ОСА+поляр G+OCA pro iPhone 14 Pro Max) | 2.52$ ocapro (Роздріб — Скло дисплея iPhone 14 Pro Max+OCA (Anti UV) ORIG 1:1) | 2.55$ refparts (Середній опт — Скло+ОСА+поляр G+OCA pro iPhone 14 Pro Max) | 2.6$ refparts (Дрібний опт — Скло+ОСА+поляр G+OCA pro iPhone 14 Pro Max) | 2.83$ ocapro (Опт — Скло дисплея iPhone 14 Pro Max+Polar+OCA ORIG 1:1) | 3.02$ ocapro (Роздріб — Скло дисплея iPhone 14 Pro Max+Polar+OCA ORIG 1:1) | 3.02$ ocapro (Опт — скло дисплея iPhone 14 Pro Max + T-OCA 125u ORIG 1:1) | 3.15$ refparts (Великий опт — Скло+ОСА Feaglet iPhone 14 Pro Max) | 3.2$ refparts (Середній опт — Скло+ОСА Feaglet iPhone 14 Pro Max) | 3.23$ ocapro (Роздріб — скло дисплея iPhone 14 Pro Max + T-OCA 125u ORIG 1:1) | 3.25$ refparts (Дрібний опт — Скло+ОСА Feaglet iPhone 14 Pro Max) | 3.53$ ocapro (Опт — Скло дисплея iPhone 14 Pro Max + OCA ORIG 1:1 (Feaglet)) | 3.78$ ocapro (Роздріб — Скло дисплея iPhone 14 Pro Max + OCA ORIG 1:1 (Feaglet)) | 6.82$ ocapro (Опт — Скло дисплея iPhone 14 pro max+OCA ORIG 99%) | 7.3$ ocapro (Роздріб — Скло дисплея iPhone 14 pro max+OCA ORIG 99%)
U.066.000-003,Apple IPhone 14 Pro Max,Чіп захисту ДМ,0,,,
U.066.000-004,Apple IPhone 14 Pro Max,Чіп захисту ДМ,0,,,
U.069.000-002,Apple IPhone 14 Pro Max,Шлейф верхній з датчиком світла,0,,,
U.074.000-003,Apple IPhone 14 Pro Max,"Шлейф зі спалахом, мікрофоном і бездротовою зарядкою",0,,,
U.075.000-007,Apple IPhone 14 Pro Max,Шлейф кнопок гучності і вмикання,0,,,
U.076.000-004,Apple IPhone 14 Pro Max,Шлейф модулю Bluetooth/NFC,0,,,
U.078.000-003,Apple IPhone 14 Pro Max,Шлейф модулю WiFi,0,,,
U.079.000-005,Apple IPhone 14 Pro Max,Шлейф нижній із зарядним портом і мікрофоном,0,,,
U.081.000-019,Apple IPhone 14 Pro Max,Кришка корпусу задня без обвісу,16,7.29,ocapro,7.29$ ocapro (Опт — Задня кришка iPhone 14 Pro Max Deep Purple  BIG) | 7.53$ ocapro (Опт — Задня кришка iPhone 14 Pro Max Black BIG) | 7.53$ ocapro (Опт — Задня кришка iPhone 14 Pro Max Gold BIG) | 7.53$ ocapro (Опт — Задня кришка iPhone 14 Pro Max Silver BIG) | 7.81$ ocapro (Роздріб — Задня кришка iPhone 14 Pro Max Deep Purple  BIG) | 8.06$ ocapro (Роздріб — Задня кришка iPhone 14 Pro Max Black BIG) | 8.06$ ocapro (Роздріб — Задня кришка iPhone 14 Pro Max Gold BIG) | 8.06$ ocapro (Роздріб — Задня кришка iPhone 14 Pro Max Silver BIG) | 10.11$ ocapro (Опт — Задня кришка iPhone 14 Pro Max Gold) | 10.82$ ocapro (Опт — Задня кришка iPhone 14 Pro Max Black) | 10.82$ ocapro (Опт — Задня кришка iPhone 14 Pro Max Deep Purple) | 10.82$ ocapro (Опт — Задня кришка iPhone 14 Pro Max Silver) | 10.83$ ocapro (Роздріб — Задня кришка iPhone 14 Pro Max Gold) | 11.58$ ocapro (Роздріб — Задня кришка iPhone 14 Pro Max Black) | 11.58$ ocapro (Роздріб — Задня кришка iPhone 14 Pro Max Deep Purple) | 11.58$ ocapro (Роздріб — Задня кришка iPhone 14 Pro Max Silver)
U.081.000-020,Apple IPhone 14 Pro Max,Кришка корпусу задня без обвісу,16,7.29,ocapro,7.29$ ocapro (Опт — Задня кришка iPhone 14 Pro Max Deep Purple  BIG) | 7.53$ ocapro (Опт — Задня кришка iPhone 14 Pro Max Black BIG) | 7.53$ ocapro (Опт — Задня кришка iPhone 14 Pro Max Gold BIG) | 7.53$ ocapro (Опт — Задня кришка iPhone 14 Pro Max Silver BIG) | 7.81$ ocapro (Роздріб — Задня кришка iPhone 14 Pro Max Deep Purple  BIG) | 8.06$ ocapro (Роздріб — Задня кришка iPhone 14 Pro Max Black BIG) | 8.06$ ocapro (Роздріб — Задня кришка iPhone 14 Pro Max Gold BIG) | 8.06$ ocapro (Роздріб — Задня кришка iPhone 14 Pro Max Silver BIG) | 10.11$ ocapro (Опт — Задня кришка iPhone 14 Pro Max Gold) | 10.82$ ocapro (Опт — Задня кришка iPhone 14 Pro Max Black) | 10.82$ ocapro (Опт — Задня кришка iPhone 14 Pro Max Deep Purple) | 10.82$ ocapro (Опт — Задня кришка iPhone 14 Pro Max Silver) | 10.83$ ocapro (Роздріб — Задня кришка iPhone 14 Pro Max Gold) | 11.58$ ocapro (Роздріб — Задня кришка iPhone 14 Pro Max Black) | 11.58$ ocapro (Роздріб — Задня кришка iPhone 14 Pro Max Deep Purple) | 11.58$ ocapro (Роздріб — Задня кришка iPhone 14 Pro Max Silver)
U.081.000-021,Apple IPhone 14 Pro Max,Кришка корпусу задня без обвісу,16,7.29,ocapro,7.29$ ocapro (Опт — Задня кришка iPhone 14 Pro Max Deep Purple  BIG) | 7.53$ ocapro (Опт — Задня кришка iPhone 14 Pro Max Black BIG) | 7.53$ ocapro (Опт — Задня кришка iPhone 14 Pro Max Gold BIG) | 7.53$ ocapro (Опт — Задня кришка iPhone 14 Pro Max Silver BIG) | 7.81$ ocapro (Роздріб — Задня кришка iPhone 14 Pro Max Deep Purple  BIG) | 8.06$ ocapro (Роздріб — Задня кришка iPhone 14 Pro Max Black BIG) | 8.06$ ocapro (Роздріб — Задня кришка iPhone 14 Pro Max Gold BIG) | 8.06$ ocapro (Роздріб — Задня кришка iPhone 14 Pro Max Silver BIG) | 10.11$ ocapro (Опт — Задня кришка iPhone 14 Pro Max Gold) | 10.82$ ocapro (Опт — Задня кришка iPhone 14 Pro Max Black) | 10.82$ ocapro (Опт — Задня кришка iPhone 14 Pro Max Deep Purple) | 10.82$ ocapro (Опт — Задня кришка iPhone 14 Pro Max Silver) | 10.83$ ocapro (Роздріб — Задня кришка iPhone 14 Pro Max Gold) | 11.58$ ocapro (Роздріб — Задня кришка iPhone 14 Pro Max Black) | 11.58$ ocapro (Роздріб — Задня кришка iPhone 14 Pro Max Deep Purple) | 11.58$ ocapro (Роздріб — Задня кришка iPhone 14 Pro Max Silver)
U.081.000-022,Apple IPhone 14 Pro Max,Кришка корпусу задня без обвісу,16,7.29,ocapro,7.29$ ocapro (Опт — Задня кришка iPhone 14 Pro Max Deep Purple  BIG) | 7.53$ ocapro (Опт — Задня кришка iPhone 14 Pro Max Black BIG) | 7.53$ ocapro (Опт — Задня кришка iPhone 14 Pro Max Gold BIG) | 7.53$ ocapro (Опт — Задня кришка iPhone 14 Pro Max Silver BIG) | 7.81$ ocapro (Роздріб — Задня кришка iPhone 14 Pro Max Deep Purple  BIG) | 8.06$ ocapro (Роздріб — Задня кришка iPhone 14 Pro Max Black BIG) | 8.06$ ocapro (Роздріб — Задня кришка iPhone 14 Pro Max Gold BIG) | 8.06$ ocapro (Роздріб — Задня кришка iPhone 14 Pro Max Silver BIG) | 10.11$ ocapro (Опт — Задня кришка iPhone 14 Pro Max Gold) | 10.82$ ocapro (Опт — Задня кришка iPhone 14 Pro Max Black) | 10.82$ ocapro (Опт — Задня кришка iPhone 14 Pro Max Deep Purple) | 10.82$ ocapro (Опт — Задня кришка iPhone 14 Pro Max Silver) | 10.83$ ocapro (Роздріб — Задня кришка iPhone 14 Pro Max Gold) | 11.58$ ocapro (Роздріб — Задня кришка iPhone 14 Pro Max Black) | 11.58$ ocapro (Роздріб — Задня кришка iPhone 14 Pro Max Deep Purple) | 11.58$ ocapro (Роздріб — Задня кришка iPhone 14 Pro Max Silver)
U.082.000-002,Apple IPhone 14 Pro Max,Шлейф модулю GPS,0,,,
U.084.000-034,Apple IPhone 14 Pro Max,Корпус смартфону в зборі,0,,,
U.084.000-035,Apple IPhone 14 Pro Max,Корпус смартфону в зборі,0,,,
U.084.000-036,Apple IPhone 14 Pro Max,Корпус смартфону в зборі,0,,,
U.084.000-037,Apple IPhone 14 Pro Max,Корпус смартфону в зборі,0,,,
U.085.000-005,Apple IPhone 14 Pro Max,Камера фронтальна без FaceID,0,,,
U.135.000-001,Apple IPhone 14 Pro Max,Антена модуля GPS,0,,,
U.144.000-005,Apple IPhone 14 Pro Max,Гвинти фіксуючі (корпусні),0,,,
U.144.000-006,Apple IPhone 14 Pro Max,Гвинти фіксуючі (корпусні),0,,,
U.144.000-007,Apple IPhone 14 Pro Max,Гвинти фіксуючі (корпусні),0,,,
U.144.000-008,Apple IPhone 14 Pro Max,Гвинти фіксуючі (корпусні),0,,,
U.148.000-001,Apple IPhone 14 Pro Max,Шлейф дисплея,0,,,
U.049.000-023,Apple IPhone 14 Pro Max,Проклейка для ДМ,0,,,
U.049.000-024,Apple IPhone 14 Pro Max,Проклейка для ДМ,0,,,
U.027.000-014,Apple IPhone 14 Pro Max,Камера фронтальна з FaceID,0,,,
U.154.000-007,Apple IPhone 14 Pro Max,Форма для пресу,0,,,
U.154.000-028,Apple iPhone 13 Pro Max,Форма для пресу,0,,,
U.086.000-002,"Apple IPhone 14 Pro, Apple IPhone 14 Pro Max",Шлейф програмування АКБ,0,,,
U.117.000-004,"Apple IPhone 14 Pro, Apple IPhone 14 Pro Max, Apple IPhone 13 Pro, Apple IPhone 13 Pro Max",Шлейф акумулятора,4,8.93,ocapro,8.93$ ocapro (Опт — JCID Tag-On Battery Repair iPhone 13 Pro/13 Pro Max) | 9.57$ ocapro (Роздріб — JCID Tag-On Battery Repair iPhone 13 Pro/13 Pro Max) | 13.75$ ocapro (Опт — JCID Face ID Tag-On Repair iPhone 13 Pro Max) | 14.74$ ocapro (Роздріб — JCID Face ID Tag-On Repair iPhone 13 Pro Max)
U.117.000-006,"Apple IPhone 14, Apple IPhone 14 Plus",Шлейф акумулятора,2,16.22,ocapro,16.22$ ocapro (Опт — JCID Face ID Tag-On Repair iPhone 14 Plus) | 17.37$ ocapro (Роздріб — JCID Face ID Tag-On Repair iPhone 14 Plus)
U.117.000-009,"Apple iPhone 13 Pro, Apple iPhone 13 Pro Max",Шлейф акумулятора,4,8.93,ocapro,8.93$ ocapro (Опт — JCID Tag-On Battery Repair iPhone 13 Pro/13 Pro Max) | 9.57$ ocapro (Роздріб — JCID Tag-On Battery Repair iPhone 13 Pro/13 Pro Max) | 13.75$ ocapro (Опт — JCID Face ID Tag-On Repair iPhone 13 Pro Max) | 14.74$ ocapro (Роздріб — JCID Face ID Tag-On Repair iPhone 13 Pro Max)
U.131.000-006,"Apple IPhone 14, Apple IPhone 14 Plus",Шлейф фронтальної камери,0,,,
U.131.000-009,,Шлейф фронтальної камери,0,,,
U.008.000-017,"Apple IPhone 14, Apple IPhone 15",АКБ без калібрування,9,6.12,ocapro,6.12$ ocapro (Опт — Акумулятор iPhone 15 ORIG Банка 3349 mAh стандартна ємність) | 6.58$ ocapro (Роздріб — Акумулятор iPhone 15 ORIG Банка 3349 mAh стандартна ємність) | 7.53$ ocapro (Опт — Акумулятор iPhone 15 ORIG Банка підвищена ємність 3640 mAh) | 7.76$ ocapro (Опт — Акумулятор iPhone 15 ORIG Банка підвищена ємність 3640 mAh (Logo)) | 8.06$ ocapro (Роздріб — Акумулятор iPhone 15 ORIG Банка підвищена ємність 3640 mAh) | 8.31$ ocapro (Роздріб — Акумулятор iPhone 15 ORIG Банка підвищена ємність 3640 mAh (Logo)) | 9.0$ icracked (Банка (АКБ без контроллера)) | 16.0$ icracked (Стандарт 🔄 вживана деталь 100% - 0 циклів) | 17.0$ icracked (Посилена 💪🏼 + лого🍏 🔄 вживана деталь 100% - 0 циклів)
U.009.000-071,Apple IPhone 15,АКБ з калібруванням,5,11.06,ocapro,11.06$ ocapro (Опт — Акумулятор iPhone 15 ORIG 3640 mAh) | 11.83$ ocapro (Роздріб — Акумулятор iPhone 15 ORIG 3640 mAh) | 13.6$ ocapro (Опт — Акумулятор iPhone 15 ORIG IOS 18/26 без помилки 3640 mAh) | 14.51$ ocapro (Роздріб — Акумулятор iPhone 15 ORIG IOS 18/26 без помилки 3640 mAh) | 30.0$ icracked (Посилена 💪🏼З лого🍏 Genuine batteries ✅ Оригінальна деталь 100% - 0 циклів)
U.009.000-090,Apple iPhone 15,АКБ з калібруванням,5,11.06,ocapro,11.06$ ocapro (Опт — Акумулятор iPhone 15 ORIG 3640 mAh) | 11.83$ ocapro (Роздріб — Акумулятор iPhone 15 ORIG 3640 mAh) | 13.6$ ocapro (Опт — Акумулятор iPhone 15 ORIG IOS 18/26 без помилки 3640 mAh) | 14.51$ ocapro (Роздріб — Акумулятор iPhone 15 ORIG IOS 18/26 без помилки 3640 mAh) | 30.0$ icracked (Посилена 💪🏼З лого🍏 Genuine batteries ✅ Оригінальна деталь 100% - 0 циклів)
U.009.000-005,Apple IPhone 15,АКБ з калібруванням,5,11.06,ocapro,11.06$ ocapro (Опт — Акумулятор iPhone 15 ORIG 3640 mAh) | 11.83$ ocapro (Роздріб — Акумулятор iPhone 15 ORIG 3640 mAh) | 13.6$ ocapro (Опт — Акумулятор iPhone 15 ORIG IOS 18/26 без помилки 3640 mAh) | 14.51$ ocapro (Роздріб — Акумулятор iPhone 15 ORIG IOS 18/26 без помилки 3640 mAh) | 30.0$ icracked (Посилена 💪🏼З лого🍏 Genuine batteries ✅ Оригінальна деталь 100% - 0 циклів)
U.016.000-024,Apple IPhone 15,Гвинти фіксуючі (дисплейні),0,,,
U.020.000-002,Apple IPhone 15,Датчик освітелння,0,,,
U.021.000-007,Apple IPhone 15,Динамік верхній (Speaker),0,,,
U.022.000-007,Apple IPhone 15,Динамік нижній (Buzzer),0,,,
U.023.000-006,Apple IPhone 15,Дисплейний модуль,0,,,
U.023.000-021,Apple IPhone 15,Дисплейний модуль,0,,,
U.024.000-007,Apple IPhone 15,Кришка корпусу задня з обвісом,0,,,
U.024.000-008,Apple IPhone 15,Кришка корпусу задня з обвісом,0,,,
U.024.000-009,Apple IPhone 15,Кришка корпусу задня з обвісом,0,,,
U.024.000-010,Apple IPhone 15,Кришка корпусу задня з обвісом,0,,,
U.024.000-011,Apple IPhone 15,Кришка корпусу задня з обвісом,0,,,
U.025.000-003,Apple IPhone 15,Камера основна без лідару,0,,,
U.025.000-016,Apple IPhone 15,Камера основна без лідару,0,,,
U.027.000-001,Apple IPhone 15,Камера фронтальна з FaceID,0,,,
U.033.000-004,Apple IPhone 15,Комплект кнопок регулювання гучності та увімкнення,0,,,
U.035.000-011,Apple IPhone 15,Комплект скла основної камери,2,1.39,ocapro,1.39$ ocapro (Опт — Скло камери iPhone 15 ORIG 2 шт.) | 1.49$ ocapro (Роздріб — Скло камери iPhone 15 ORIG 2 шт.)
U.035.000-026,Apple IPhone 15,Комплект скла основної камери,2,1.39,ocapro,1.39$ ocapro (Опт — Скло камери iPhone 15 ORIG 2 шт.) | 1.49$ ocapro (Роздріб — Скло камери iPhone 15 ORIG 2 шт.)
U.037.000-002,Apple IPhone 15,Корпус смартфону в зборі без магніту,0,,,
U.037.000-003,Apple IPhone 15,Корпус смартфону в зборі без магніту,0,,,
U.037.000-004,Apple IPhone 15,Корпус смартфону в зборі без магніту,0,,,
U.037.000-005,Apple IPhone 15,Корпус смартфону в зборі без магніту,0,,,
U.037.000-006,Apple IPhone 15,Корпус смартфону в зборі без магніту,0,,,
U.040.000-004,Apple IPhone 15,Корпус смартфону з кнопками,0,,,
U.040.000-005,Apple IPhone 15,Корпус смартфону з кнопками,0,,,
U.040.000-006,Apple IPhone 15,Корпус смартфону з кнопками,0,,,
U.049.000-007,Apple IPhone 15,Проклейка для ДМ,0,,,
U.050.000-001,Apple IPhone 15,Проклейка корпусна,0,,,
U.061.000-004,Apple IPhone 15,Скло дисплейного модулю,22,2.0,ocapro,2.0$ ocapro (Опт — Скло дисплея iPhone 15+OCA ORIG 1:1) | 2.15$ ocapro (Роздріб — Скло дисплея iPhone 15+OCA ORIG 1:1) | 2.2$ refparts (Великий опт — Скло+ОСА MUSTTBY iPhone 15) | 2.25$ refparts (Великий опт — Скло+ОСА G+OCA pro iPhone 15) | 2.25$ refparts (Середній опт — Скло+ОСА MUSTTBY iPhone 15) | 2.3$ refparts (Середній опт — Скло+ОСА G+OCA pro iPhone 15) | 2.3$ refparts (Дрібний опт — Скло+ОСА MUSTTBY iPhone 15) | 2.35$ ocapro (Опт — Скло дисплея iPhone 15+OCA ORIG 1:1 ZM) | 2.35$ refparts (Дрібний опт — Скло+ОСА G+OCA pro iPhone 15) | 2.52$ ocapro (Роздріб — Скло дисплея iPhone 15+OCA ORIG 1:1 ZM) | 2.7$ refparts (Великий опт — Скло+ОСА+поляр G+OCA pro iPhone 15) | 2.75$ refparts (Середній опт — Скло+ОСА+поляр G+OCA pro iPhone 15) | 2.8$ refparts (Дрібний опт — Скло+ОСА+поляр G+OCA pro iPhone 15) | 3.15$ ocapro (Опт — скло дисплея iPhone 15 + T-OCA 125u ORIG 1:1) | 3.15$ refparts (Великий опт — Скло+ОСА Feaglet iPhone 15) | 3.2$ refparts (Середній опт — Скло+ОСА Feaglet iPhone 15) | 3.25$ refparts (Дрібний опт — Скло+ОСА Feaglet iPhone 15) | 3.36$ ocapro (Роздріб — скло дисплея iPhone 15 + T-OCA 125u ORIG 1:1) | 3.53$ ocapro (Опт — Скло дисплея iPhone 15+Polar+OCA ORIG 1:1) | 3.76$ ocapro (Опт — Скло дисплея iPhone 15 + OCA ORIG 1:1 (Feaglet)) | 3.78$ ocapro (Роздріб — Скло дисплея iPhone 15+Polar+OCA ORIG 1:1) | 4.03$ ocapro (Роздріб — Скло дисплея iPhone 15 + OCA ORIG 1:1 (Feaglet))
U.061.000-070,Apple iPhone 15 Plus,Скло дисплейного модулю,21,0.7,refparts,0.7$ refparts (Великий опт — Скло+ОСА iPhone 15 Plus під оригінал) | 0.7$ refparts (Середній опт — Скло+ОСА iPhone 15 Plus під оригінал) | 0.7$ refparts (Дрібний опт — Скло+ОСА iPhone 15 Plus під оригінал) | 2.12$ ocapro (Опт — Скло дисплея iPhone 15 Plus+OCA ORIG 1:1) | 2.27$ ocapro (Роздріб — Скло дисплея iPhone 15 Plus+OCA ORIG 1:1) | 2.3$ refparts (Великий опт — Скло+ОСА MUSTTBY iPhone 15 Plus) | 2.35$ refparts (Великий опт — Скло+ОСА G+OCA pro iPhone 15 Plus) | 2.35$ refparts (Середній опт — Скло+ОСА MUSTTBY iPhone 15 Plus) | 2.4$ refparts (Середній опт — Скло+ОСА G+OCA pro iPhone 15 Plus) | 2.4$ refparts (Дрібний опт — Скло+ОСА MUSTTBY iPhone 15 Plus) | 2.45$ refparts (Дрібний опт — Скло+ОСА G+OCA pro iPhone 15 Plus) | 2.7$ refparts (Великий опт — Скло+ОСА+поляр G+OCA pro iPhone 15 Plus) | 2.75$ refparts (Середній опт — Скло+ОСА+поляр G+OCA pro iPhone 15 Plus) | 2.8$ refparts (Дрібний опт — Скло+ОСА+поляр G+OCA pro iPhone 15 Plus) | 2.9$ ocapro (Опт — скло дисплея iPhone 15 Plus + T-OCA 125u ORIG 1:1) | 3.09$ ocapro (Роздріб — скло дисплея iPhone 15 Plus + T-OCA 125u ORIG 1:1) | 3.25$ refparts (Великий опт — Скло+ОСА Feaglet iPhone 15 Plus) | 3.3$ refparts (Середній опт — Скло+ОСА Feaglet iPhone 15 Plus) | 3.35$ refparts (Дрібний опт — Скло+ОСА Feaglet iPhone 15 Plus) | 3.53$ ocapro (Опт — Скло дисплея iPhone 15 Plus+Polar+OCA ORIG 1:1) | 3.78$ ocapro (Роздріб — Скло дисплея iPhone 15 Plus+Polar+OCA ORIG 1:1)
U.061.000-027,Apple IPhone 15,Скло дисплейного модулю,22,2.0,ocapro,2.0$ ocapro (Опт — Скло дисплея iPhone 15+OCA ORIG 1:1) | 2.15$ ocapro (Роздріб — Скло дисплея iPhone 15+OCA ORIG 1:1) | 2.2$ refparts (Великий опт — Скло+ОСА MUSTTBY iPhone 15) | 2.25$ refparts (Великий опт — Скло+ОСА G+OCA pro iPhone 15) | 2.25$ refparts (Середній опт — Скло+ОСА MUSTTBY iPhone 15) | 2.3$ refparts (Середній опт — Скло+ОСА G+OCA pro iPhone 15) | 2.3$ refparts (Дрібний опт — Скло+ОСА MUSTTBY iPhone 15) | 2.35$ ocapro (Опт — Скло дисплея iPhone 15+OCA ORIG 1:1 ZM) | 2.35$ refparts (Дрібний опт — Скло+ОСА G+OCA pro iPhone 15) | 2.52$ ocapro (Роздріб — Скло дисплея iPhone 15+OCA ORIG 1:1 ZM) | 2.7$ refparts (Великий опт — Скло+ОСА+поляр G+OCA pro iPhone 15) | 2.75$ refparts (Середній опт — Скло+ОСА+поляр G+OCA pro iPhone 15) | 2.8$ refparts (Дрібний опт — Скло+ОСА+поляр G+OCA pro iPhone 15) | 3.15$ ocapro (Опт — скло дисплея iPhone 15 + T-OCA 125u ORIG 1:1) | 3.15$ refparts (Великий опт — Скло+ОСА Feaglet iPhone 15) | 3.2$ refparts (Середній опт — Скло+ОСА Feaglet iPhone 15) | 3.25$ refparts (Дрібний опт — Скло+ОСА Feaglet iPhone 15) | 3.36$ ocapro (Роздріб — скло дисплея iPhone 15 + T-OCA 125u ORIG 1:1) | 3.53$ ocapro (Опт — Скло дисплея iPhone 15+Polar+OCA ORIG 1:1) | 3.76$ ocapro (Опт — Скло дисплея iPhone 15 + OCA ORIG 1:1 (Feaglet)) | 3.78$ ocapro (Роздріб — Скло дисплея iPhone 15+Polar+OCA ORIG 1:1) | 4.03$ ocapro (Роздріб — Скло дисплея iPhone 15 + OCA ORIG 1:1 (Feaglet))
U.068.000-002,Apple IPhone 15,Шлейф бездротової зарядки,0,,,
U.068.000-006,Apple IPhone 15,Шлейф бездротової зарядки,0,,,
U.075.000-008,Apple IPhone 15,Шлейф кнопок гучності і вмикання,0,,,
U.075.000-012,Apple IPhone 15,Шлейф кнопок гучності і вмикання,0,,,
U.079.000-006,Apple IPhone 15,Шлейф нижній із зарядним портом і мікрофоном,0,,,
U.081.000-023,Apple IPhone 15,Кришка корпусу задня без обвісу,21,9.64,ocapro,9.64$ ocapro (Опт — Задня кришка iPhone 15 Black + camera+frame+magnet) | 9.88$ ocapro (Опт — Задня кришка iPhone 15 Pink+ camera+frame+magnet) | 10.32$ ocapro (Роздріб — Задня кришка iPhone 15 Black + camera+frame+magnet) | 10.58$ ocapro (Опт — Задня кришка iPhone 15 Green + camera+frame+magnet) | 10.58$ ocapro (Роздріб — Задня кришка iPhone 15 Pink+ camera+frame+magnet) | 11.33$ ocapro (Роздріб — Задня кришка iPhone 15 Green + camera+frame+magnet) | 11.75$ ocapro (Опт — Задня кришка iPhone 15 Blue + camera+frame+magnet) | 12.0$ levelparts (𝐂кло корпусу iPhone) | 12.59$ ocapro (Роздріб — Задня кришка iPhone 15 Blue + camera+frame+magnet) | 13.63$ ocapro (Опт — Задня кришка iPhone 15 Black BIG) | 13.63$ ocapro (Опт — Задня кришка iPhone 15 Blue BIG) | 13.63$ ocapro (Опт — Задня кришка iPhone 15 Green BIG) | 13.63$ ocapro (Опт — Задня кришка iPhone 15 Pink BIG) | 13.63$ ocapro (Опт — Задня кришка iPhone 15 Yellow BIG) | 14.6$ ocapro (Роздріб — Задня кришка iPhone 15 Black BIG) | 14.6$ ocapro (Роздріб — Задня кришка iPhone 15 Blue BIG) | 14.6$ ocapro (Роздріб — Задня кришка iPhone 15 Green BIG) | 14.6$ ocapro (Роздріб — Задня кришка iPhone 15 Pink BIG) | 14.6$ ocapro (Роздріб — Задня кришка iPhone 15 Yellow BIG) | 20.92$ ocapro (Опт — Задня кришка iPhone 15 Yelliow+ camera+frame+magnet) | 22.41$ ocapro (Роздріб — Задня кришка iPhone 15 Yelliow+ camera+frame+magnet)
U.081.000-024,Apple IPhone 15,Кришка корпусу задня без обвісу,21,9.64,ocapro,9.64$ ocapro (Опт — Задня кришка iPhone 15 Black + camera+frame+magnet) | 9.88$ ocapro (Опт — Задня кришка iPhone 15 Pink+ camera+frame+magnet) | 10.32$ ocapro (Роздріб — Задня кришка iPhone 15 Black + camera+frame+magnet) | 10.58$ ocapro (Опт — Задня кришка iPhone 15 Green + camera+frame+magnet) | 10.58$ ocapro (Роздріб — Задня кришка iPhone 15 Pink+ camera+frame+magnet) | 11.33$ ocapro (Роздріб — Задня кришка iPhone 15 Green + camera+frame+magnet) | 11.75$ ocapro (Опт — Задня кришка iPhone 15 Blue + camera+frame+magnet) | 12.0$ levelparts (𝐂кло корпусу iPhone) | 12.59$ ocapro (Роздріб — Задня кришка iPhone 15 Blue + camera+frame+magnet) | 13.63$ ocapro (Опт — Задня кришка iPhone 15 Black BIG) | 13.63$ ocapro (Опт — Задня кришка iPhone 15 Blue BIG) | 13.63$ ocapro (Опт — Задня кришка iPhone 15 Green BIG) | 13.63$ ocapro (Опт — Задня кришка iPhone 15 Pink BIG) | 13.63$ ocapro (Опт — Задня кришка iPhone 15 Yellow BIG) | 14.6$ ocapro (Роздріб — Задня кришка iPhone 15 Black BIG) | 14.6$ ocapro (Роздріб — Задня кришка iPhone 15 Blue BIG) | 14.6$ ocapro (Роздріб — Задня кришка iPhone 15 Green BIG) | 14.6$ ocapro (Роздріб — Задня кришка iPhone 15 Pink BIG) | 14.6$ ocapro (Роздріб — Задня кришка iPhone 15 Yellow BIG) | 20.92$ ocapro (Опт — Задня кришка iPhone 15 Yelliow+ camera+frame+magnet) | 22.41$ ocapro (Роздріб — Задня кришка iPhone 15 Yelliow+ camera+frame+magnet)
U.081.000-025,Apple IPhone 15,Кришка корпусу задня без обвісу,21,9.64,ocapro,9.64$ ocapro (Опт — Задня кришка iPhone 15 Black + camera+frame+magnet) | 9.88$ ocapro (Опт — Задня кришка iPhone 15 Pink+ camera+frame+magnet) | 10.32$ ocapro (Роздріб — Задня кришка iPhone 15 Black + camera+frame+magnet) | 10.58$ ocapro (Опт — Задня кришка iPhone 15 Green + camera+frame+magnet) | 10.58$ ocapro (Роздріб — Задня кришка iPhone 15 Pink+ camera+frame+magnet) | 11.33$ ocapro (Роздріб — Задня кришка iPhone 15 Green + camera+frame+magnet) | 11.75$ ocapro (Опт — Задня кришка iPhone 15 Blue + camera+frame+magnet) | 12.0$ levelparts (𝐂кло корпусу iPhone) | 12.59$ ocapro (Роздріб — Задня кришка iPhone 15 Blue + camera+frame+magnet) | 13.63$ ocapro (Опт — Задня кришка iPhone 15 Black BIG) | 13.63$ ocapro (Опт — Задня кришка iPhone 15 Blue BIG) | 13.63$ ocapro (Опт — Задня кришка iPhone 15 Green BIG) | 13.63$ ocapro (Опт — Задня кришка iPhone 15 Pink BIG) | 13.63$ ocapro (Опт — Задня кришка iPhone 15 Yellow BIG) | 14.6$ ocapro (Роздріб — Задня кришка iPhone 15 Black BIG) | 14.6$ ocapro (Роздріб — Задня кришка iPhone 15 Blue BIG) | 14.6$ ocapro (Роздріб — Задня кришка iPhone 15 Green BIG) | 14.6$ ocapro (Роздріб — Задня кришка iPhone 15 Pink BIG) | 14.6$ ocapro (Роздріб — Задня кришка iPhone 15 Yellow BIG) | 20.92$ ocapro (Опт — Задня кришка iPhone 15 Yelliow+ camera+frame+magnet) | 22.41$ ocapro (Роздріб — Задня кришка iPhone 15 Yelliow+ camera+frame+magnet)
U.081.000-026,Apple IPhone 15,Кришка корпусу задня без обвісу,21,9.64,ocapro,9.64$ ocapro (Опт — Задня кришка iPhone 15 Black + camera+frame+magnet) | 9.88$ ocapro (Опт — Задня кришка iPhone 15 Pink+ camera+frame+magnet) | 10.32$ ocapro (Роздріб — Задня кришка iPhone 15 Black + camera+frame+magnet) | 10.58$ ocapro (Опт — Задня кришка iPhone 15 Green + camera+frame+magnet) | 10.58$ ocapro (Роздріб — Задня кришка iPhone 15 Pink+ camera+frame+magnet) | 11.33$ ocapro (Роздріб — Задня кришка iPhone 15 Green + camera+frame+magnet) | 11.75$ ocapro (Опт — Задня кришка iPhone 15 Blue + camera+frame+magnet) | 12.0$ levelparts (𝐂кло корпусу iPhone) | 12.59$ ocapro (Роздріб — Задня кришка iPhone 15 Blue + camera+frame+magnet) | 13.63$ ocapro (Опт — Задня кришка iPhone 15 Black BIG) | 13.63$ ocapro (Опт — Задня кришка iPhone 15 Blue BIG) | 13.63$ ocapro (Опт — Задня кришка iPhone 15 Green BIG) | 13.63$ ocapro (Опт — Задня кришка iPhone 15 Pink BIG) | 13.63$ ocapro (Опт — Задня кришка iPhone 15 Yellow BIG) | 14.6$ ocapro (Роздріб — Задня кришка iPhone 15 Black BIG) | 14.6$ ocapro (Роздріб — Задня кришка iPhone 15 Blue BIG) | 14.6$ ocapro (Роздріб — Задня кришка iPhone 15 Green BIG) | 14.6$ ocapro (Роздріб — Задня кришка iPhone 15 Pink BIG) | 14.6$ ocapro (Роздріб — Задня кришка iPhone 15 Yellow BIG) | 20.92$ ocapro (Опт — Задня кришка iPhone 15 Yelliow+ camera+frame+magnet) | 22.41$ ocapro (Роздріб — Задня кришка iPhone 15 Yelliow+ camera+frame+magnet)
U.081.000-027,Apple IPhone 15,Кришка корпусу задня без обвісу,21,9.64,ocapro,9.64$ ocapro (Опт — Задня кришка iPhone 15 Black + camera+frame+magnet) | 9.88$ ocapro (Опт — Задня кришка iPhone 15 Pink+ camera+frame+magnet) | 10.32$ ocapro (Роздріб — Задня кришка iPhone 15 Black + camera+frame+magnet) | 10.58$ ocapro (Опт — Задня кришка iPhone 15 Green + camera+frame+magnet) | 10.58$ ocapro (Роздріб — Задня кришка iPhone 15 Pink+ camera+frame+magnet) | 11.33$ ocapro (Роздріб — Задня кришка iPhone 15 Green + camera+frame+magnet) | 11.75$ ocapro (Опт — Задня кришка iPhone 15 Blue + camera+frame+magnet) | 12.0$ levelparts (𝐂кло корпусу iPhone) | 12.59$ ocapro (Роздріб — Задня кришка iPhone 15 Blue + camera+frame+magnet) | 13.63$ ocapro (Опт — Задня кришка iPhone 15 Black BIG) | 13.63$ ocapro (Опт — Задня кришка iPhone 15 Blue BIG) | 13.63$ ocapro (Опт — Задня кришка iPhone 15 Green BIG) | 13.63$ ocapro (Опт — Задня кришка iPhone 15 Pink BIG) | 13.63$ ocapro (Опт — Задня кришка iPhone 15 Yellow BIG) | 14.6$ ocapro (Роздріб — Задня кришка iPhone 15 Black BIG) | 14.6$ ocapro (Роздріб — Задня кришка iPhone 15 Blue BIG) | 14.6$ ocapro (Роздріб — Задня кришка iPhone 15 Green BIG) | 14.6$ ocapro (Роздріб — Задня кришка iPhone 15 Pink BIG) | 14.6$ ocapro (Роздріб — Задня кришка iPhone 15 Yellow BIG) | 20.92$ ocapro (Опт — Задня кришка iPhone 15 Yelliow+ camera+frame+magnet) | 22.41$ ocapro (Роздріб — Задня кришка iPhone 15 Yelliow+ camera+frame+magnet)
U.084.000-038,Apple IPhone 15,Корпус смартфону в зборі,0,,,
U.084.000-039,Apple IPhone 15,Корпус смартфону в зборі,0,,,
U.084.000-040,Apple IPhone 15,Корпус смартфону в зборі,0,,,
U.084.000-041,Apple IPhone 15,Корпус смартфону в зборі,0,,,
U.084.000-042,Apple IPhone 15,Корпус смартфону в зборі,0,,,
U.118.000-001,Apple IPhone 15,Трафарет,2,5.0,uparts,5.0$ uparts (Ціна — Трафарет Amaoe BGA 0.12mm Apple iPhone 15) | 18.0$ uparts (Ціна — BGA трафарет Amaoe iPhone LCD с платформой X-15/X-16pm)
U.016.000-025,Apple IPhone 15,Гвинти фіксуючі (дисплейні),0,,,
U.016.000-026,Apple IPhone 15,Гвинти фіксуючі (дисплейні),0,,,
U.016.000-027,Apple IPhone 15,Гвинти фіксуючі (дисплейні),0,,,
U.016.000-028,Apple IPhone 15,Гвинти фіксуючі (дисплейні),0,,,
U.016.000-029,Apple IPhone 15,Гвинти фіксуючі (дисплейні),0,,,
U.050.000-006,Apple IPhone 15,Проклейка корпусна,0,,,
U.134.000-010,Apple IPhone 15,Рамка корпуса,0,,,
U.134.000-024,,Рамка корпуса,0,,,
U.061.000-055,Apple IPhone 15,Скло дисплейного модулю,22,2.0,ocapro,2.0$ ocapro (Опт — Скло дисплея iPhone 15+OCA ORIG 1:1) | 2.15$ ocapro (Роздріб — Скло дисплея iPhone 15+OCA ORIG 1:1) | 2.2$ refparts (Великий опт — Скло+ОСА MUSTTBY iPhone 15) | 2.25$ refparts (Великий опт — Скло+ОСА G+OCA pro iPhone 15) | 2.25$ refparts (Середній опт — Скло+ОСА MUSTTBY iPhone 15) | 2.3$ refparts (Середній опт — Скло+ОСА G+OCA pro iPhone 15) | 2.3$ refparts (Дрібний опт — Скло+ОСА MUSTTBY iPhone 15) | 2.35$ ocapro (Опт — Скло дисплея iPhone 15+OCA ORIG 1:1 ZM) | 2.35$ refparts (Дрібний опт — Скло+ОСА G+OCA pro iPhone 15) | 2.52$ ocapro (Роздріб — Скло дисплея iPhone 15+OCA ORIG 1:1 ZM) | 2.7$ refparts (Великий опт — Скло+ОСА+поляр G+OCA pro iPhone 15) | 2.75$ refparts (Середній опт — Скло+ОСА+поляр G+OCA pro iPhone 15) | 2.8$ refparts (Дрібний опт — Скло+ОСА+поляр G+OCA pro iPhone 15) | 3.15$ ocapro (Опт — скло дисплея iPhone 15 + T-OCA 125u ORIG 1:1) | 3.15$ refparts (Великий опт — Скло+ОСА Feaglet iPhone 15) | 3.2$ refparts (Середній опт — Скло+ОСА Feaglet iPhone 15) | 3.25$ refparts (Дрібний опт — Скло+ОСА Feaglet iPhone 15) | 3.36$ ocapro (Роздріб — скло дисплея iPhone 15 + T-OCA 125u ORIG 1:1) | 3.53$ ocapro (Опт — Скло дисплея iPhone 15+Polar+OCA ORIG 1:1) | 3.76$ ocapro (Опт — Скло дисплея iPhone 15 + OCA ORIG 1:1 (Feaglet)) | 3.78$ ocapro (Роздріб — Скло дисплея iPhone 15+Polar+OCA ORIG 1:1) | 4.03$ ocapro (Роздріб — Скло дисплея iPhone 15 + OCA ORIG 1:1 (Feaglet))
U.061.000-060,Apple IPhone 15,Скло дисплейного модулю,22,2.0,ocapro,2.0$ ocapro (Опт — Скло дисплея iPhone 15+OCA ORIG 1:1) | 2.15$ ocapro (Роздріб — Скло дисплея iPhone 15+OCA ORIG 1:1) | 2.2$ refparts (Великий опт — Скло+ОСА MUSTTBY iPhone 15) | 2.25$ refparts (Великий опт — Скло+ОСА G+OCA pro iPhone 15) | 2.25$ refparts (Середній опт — Скло+ОСА MUSTTBY iPhone 15) | 2.3$ refparts (Середній опт — Скло+ОСА G+OCA pro iPhone 15) | 2.3$ refparts (Дрібний опт — Скло+ОСА MUSTTBY iPhone 15) | 2.35$ ocapro (Опт — Скло дисплея iPhone 15+OCA ORIG 1:1 ZM) | 2.35$ refparts (Дрібний опт — Скло+ОСА G+OCA pro iPhone 15) | 2.52$ ocapro (Роздріб — Скло дисплея iPhone 15+OCA ORIG 1:1 ZM) | 2.7$ refparts (Великий опт — Скло+ОСА+поляр G+OCA pro iPhone 15) | 2.75$ refparts (Середній опт — Скло+ОСА+поляр G+OCA pro iPhone 15) | 2.8$ refparts (Дрібний опт — Скло+ОСА+поляр G+OCA pro iPhone 15) | 3.15$ ocapro (Опт — скло дисплея iPhone 15 + T-OCA 125u ORIG 1:1) | 3.15$ refparts (Великий опт — Скло+ОСА Feaglet iPhone 15) | 3.2$ refparts (Середній опт — Скло+ОСА Feaglet iPhone 15) | 3.25$ refparts (Дрібний опт — Скло+ОСА Feaglet iPhone 15) | 3.36$ ocapro (Роздріб — скло дисплея iPhone 15 + T-OCA 125u ORIG 1:1) | 3.53$ ocapro (Опт — Скло дисплея iPhone 15+Polar+OCA ORIG 1:1) | 3.76$ ocapro (Опт — Скло дисплея iPhone 15 + OCA ORIG 1:1 (Feaglet)) | 3.78$ ocapro (Роздріб — Скло дисплея iPhone 15+Polar+OCA ORIG 1:1) | 4.03$ ocapro (Роздріб — Скло дисплея iPhone 15 + OCA ORIG 1:1 (Feaglet))
U.161.000-001,Apple IPhone 15,Форма полірувальна,0,,,
U.008.000-006,Apple IPhone 15 Pro,АКБ без калібрування,9,8.96,ocapro,8.96$ ocapro (Опт — Акумулятор iPhone 15 pro Банка 3274 mAh стандартна ємність) | 9.64$ ocapro (Роздріб — Акумулятор iPhone 15 pro Банка 3274 mAh стандартна ємність) | 10.0$ icracked (Банка (АКБ без контроллера)) | 10.11$ ocapro (Опт — Акумулятор iPhone 15 Pro ORIG Банка підвищена ємність 3480 mAh) | 10.58$ ocapro (Опт — Акумулятор iPhone 15 Pro ORIG Банка підвищена ємність 3480 mAh (Logo)) | 10.83$ ocapro (Роздріб — Акумулятор iPhone 15 Pro ORIG Банка підвищена ємність 3480 mAh) | 11.33$ ocapro (Роздріб — Акумулятор iPhone 15 Pro ORIG Банка підвищена ємність 3480 mAh (Logo)) | 18.0$ icracked (Стандарт 🔄 вживана деталь 100% - 0 циклів) | 19.0$ icracked (Посилена 💪🏼 + лого🍏 🔄 вживана деталь 100% - 0 циклів)
U.009.000-072,Apple IPhone 15 Pro,АКБ з калібруванням,5,13.63,ocapro,13.63$ ocapro (Опт — Акумулятор iPhone 15 PRO ORIG 3480 mAh) | 14.6$ ocapro (Роздріб — Акумулятор iPhone 15 PRO ORIG 3480 mAh) | 16.62$ ocapro (Опт — Акумулятор iPhone 15 Pro ORIG IOS 18/26 без помилки 3480 mAh) | 17.73$ ocapro (Роздріб — Акумулятор iPhone 15 Pro ORIG IOS 18/26 без помилки 3480 mAh) | 36.0$ icracked (Посилена 💪🏼З лого🍏 Genuine batteries ✅ Оригінальна деталь 100% - 0 циклів)
U.009.000-006,Apple IPhone 15 Pro,АКБ з калібруванням,5,13.63,ocapro,13.63$ ocapro (Опт — Акумулятор iPhone 15 PRO ORIG 3480 mAh) | 14.6$ ocapro (Роздріб — Акумулятор iPhone 15 PRO ORIG 3480 mAh) | 16.62$ ocapro (Опт — Акумулятор iPhone 15 Pro ORIG IOS 18/26 без помилки 3480 mAh) | 17.73$ ocapro (Роздріб — Акумулятор iPhone 15 Pro ORIG IOS 18/26 без помилки 3480 mAh) | 36.0$ icracked (Посилена 💪🏼З лого🍏 Genuine batteries ✅ Оригінальна деталь 100% - 0 циклів)
U.009.000-014,Apple IPhone 15 Pro,АКБ з калібруванням,5,13.63,ocapro,13.63$ ocapro (Опт — Акумулятор iPhone 15 PRO ORIG 3480 mAh) | 14.6$ ocapro (Роздріб — Акумулятор iPhone 15 PRO ORIG 3480 mAh) | 16.62$ ocapro (Опт — Акумулятор iPhone 15 Pro ORIG IOS 18/26 без помилки 3480 mAh) | 17.73$ ocapro (Роздріб — Акумулятор iPhone 15 Pro ORIG IOS 18/26 без помилки 3480 mAh) | 36.0$ icracked (Посилена 💪🏼З лого🍏 Genuine batteries ✅ Оригінальна деталь 100% - 0 циклів)
U.014.000-004,Apple IPhone 15 Pro,Вібро-мотор,0,,,
U.016.000-008,Apple IPhone 15 Pro,Гвинти фіксуючі (дисплейні),0,,,
U.016.000-009,Apple IPhone 15 Pro,Гвинти фіксуючі (дисплейні),0,,,
U.016.000-010,Apple IPhone 15 Pro,Гвинти фіксуючі (дисплейні),0,,,
U.016.000-011,Apple IPhone 15 Pro,Гвинти фіксуючі (дисплейні),0,,,
U.020.000-003,Apple IPhone 15 Pro,Датчик освітелння,0,,,
U.021.000-008,Apple IPhone 15 Pro,Динамік верхній (Speaker),0,,,
U.021.000-017,Apple IPhone 15 Pro,Динамік верхній (Speaker),0,,,
U.022.000-008,Apple IPhone 15 Pro,Динамік нижній (Buzzer),0,,,
U.023.000-043,Apple IPhone 15 Pro,Дисплейний модуль,4,84.6,ocapro,84.6$ ocapro (Опт — Дисплей iPhone 15 Pro OLED Soft 120 Hz) | 90.65$ ocapro (Роздріб — Дисплей iPhone 15 Pro OLED Soft 120 Hz) | 190.36$ ocapro (Опт — Дисплей iPhone 15 Pro OLED DD) | 203.96$ ocapro (Роздріб — Дисплей iPhone 15 Pro OLED DD)
U.023.000-076,Apple iPhone 17 Pro,Дисплейний модуль,0,,,
U.023.000-077,Apple iPhone 17 Pro Max,Дисплейний модуль,0,,,
U.023.000-078,Apple iPhone 17,Дисплейний модуль,0,,,
U.023.000-079,Apple iPhone 17 Pro,Дисплейний модуль,0,,,
U.023.000-007,Apple IPhone 15 Pro,Дисплейний модуль,4,84.6,ocapro,84.6$ ocapro (Опт — Дисплей iPhone 15 Pro OLED Soft 120 Hz) | 90.65$ ocapro (Роздріб — Дисплей iPhone 15 Pro OLED Soft 120 Hz) | 190.36$ ocapro (Опт — Дисплей iPhone 15 Pro OLED DD) | 203.96$ ocapro (Роздріб — Дисплей iPhone 15 Pro OLED DD)
U.024.000-012,Apple IPhone 15 Pro,Кришка корпусу задня з обвісом,0,,,
U.024.000-013,Apple IPhone 15 Pro,Кришка корпусу задня з обвісом,0,,,
U.024.000-014,Apple IPhone 15 Pro,Кришка корпусу задня з обвісом,0,,,
U.024.000-015,Apple IPhone 15 Pro,Кришка корпусу задня з обвісом,0,,,
U.024.000-035,Apple iPhone 15,Кришка корпусу задня з обвісом,0,,,
U.026.000-004,Apple IPhone 15 Pro,Камера основна з лідаром,0,,,
U.026.000-008,Apple IPhone 15 Pro,Камера основна з лідаром,0,,,
U.027.000-002,Apple IPhone 15 Pro,Камера фронтальна з FaceID,0,,,
U.035.000-003,Apple IPhone 15 Pro,Комплект скла основної камери,2,2.4,ocapro,2.4$ ocapro (Опт — Скло камери iPhone 15 Pro ORIG 3 шт.) | 2.55$ ocapro (Роздріб — Скло камери iPhone 15 Pro ORIG 3 шт.)
U.035.000-012,Apple IPhone 15 Pro,Комплект скла основної камери,2,2.4,ocapro,2.4$ ocapro (Опт — Скло камери iPhone 15 Pro ORIG 3 шт.) | 2.55$ ocapro (Роздріб — Скло камери iPhone 15 Pro ORIG 3 шт.)
U.035.000-027,Apple IPhone 15 Pro,Комплект скла основної камери,2,2.4,ocapro,2.4$ ocapro (Опт — Скло камери iPhone 15 Pro ORIG 3 шт.) | 2.55$ ocapro (Роздріб — Скло камери iPhone 15 Pro ORIG 3 шт.)
U.037.000-007,Apple IPhone 15 Pro,Корпус смартфону в зборі без магніту,0,,,
U.040.000-008,Apple IPhone 15 Pro,Корпус смартфону з кнопками,0,,,
U.042.000-005,Apple IPhone 15 Pro,Датчик лідар,0,,,
U.048.000-001,Apple IPhone 15 Pro,Проклейка для АКБ,0,,,
U.049.000-003,Apple IPhone 15 Pro,Проклейка для ДМ,0,,,
U.049.000-008,Apple IPhone 15 Pro,Проклейка для ДМ,0,,,
U.050.000-002,Apple IPhone 15 Pro,Проклейка корпусна,0,,,
U.061.000-005,Apple IPhone 15 Pro,Скло дисплейного модулю,26,1.65,ocapro,1.65$ ocapro (Опт — Скло дисплея iPhone 15 Pro ORIG 1:1) | 1.76$ ocapro (Роздріб — Скло дисплея iPhone 15 Pro ORIG 1:1) | 2.0$ ocapro (Опт — Скло дисплея iPhone 15 Pro+OCA ORIG 1:1) | 2.12$ ocapro (Опт — Скло дисплея iPhone 15 Pro+OCA (Anti UV) ORIG 1:1) | 2.15$ ocapro (Роздріб — Скло дисплея iPhone 15 Pro+OCA ORIG 1:1) | 2.27$ ocapro (Роздріб — Скло дисплея iPhone 15 Pro+OCA (Anti UV) ORIG 1:1) | 2.3$ refparts (Великий опт — Скло+ОСА G+OCA pro iPhone 15 Pro) | 2.3$ refparts (Великий опт — Скло+ОСА MUSTTBY iPhone 15 Pro) | 2.35$ refparts (Середній опт — Скло+ОСА G+OCA pro iPhone 15 Pro) | 2.35$ refparts (Середній опт — Скло+ОСА MUSTTBY iPhone 15 Pro) | 2.4$ refparts (Дрібний опт — Скло+ОСА G+OCA pro iPhone 15 Pro) | 2.4$ refparts (Дрібний опт — Скло+ОСА MUSTTBY iPhone 15 Pro) | 2.7$ refparts (Великий опт — Скло+ОСА+поляр G+OCA pro iPhone 15 Pro) | 2.75$ refparts (Середній опт — Скло+ОСА+поляр G+OCA pro iPhone 15 Pro) | 2.8$ refparts (Дрібний опт — Скло+ОСА+поляр G+OCA pro iPhone 15 Pro) | 2.9$ ocapro (Опт — скло дисплея iPhone 15 Pro + T-OCA 125u ORIG 1:1) | 2.94$ ocapro (Опт — Скло дисплея iPhone 15 Pro+Polar+OCA ORIG 1:1) | 3.09$ ocapro (Роздріб — скло дисплея iPhone 15 Pro + T-OCA 125u ORIG 1:1) | 3.15$ ocapro (Роздріб — Скло дисплея iPhone 15 Pro+Polar+OCA ORIG 1:1) | 3.35$ refparts (Великий опт — Скло+ОСА Feaglet iPhone 15 Pro) | 3.4$ refparts (Середній опт — Скло+ОСА Feaglet iPhone 15 Pro) | 3.45$ refparts (Дрібний опт — Скло+ОСА Feaglet iPhone 15 Pro) | 3.76$ ocapro (Опт — Скло дисплея iPhone 15 Pro + OCA ORIG 1:1 (Feaglet)) | 4.03$ ocapro (Роздріб — Скло дисплея iPhone 15 Pro + OCA ORIG 1:1 (Feaglet)) | 6.58$ ocapro (Опт — Скло дисплея iPhone 15 pro+OCA ORIG 99%) | 7.05$ ocapro (Роздріб — Скло дисплея iPhone 15 pro+OCA ORIG 99%)
U.061.000-021,Apple IPhone 15 Pro,Скло дисплейного модулю,26,1.65,ocapro,1.65$ ocapro (Опт — Скло дисплея iPhone 15 Pro ORIG 1:1) | 1.76$ ocapro (Роздріб — Скло дисплея iPhone 15 Pro ORIG 1:1) | 2.0$ ocapro (Опт — Скло дисплея iPhone 15 Pro+OCA ORIG 1:1) | 2.12$ ocapro (Опт — Скло дисплея iPhone 15 Pro+OCA (Anti UV) ORIG 1:1) | 2.15$ ocapro (Роздріб — Скло дисплея iPhone 15 Pro+OCA ORIG 1:1) | 2.27$ ocapro (Роздріб — Скло дисплея iPhone 15 Pro+OCA (Anti UV) ORIG 1:1) | 2.3$ refparts (Великий опт — Скло+ОСА G+OCA pro iPhone 15 Pro) | 2.3$ refparts (Великий опт — Скло+ОСА MUSTTBY iPhone 15 Pro) | 2.35$ refparts (Середній опт — Скло+ОСА G+OCA pro iPhone 15 Pro) | 2.35$ refparts (Середній опт — Скло+ОСА MUSTTBY iPhone 15 Pro) | 2.4$ refparts (Дрібний опт — Скло+ОСА G+OCA pro iPhone 15 Pro) | 2.4$ refparts (Дрібний опт — Скло+ОСА MUSTTBY iPhone 15 Pro) | 2.7$ refparts (Великий опт — Скло+ОСА+поляр G+OCA pro iPhone 15 Pro) | 2.75$ refparts (Середній опт — Скло+ОСА+поляр G+OCA pro iPhone 15 Pro) | 2.8$ refparts (Дрібний опт — Скло+ОСА+поляр G+OCA pro iPhone 15 Pro) | 2.9$ ocapro (Опт — скло дисплея iPhone 15 Pro + T-OCA 125u ORIG 1:1) | 2.94$ ocapro (Опт — Скло дисплея iPhone 15 Pro+Polar+OCA ORIG 1:1) | 3.09$ ocapro (Роздріб — скло дисплея iPhone 15 Pro + T-OCA 125u ORIG 1:1) | 3.15$ ocapro (Роздріб — Скло дисплея iPhone 15 Pro+Polar+OCA ORIG 1:1) | 3.35$ refparts (Великий опт — Скло+ОСА Feaglet iPhone 15 Pro) | 3.4$ refparts (Середній опт — Скло+ОСА Feaglet iPhone 15 Pro) | 3.45$ refparts (Дрібний опт — Скло+ОСА Feaglet iPhone 15 Pro) | 3.76$ ocapro (Опт — Скло дисплея iPhone 15 Pro + OCA ORIG 1:1 (Feaglet)) | 4.03$ ocapro (Роздріб — Скло дисплея iPhone 15 Pro + OCA ORIG 1:1 (Feaglet)) | 6.58$ ocapro (Опт — Скло дисплея iPhone 15 pro+OCA ORIG 99%) | 7.05$ ocapro (Роздріб — Скло дисплея iPhone 15 pro+OCA ORIG 99%)
U.061.000-024,Apple IPhone 15 Pro,Скло дисплейного модулю,26,1.65,ocapro,1.65$ ocapro (Опт — Скло дисплея iPhone 15 Pro ORIG 1:1) | 1.76$ ocapro (Роздріб — Скло дисплея iPhone 15 Pro ORIG 1:1) | 2.0$ ocapro (Опт — Скло дисплея iPhone 15 Pro+OCA ORIG 1:1) | 2.12$ ocapro (Опт — Скло дисплея iPhone 15 Pro+OCA (Anti UV) ORIG 1:1) | 2.15$ ocapro (Роздріб — Скло дисплея iPhone 15 Pro+OCA ORIG 1:1) | 2.27$ ocapro (Роздріб — Скло дисплея iPhone 15 Pro+OCA (Anti UV) ORIG 1:1) | 2.3$ refparts (Великий опт — Скло+ОСА G+OCA pro iPhone 15 Pro) | 2.3$ refparts (Великий опт — Скло+ОСА MUSTTBY iPhone 15 Pro) | 2.35$ refparts (Середній опт — Скло+ОСА G+OCA pro iPhone 15 Pro) | 2.35$ refparts (Середній опт — Скло+ОСА MUSTTBY iPhone 15 Pro) | 2.4$ refparts (Дрібний опт — Скло+ОСА G+OCA pro iPhone 15 Pro) | 2.4$ refparts (Дрібний опт — Скло+ОСА MUSTTBY iPhone 15 Pro) | 2.7$ refparts (Великий опт — Скло+ОСА+поляр G+OCA pro iPhone 15 Pro) | 2.75$ refparts (Середній опт — Скло+ОСА+поляр G+OCA pro iPhone 15 Pro) | 2.8$ refparts (Дрібний опт — Скло+ОСА+поляр G+OCA pro iPhone 15 Pro) | 2.9$ ocapro (Опт — скло дисплея iPhone 15 Pro + T-OCA 125u ORIG 1:1) | 2.94$ ocapro (Опт — Скло дисплея iPhone 15 Pro+Polar+OCA ORIG 1:1) | 3.09$ ocapro (Роздріб — скло дисплея iPhone 15 Pro + T-OCA 125u ORIG 1:1) | 3.15$ ocapro (Роздріб — Скло дисплея iPhone 15 Pro+Polar+OCA ORIG 1:1) | 3.35$ refparts (Великий опт — Скло+ОСА Feaglet iPhone 15 Pro) | 3.4$ refparts (Середній опт — Скло+ОСА Feaglet iPhone 15 Pro) | 3.45$ refparts (Дрібний опт — Скло+ОСА Feaglet iPhone 15 Pro) | 3.76$ ocapro (Опт — Скло дисплея iPhone 15 Pro + OCA ORIG 1:1 (Feaglet)) | 4.03$ ocapro (Роздріб — Скло дисплея iPhone 15 Pro + OCA ORIG 1:1 (Feaglet)) | 6.58$ ocapro (Опт — Скло дисплея iPhone 15 pro+OCA ORIG 99%) | 7.05$ ocapro (Роздріб — Скло дисплея iPhone 15 pro+OCA ORIG 99%)
U.066.000-005,Apple IPhone 15 Pro,Чіп захисту ДМ,0,,,
U.074.000-004,Apple IPhone 15 Pro,"Шлейф зі спалахом, мікрофоном і бездротовою зарядкою",0,,,
U.075.000-009,Apple IPhone 15 Pro,Шлейф кнопок гучності і вмикання,0,,,
U.076.000-005,Apple IPhone 15 Pro,Шлейф модулю Bluetooth/NFC,0,,,
U.078.000-004,Apple IPhone 15 Pro,Шлейф модулю WiFi,0,,,
U.078.000-008,Apple IPhone 15 Pro,Шлейф модулю WiFi,0,,,
U.079.000-007,Apple IPhone 15 Pro,Шлейф нижній із зарядним портом і мікрофоном,0,,,
U.081.000-028,Apple IPhone 15 Pro,Кришка корпусу задня без обвісу,17,13.41,ocapro,13.41$ ocapro (Опт — Задня кришка iPhone 15 Pro White Titanium+camera+frame+magnet) | 13.87$ ocapro (Опт — Задня кришка iPhone 15 Pro Black Titanium+camera+frame+magnet) | 13.87$ ocapro (Опт — Задня кришка iPhone 15 Pro Blue Titanium+camera+frame+magnet) | 14.1$ ocapro (Опт — Задня кришка iPhone 15 Pro Titanium+camera+frame+magnet) | 14.35$ ocapro (Роздріб — Задня кришка iPhone 15 Pro White Titanium+camera+frame+magnet) | 14.86$ ocapro (Роздріб — Задня кришка iPhone 15 Pro Black Titanium+camera+frame+magnet) | 14.86$ ocapro (Роздріб — Задня кришка iPhone 15 Pro Blue Titanium+camera+frame+magnet) | 15.11$ ocapro (Роздріб — Задня кришка iPhone 15 Pro Titanium+camera+frame+magnet) | 15.28$ ocapro (Опт — Задня кришка iPhone 15 Pro Black Titanium BIG) | 15.28$ ocapro (Опт — Задня кришка iPhone 15 Pro Blue Titanium BIG) | 15.28$ ocapro (Опт — Задня кришка iPhone 15 Pro Titanium BIG) | 15.28$ ocapro (Опт — Задня кришка iPhone 15 Pro White Titanium BIG) | 16.37$ ocapro (Роздріб — Задня кришка iPhone 15 Pro Black Titanium BIG) | 16.37$ ocapro (Роздріб — Задня кришка iPhone 15 Pro Blue Titanium BIG) | 16.37$ ocapro (Роздріб — Задня кришка iPhone 15 Pro Titanium BIG) | 16.37$ ocapro (Роздріб — Задня кришка iPhone 15 Pro White Titanium BIG) | 18.0$ levelparts (𝐂кло корпусу iPhone)
U.081.000-029,Apple IPhone 15 Pro,Кришка корпусу задня без обвісу,17,13.41,ocapro,13.41$ ocapro (Опт — Задня кришка iPhone 15 Pro White Titanium+camera+frame+magnet) | 13.87$ ocapro (Опт — Задня кришка iPhone 15 Pro Black Titanium+camera+frame+magnet) | 13.87$ ocapro (Опт — Задня кришка iPhone 15 Pro Blue Titanium+camera+frame+magnet) | 14.1$ ocapro (Опт — Задня кришка iPhone 15 Pro Titanium+camera+frame+magnet) | 14.35$ ocapro (Роздріб — Задня кришка iPhone 15 Pro White Titanium+camera+frame+magnet) | 14.86$ ocapro (Роздріб — Задня кришка iPhone 15 Pro Black Titanium+camera+frame+magnet) | 14.86$ ocapro (Роздріб — Задня кришка iPhone 15 Pro Blue Titanium+camera+frame+magnet) | 15.11$ ocapro (Роздріб — Задня кришка iPhone 15 Pro Titanium+camera+frame+magnet) | 15.28$ ocapro (Опт — Задня кришка iPhone 15 Pro Black Titanium BIG) | 15.28$ ocapro (Опт — Задня кришка iPhone 15 Pro Blue Titanium BIG) | 15.28$ ocapro (Опт — Задня кришка iPhone 15 Pro Titanium BIG) | 15.28$ ocapro (Опт — Задня кришка iPhone 15 Pro White Titanium BIG) | 16.37$ ocapro (Роздріб — Задня кришка iPhone 15 Pro Black Titanium BIG) | 16.37$ ocapro (Роздріб — Задня кришка iPhone 15 Pro Blue Titanium BIG) | 16.37$ ocapro (Роздріб — Задня кришка iPhone 15 Pro Titanium BIG) | 16.37$ ocapro (Роздріб — Задня кришка iPhone 15 Pro White Titanium BIG) | 18.0$ levelparts (𝐂кло корпусу iPhone)
U.081.000-030,Apple IPhone 15 Pro,Кришка корпусу задня без обвісу,17,13.41,ocapro,13.41$ ocapro (Опт — Задня кришка iPhone 15 Pro White Titanium+camera+frame+magnet) | 13.87$ ocapro (Опт — Задня кришка iPhone 15 Pro Black Titanium+camera+frame+magnet) | 13.87$ ocapro (Опт — Задня кришка iPhone 15 Pro Blue Titanium+camera+frame+magnet) | 14.1$ ocapro (Опт — Задня кришка iPhone 15 Pro Titanium+camera+frame+magnet) | 14.35$ ocapro (Роздріб — Задня кришка iPhone 15 Pro White Titanium+camera+frame+magnet) | 14.86$ ocapro (Роздріб — Задня кришка iPhone 15 Pro Black Titanium+camera+frame+magnet) | 14.86$ ocapro (Роздріб — Задня кришка iPhone 15 Pro Blue Titanium+camera+frame+magnet) | 15.11$ ocapro (Роздріб — Задня кришка iPhone 15 Pro Titanium+camera+frame+magnet) | 15.28$ ocapro (Опт — Задня кришка iPhone 15 Pro Black Titanium BIG) | 15.28$ ocapro (Опт — Задня кришка iPhone 15 Pro Blue Titanium BIG) | 15.28$ ocapro (Опт — Задня кришка iPhone 15 Pro Titanium BIG) | 15.28$ ocapro (Опт — Задня кришка iPhone 15 Pro White Titanium BIG) | 16.37$ ocapro (Роздріб — Задня кришка iPhone 15 Pro Black Titanium BIG) | 16.37$ ocapro (Роздріб — Задня кришка iPhone 15 Pro Blue Titanium BIG) | 16.37$ ocapro (Роздріб — Задня кришка iPhone 15 Pro Titanium BIG) | 16.37$ ocapro (Роздріб — Задня кришка iPhone 15 Pro White Titanium BIG) | 18.0$ levelparts (𝐂кло корпусу iPhone)
U.081.000-031,Apple IPhone 15 Pro,Кришка корпусу задня без обвісу,17,13.41,ocapro,13.41$ ocapro (Опт — Задня кришка iPhone 15 Pro White Titanium+camera+frame+magnet) | 13.87$ ocapro (Опт — Задня кришка iPhone 15 Pro Black Titanium+camera+frame+magnet) | 13.87$ ocapro (Опт — Задня кришка iPhone 15 Pro Blue Titanium+camera+frame+magnet) | 14.1$ ocapro (Опт — Задня кришка iPhone 15 Pro Titanium+camera+frame+magnet) | 14.35$ ocapro (Роздріб — Задня кришка iPhone 15 Pro White Titanium+camera+frame+magnet) | 14.86$ ocapro (Роздріб — Задня кришка iPhone 15 Pro Black Titanium+camera+frame+magnet) | 14.86$ ocapro (Роздріб — Задня кришка iPhone 15 Pro Blue Titanium+camera+frame+magnet) | 15.11$ ocapro (Роздріб — Задня кришка iPhone 15 Pro Titanium+camera+frame+magnet) | 15.28$ ocapro (Опт — Задня кришка iPhone 15 Pro Black Titanium BIG) | 15.28$ ocapro (Опт — Задня кришка iPhone 15 Pro Blue Titanium BIG) | 15.28$ ocapro (Опт — Задня кришка iPhone 15 Pro Titanium BIG) | 15.28$ ocapro (Опт — Задня кришка iPhone 15 Pro White Titanium BIG) | 16.37$ ocapro (Роздріб — Задня кришка iPhone 15 Pro Black Titanium BIG) | 16.37$ ocapro (Роздріб — Задня кришка iPhone 15 Pro Blue Titanium BIG) | 16.37$ ocapro (Роздріб — Задня кришка iPhone 15 Pro Titanium BIG) | 16.37$ ocapro (Роздріб — Задня кришка iPhone 15 Pro White Titanium BIG) | 18.0$ levelparts (𝐂кло корпусу iPhone)
U.082.000-003,Apple IPhone 15 Pro,Шлейф модулю GPS,0,,,
U.084.000-043,Apple IPhone 15 Pro,Корпус смартфону в зборі,0,,,
U.084.000-044,Apple IPhone 15 Pro,Корпус смартфону в зборі,0,,,
U.084.000-045,Apple IPhone 15 Pro,Корпус смартфону в зборі,0,,,
U.084.000-046,Apple IPhone 15 Pro,Корпус смартфону в зборі,0,,,
U.127.000-001,Apple IPhone 15 Pro,Шлейф програмування FaceID,0,,,
U.134.000-001,Apple IPhone 15 Pro,Рамка корпуса,0,,,
U.134.000-002,Apple IPhone 15 Pro,Рамка корпуса,0,,,
U.009.000-081,Apple IPhone 15 Pro,АКБ з калібруванням,5,13.63,ocapro,13.63$ ocapro (Опт — Акумулятор iPhone 15 PRO ORIG 3480 mAh) | 14.6$ ocapro (Роздріб — Акумулятор iPhone 15 PRO ORIG 3480 mAh) | 16.62$ ocapro (Опт — Акумулятор iPhone 15 Pro ORIG IOS 18/26 без помилки 3480 mAh) | 17.73$ ocapro (Роздріб — Акумулятор iPhone 15 Pro ORIG IOS 18/26 без помилки 3480 mAh) | 36.0$ icracked (Посилена 💪🏼З лого🍏 Genuine batteries ✅ Оригінальна деталь 100% - 0 циклів)
U.069.000-008,Apple IPhone 15 Pro,Шлейф верхній з датчиком світла,0,,,
U.183.000-001,,Стікери,0,,,
U.165.000-002,,Клей фотополімерний,0,,,
U.143.000-001,Apple IPhone 15 Pro,Шлейф програмування,0,,,
U.143.000-012,Apple iPhone 16 Pro,Шлейф програмування,0,,,
U.143.000-005,Apple iPhone 15 Pro Max,Шлейф програмування,0,,,
U.143.000-013,Apple iPhone 16 Pro Max,Шлейф програмування,0,,,
U.143.000-007,,Шлейф програмування,0,,,
U.143.000-011,,Шлейф програмування,0,,,
U.143.000-010,,Шлейф програмування,0,,,
U.143.000-009,,Шлейф програмування,0,,,
U.143.000-008,,Шлейф програмування,0,,,
U.016.000-038,Apple IPhone 15 Pro,Гвинти фіксуючі (дисплейні),0,,,
U.016.000-039,Apple IPhone 15 Pro,Гвинти фіксуючі (дисплейні),0,,,
U.016.000-040,Apple IPhone 15 Pro,Гвинти фіксуючі (дисплейні),0,,,
U.016.000-041,Apple IPhone 15 Pro,Гвинти фіксуючі (дисплейні),0,,,
U.049.000-019,Apple IPhone 15 Pro,Проклейка для ДМ,0,,,
U.050.000-007,Apple IPhone 15 Pro,Проклейка корпусна,0,,,
U.050.000-009,Apple iPhone 14,Проклейка корпусна,0,,,
U.008.000-018,Apple IPhone 15 Pro,АКБ без калібрування,9,8.96,ocapro,8.96$ ocapro (Опт — Акумулятор iPhone 15 pro Банка 3274 mAh стандартна ємність) | 9.64$ ocapro (Роздріб — Акумулятор iPhone 15 pro Банка 3274 mAh стандартна ємність) | 10.0$ icracked (Банка (АКБ без контроллера)) | 10.11$ ocapro (Опт — Акумулятор iPhone 15 Pro ORIG Банка підвищена ємність 3480 mAh) | 10.58$ ocapro (Опт — Акумулятор iPhone 15 Pro ORIG Банка підвищена ємність 3480 mAh (Logo)) | 10.83$ ocapro (Роздріб — Акумулятор iPhone 15 Pro ORIG Банка підвищена ємність 3480 mAh) | 11.33$ ocapro (Роздріб — Акумулятор iPhone 15 Pro ORIG Банка підвищена ємність 3480 mAh (Logo)) | 18.0$ icracked (Стандарт 🔄 вживана деталь 100% - 0 циклів) | 19.0$ icracked (Посилена 💪🏼 + лого🍏 🔄 вживана деталь 100% - 0 циклів)
U.134.000-006,Apple IPhone 15 Pro,Рамка корпуса,0,,,
U.134.000-023,Apple iPhone 15 Pro,Рамка корпуса,0,,,
U.061.000-054,Apple IPhone 15 Pro,Скло дисплейного модулю,26,1.65,ocapro,1.65$ ocapro (Опт — Скло дисплея iPhone 15 Pro ORIG 1:1) | 1.76$ ocapro (Роздріб — Скло дисплея iPhone 15 Pro ORIG 1:1) | 2.0$ ocapro (Опт — Скло дисплея iPhone 15 Pro+OCA ORIG 1:1) | 2.12$ ocapro (Опт — Скло дисплея iPhone 15 Pro+OCA (Anti UV) ORIG 1:1) | 2.15$ ocapro (Роздріб — Скло дисплея iPhone 15 Pro+OCA ORIG 1:1) | 2.27$ ocapro (Роздріб — Скло дисплея iPhone 15 Pro+OCA (Anti UV) ORIG 1:1) | 2.3$ refparts (Великий опт — Скло+ОСА G+OCA pro iPhone 15 Pro) | 2.3$ refparts (Великий опт — Скло+ОСА MUSTTBY iPhone 15 Pro) | 2.35$ refparts (Середній опт — Скло+ОСА G+OCA pro iPhone 15 Pro) | 2.35$ refparts (Середній опт — Скло+ОСА MUSTTBY iPhone 15 Pro) | 2.4$ refparts (Дрібний опт — Скло+ОСА G+OCA pro iPhone 15 Pro) | 2.4$ refparts (Дрібний опт — Скло+ОСА MUSTTBY iPhone 15 Pro) | 2.7$ refparts (Великий опт — Скло+ОСА+поляр G+OCA pro iPhone 15 Pro) | 2.75$ refparts (Середній опт — Скло+ОСА+поляр G+OCA pro iPhone 15 Pro) | 2.8$ refparts (Дрібний опт — Скло+ОСА+поляр G+OCA pro iPhone 15 Pro) | 2.9$ ocapro (Опт — скло дисплея iPhone 15 Pro + T-OCA 125u ORIG 1:1) | 2.94$ ocapro (Опт — Скло дисплея iPhone 15 Pro+Polar+OCA ORIG 1:1) | 3.09$ ocapro (Роздріб — скло дисплея iPhone 15 Pro + T-OCA 125u ORIG 1:1) | 3.15$ ocapro (Роздріб — Скло дисплея iPhone 15 Pro+Polar+OCA ORIG 1:1) | 3.35$ refparts (Великий опт — Скло+ОСА Feaglet iPhone 15 Pro) | 3.4$ refparts (Середній опт — Скло+ОСА Feaglet iPhone 15 Pro) | 3.45$ refparts (Дрібний опт — Скло+ОСА Feaglet iPhone 15 Pro) | 3.76$ ocapro (Опт — Скло дисплея iPhone 15 Pro + OCA ORIG 1:1 (Feaglet)) | 4.03$ ocapro (Роздріб — Скло дисплея iPhone 15 Pro + OCA ORIG 1:1 (Feaglet)) | 6.58$ ocapro (Опт — Скло дисплея iPhone 15 pro+OCA ORIG 99%) | 7.05$ ocapro (Роздріб — Скло дисплея iPhone 15 pro+OCA ORIG 99%)
U.009.000-085,Apple IPhone 15 Pro,АКБ з калібруванням,5,13.63,ocapro,13.63$ ocapro (Опт — Акумулятор iPhone 15 PRO ORIG 3480 mAh) | 14.6$ ocapro (Роздріб — Акумулятор iPhone 15 PRO ORIG 3480 mAh) | 16.62$ ocapro (Опт — Акумулятор iPhone 15 Pro ORIG IOS 18/26 без помилки 3480 mAh) | 17.73$ ocapro (Роздріб — Акумулятор iPhone 15 Pro ORIG IOS 18/26 без помилки 3480 mAh) | 36.0$ icracked (Посилена 💪🏼З лого🍏 Genuine batteries ✅ Оригінальна деталь 100% - 0 циклів)
U.161.000-003,Apple IPhone 15 Pro,Форма полірувальна,0,,,
U.131.000-005,Apple IPhone 15 Pro,Шлейф фронтальної камери,0,,,
U.131.000-007,Apple iPhone 15,Шлейф фронтальної камери,0,,,
U.131.000-008,Apple iPhone 15 Pro Max,Шлейф фронтальної камери,0,,,
U.008.000-007,Apple IPhone 15 Pro Max,АКБ без калібрування,9,10.05,ocapro,10.05$ ocapro (Опт — Акумулятор iPhone 15 pro max Банка 4422 mAh стандартна ємність) | 10.82$ ocapro (Роздріб — Акумулятор iPhone 15 pro max Банка 4422 mAh стандартна ємність) | 11.0$ icracked (Банка (АКБ без контроллера)) | 12.46$ ocapro (Опт — Акумулятор iPhone 15 Pro Max ORIG Банка підвищена ємність 4750 mAh) | 12.7$ ocapro (Опт — Акумулятор iPhone 15 Pro Max ORIG Банка підвищена ємність 4750 mAh (Logo)) | 13.35$ ocapro (Роздріб — Акумулятор iPhone 15 Pro Max ORIG Банка підвищена ємність 4750 mAh) | 13.6$ ocapro (Роздріб — Акумулятор iPhone 15 Pro Max ORIG Банка підвищена ємність 4750 mAh (Logo)) | 19.0$ icracked (Стандарт 🔄 вживана деталь 100% - 0 циклів) | 20.0$ icracked (Посилена 💪🏼 + лого🍏 🔄 вживана деталь 100% - 0 циклів)
U.009.000-073,Apple IPhone 15 Pro Max,АКБ з калібруванням,5,15.98,ocapro,15.98$ ocapro (Опт — Акумулятор iPhone 15 PRO MAX ORIG 4750 mAh) | 17.12$ ocapro (Роздріб — Акумулятор iPhone 15 PRO MAX ORIG 4750 mAh) | 18.63$ ocapro (Опт — Акумулятор iPhone 15 Pro Max ORIG IOS 18/26 без помилки 4750 mAh) | 19.88$ ocapro (Роздріб — Акумулятор iPhone 15 Pro Max ORIG IOS 18/26 без помилки 4750 mAh) | 38.0$ icracked (Посилена 💪🏼З лого🍏 Genuine batteries ✅ Оригінальна деталь 100% - 0 циклів)
U.009.000-074,Apple IPhone 15 Pro Max,АКБ з калібруванням,5,15.98,ocapro,15.98$ ocapro (Опт — Акумулятор iPhone 15 PRO MAX ORIG 4750 mAh) | 17.12$ ocapro (Роздріб — Акумулятор iPhone 15 PRO MAX ORIG 4750 mAh) | 18.63$ ocapro (Опт — Акумулятор iPhone 15 Pro Max ORIG IOS 18/26 без помилки 4750 mAh) | 19.88$ ocapro (Роздріб — Акумулятор iPhone 15 Pro Max ORIG IOS 18/26 без помилки 4750 mAh) | 38.0$ icracked (Посилена 💪🏼З лого🍏 Genuine batteries ✅ Оригінальна деталь 100% - 0 циклів)
U.009.000-007,Apple IPhone 15 Pro Max,АКБ з калібруванням,5,15.98,ocapro,15.98$ ocapro (Опт — Акумулятор iPhone 15 PRO MAX ORIG 4750 mAh) | 17.12$ ocapro (Роздріб — Акумулятор iPhone 15 PRO MAX ORIG 4750 mAh) | 18.63$ ocapro (Опт — Акумулятор iPhone 15 Pro Max ORIG IOS 18/26 без помилки 4750 mAh) | 19.88$ ocapro (Роздріб — Акумулятор iPhone 15 Pro Max ORIG IOS 18/26 без помилки 4750 mAh) | 38.0$ icracked (Посилена 💪🏼З лого🍏 Genuine batteries ✅ Оригінальна деталь 100% - 0 циклів)
U.009.000-008,Apple IPhone 15 Pro Max,АКБ з калібруванням,5,15.98,ocapro,15.98$ ocapro (Опт — Акумулятор iPhone 15 PRO MAX ORIG 4750 mAh) | 17.12$ ocapro (Роздріб — Акумулятор iPhone 15 PRO MAX ORIG 4750 mAh) | 18.63$ ocapro (Опт — Акумулятор iPhone 15 Pro Max ORIG IOS 18/26 без помилки 4750 mAh) | 19.88$ ocapro (Роздріб — Акумулятор iPhone 15 Pro Max ORIG IOS 18/26 без помилки 4750 mAh) | 38.0$ icracked (Посилена 💪🏼З лого🍏 Genuine batteries ✅ Оригінальна деталь 100% - 0 циклів)
U.009.000-015,Apple IPhone 15 Pro Max,АКБ з калібруванням,5,15.98,ocapro,15.98$ ocapro (Опт — Акумулятор iPhone 15 PRO MAX ORIG 4750 mAh) | 17.12$ ocapro (Роздріб — Акумулятор iPhone 15 PRO MAX ORIG 4750 mAh) | 18.63$ ocapro (Опт — Акумулятор iPhone 15 Pro Max ORIG IOS 18/26 без помилки 4750 mAh) | 19.88$ ocapro (Роздріб — Акумулятор iPhone 15 Pro Max ORIG IOS 18/26 без помилки 4750 mAh) | 38.0$ icracked (Посилена 💪🏼З лого🍏 Genuine batteries ✅ Оригінальна деталь 100% - 0 циклів)
U.009.000-076,Apple IPhone 15 Pro Max,АКБ з калібруванням,5,15.98,ocapro,15.98$ ocapro (Опт — Акумулятор iPhone 15 PRO MAX ORIG 4750 mAh) | 17.12$ ocapro (Роздріб — Акумулятор iPhone 15 PRO MAX ORIG 4750 mAh) | 18.63$ ocapro (Опт — Акумулятор iPhone 15 Pro Max ORIG IOS 18/26 без помилки 4750 mAh) | 19.88$ ocapro (Роздріб — Акумулятор iPhone 15 Pro Max ORIG IOS 18/26 без помилки 4750 mAh) | 38.0$ icracked (Посилена 💪🏼З лого🍏 Genuine batteries ✅ Оригінальна деталь 100% - 0 циклів)
U.014.000-007,Apple IPhone 15 Pro Max,Вібро-мотор,0,,,
U.016.000-012,Apple IPhone 15 Pro Max,Гвинти фіксуючі (дисплейні),0,,,
U.016.000-013,Apple IPhone 15 Pro Max,Гвинти фіксуючі (дисплейні),0,,,
U.016.000-014,Apple IPhone 15 Pro Max,Гвинти фіксуючі (дисплейні),0,,,
U.016.000-015,Apple IPhone 15 Pro Max,Гвинти фіксуючі (дисплейні),0,,,
U.020.000-004,Apple IPhone 15 Pro Max,Датчик освітелння,0,,,
U.021.000-009,Apple IPhone 15 Pro Max,Динамік верхній (Speaker),0,,,
U.022.000-009,Apple IPhone 15 Pro Max,Динамік нижній (Buzzer),0,,,
U.023.000-044,Apple IPhone 15 Pro Max,Дисплейний модуль,2,86.95,ocapro,86.95$ ocapro (Опт — Дисплей iPhone 15 Pro Max OLED Soft 120 Hz) | 93.17$ ocapro (Роздріб — Дисплей iPhone 15 Pro Max OLED Soft 120 Hz)
U.023.000-008,Apple IPhone 15 Pro Max,Дисплейний модуль,2,86.95,ocapro,86.95$ ocapro (Опт — Дисплей iPhone 15 Pro Max OLED Soft 120 Hz) | 93.17$ ocapro (Роздріб — Дисплей iPhone 15 Pro Max OLED Soft 120 Hz)
U.023.000-056,Apple IPhone 15 Pro Max,Дисплейний модуль,2,86.95,ocapro,86.95$ ocapro (Опт — Дисплей iPhone 15 Pro Max OLED Soft 120 Hz) | 93.17$ ocapro (Роздріб — Дисплей iPhone 15 Pro Max OLED Soft 120 Hz)
U.023.000-057,Apple IPhone 15 Pro Max,Дисплейний модуль,2,86.95,ocapro,86.95$ ocapro (Опт — Дисплей iPhone 15 Pro Max OLED Soft 120 Hz) | 93.17$ ocapro (Роздріб — Дисплей iPhone 15 Pro Max OLED Soft 120 Hz)
U.023.000-058,Apple IPhone 15 Pro Max,Дисплейний модуль,2,86.95,ocapro,86.95$ ocapro (Опт — Дисплей iPhone 15 Pro Max OLED Soft 120 Hz) | 93.17$ ocapro (Роздріб — Дисплей iPhone 15 Pro Max OLED Soft 120 Hz)
U.024.000-016,Apple IPhone 15 Pro Max,Кришка корпусу задня з обвісом,0,,,
U.024.000-017,Apple IPhone 15 Pro Max,Кришка корпусу задня з обвісом,0,,,
U.024.000-018,Apple IPhone 15 Pro Max,Кришка корпусу задня з обвісом,0,,,
U.024.000-019,Apple IPhone 15 Pro Max,Кришка корпусу задня з обвісом,0,,,
U.026.000-005,Apple IPhone 15 Pro Max,Камера основна з лідаром,0,,,
U.026.000-009,Apple IPhone 15 Pro Max,Камера основна з лідаром,0,,,
U.027.000-003,Apple IPhone 15 Pro Max,Камера фронтальна з FaceID,0,,,
U.033.000-005,Apple IPhone 15 Pro Max,Комплект кнопок регулювання гучності та увімкнення,0,,,
U.035.000-004,Apple IPhone 15 Pro Max,Комплект скла основної камери,2,2.4,ocapro,2.4$ ocapro (Опт — Скло камери iPhone 15  Pro Max ORIG 3 шт.) | 2.55$ ocapro (Роздріб — Скло камери iPhone 15  Pro Max ORIG 3 шт.)
U.035.000-013,Apple IPhone 15 Pro Max,Комплект скла основної камери,2,2.4,ocapro,2.4$ ocapro (Опт — Скло камери iPhone 15  Pro Max ORIG 3 шт.) | 2.55$ ocapro (Роздріб — Скло камери iPhone 15  Pro Max ORIG 3 шт.)
U.035.000-015,Apple IPhone 15 Pro Max,Комплект скла основної камери,2,2.4,ocapro,2.4$ ocapro (Опт — Скло камери iPhone 15  Pro Max ORIG 3 шт.) | 2.55$ ocapro (Роздріб — Скло камери iPhone 15  Pro Max ORIG 3 шт.)
U.042.000-006,Apple IPhone 15 Pro Max,Датчик лідар,0,,,
U.048.000-002,Apple IPhone 15 Pro Max,Проклейка для АКБ,0,,,
U.049.000-004,Apple IPhone 15 Pro Max,Проклейка для ДМ,0,,,
U.049.000-009,Apple IPhone 15 Pro Max,Проклейка для ДМ,0,,,
U.050.000-003,Apple IPhone 15 Pro Max,Проклейка корпусна,0,,,
U.061.000-006,Apple IPhone 15 Pro Max,Скло дисплейного модулю,26,1.76,ocapro,1.76$ ocapro (Опт — Скло дисплея iPhone 15 Pro Max ORIG 1:1) | 1.89$ ocapro (Роздріб — Скло дисплея iPhone 15 Pro Max ORIG 1:1) | 2.12$ ocapro (Опт — Скло дисплея iPhone 15 Pro Max+OCA ORIG 1:1) | 2.25$ refparts (Великий опт — Скло+ОСА G+OCA pro iPhone 15 Pro Max) | 2.27$ ocapro (Роздріб — Скло дисплея iPhone 15 Pro Max+OCA ORIG 1:1) | 2.3$ refparts (Середній опт — Скло+ОСА G+OCA pro iPhone 15 Pro Max) | 2.35$ ocapro (Опт — Скло дисплея iPhone 15 Pro Max+OCA (Anti UV) ORIG 1:1) | 2.35$ refparts (Дрібний опт — Скло+ОСА G+OCA pro iPhone 15 Pro Max) | 2.4$ refparts (Великий опт — Скло+ОСА MUSTTBY iPhone 15 Pro Max) | 2.45$ refparts (Середній опт — Скло+ОСА MUSTTBY iPhone 15 Pro Max) | 2.5$ refparts (Дрібний опт — Скло+ОСА MUSTTBY iPhone 15 Pro Max) | 2.52$ ocapro (Роздріб — Скло дисплея iPhone 15 Pro Max+OCA (Anti UV) ORIG 1:1) | 2.7$ refparts (Великий опт — Скло+ОСА+поляр G+OCA pro iPhone 15 Pro Max) | 2.75$ refparts (Середній опт — Скло+ОСА+поляр G+OCA pro iPhone 15 Pro Max) | 2.8$ refparts (Дрібний опт — Скло+ОСА+поляр G+OCA pro iPhone 15 Pro Max) | 2.94$ ocapro (Опт — Скло дисплея iPhone 15 Pro Max+Polar+OCA ORIG 1:1) | 3.02$ ocapro (Опт — скло дисплея iPhone 15 Pro Max + T-OCA 125u ORIG 1:1) | 3.15$ ocapro (Роздріб — Скло дисплея iPhone 15 Pro Max+Polar+OCA ORIG 1:1) | 3.23$ ocapro (Роздріб — скло дисплея iPhone 15 Pro Max + T-OCA 125u ORIG 1:1) | 3.75$ refparts (Великий опт — Скло+ОСА Feaglet iPhone 15 Pro Max) | 3.8$ refparts (Середній опт — Скло+ОСА Feaglet iPhone 15 Pro Max) | 3.85$ refparts (Дрібний опт — Скло+ОСА Feaglet iPhone 15 Pro Max) | 4.0$ ocapro (Опт — Скло дисплея iPhone 15 Pro Max + OCA ORIG 1:1 (Feaglet)) | 4.28$ ocapro (Роздріб — Скло дисплея iPhone 15 Pro Max + OCA ORIG 1:1 (Feaglet)) | 6.82$ ocapro (Опт — Скло дисплея iPhone 15 Pro Max+OCA ORIG 99%) | 7.3$ ocapro (Роздріб — Скло дисплея iPhone 15 Pro Max+OCA ORIG 99%)
U.061.000-016,Apple IPhone 15 Pro Max,Скло дисплейного модулю,26,1.76,ocapro,1.76$ ocapro (Опт — Скло дисплея iPhone 15 Pro Max ORIG 1:1) | 1.89$ ocapro (Роздріб — Скло дисплея iPhone 15 Pro Max ORIG 1:1) | 2.12$ ocapro (Опт — Скло дисплея iPhone 15 Pro Max+OCA ORIG 1:1) | 2.25$ refparts (Великий опт — Скло+ОСА G+OCA pro iPhone 15 Pro Max) | 2.27$ ocapro (Роздріб — Скло дисплея iPhone 15 Pro Max+OCA ORIG 1:1) | 2.3$ refparts (Середній опт — Скло+ОСА G+OCA pro iPhone 15 Pro Max) | 2.35$ ocapro (Опт — Скло дисплея iPhone 15 Pro Max+OCA (Anti UV) ORIG 1:1) | 2.35$ refparts (Дрібний опт — Скло+ОСА G+OCA pro iPhone 15 Pro Max) | 2.4$ refparts (Великий опт — Скло+ОСА MUSTTBY iPhone 15 Pro Max) | 2.45$ refparts (Середній опт — Скло+ОСА MUSTTBY iPhone 15 Pro Max) | 2.5$ refparts (Дрібний опт — Скло+ОСА MUSTTBY iPhone 15 Pro Max) | 2.52$ ocapro (Роздріб — Скло дисплея iPhone 15 Pro Max+OCA (Anti UV) ORIG 1:1) | 2.7$ refparts (Великий опт — Скло+ОСА+поляр G+OCA pro iPhone 15 Pro Max) | 2.75$ refparts (Середній опт — Скло+ОСА+поляр G+OCA pro iPhone 15 Pro Max) | 2.8$ refparts (Дрібний опт — Скло+ОСА+поляр G+OCA pro iPhone 15 Pro Max) | 2.94$ ocapro (Опт — Скло дисплея iPhone 15 Pro Max+Polar+OCA ORIG 1:1) | 3.02$ ocapro (Опт — скло дисплея iPhone 15 Pro Max + T-OCA 125u ORIG 1:1) | 3.15$ ocapro (Роздріб — Скло дисплея iPhone 15 Pro Max+Polar+OCA ORIG 1:1) | 3.23$ ocapro (Роздріб — скло дисплея iPhone 15 Pro Max + T-OCA 125u ORIG 1:1) | 3.75$ refparts (Великий опт — Скло+ОСА Feaglet iPhone 15 Pro Max) | 3.8$ refparts (Середній опт — Скло+ОСА Feaglet iPhone 15 Pro Max) | 3.85$ refparts (Дрібний опт — Скло+ОСА Feaglet iPhone 15 Pro Max) | 4.0$ ocapro (Опт — Скло дисплея iPhone 15 Pro Max + OCA ORIG 1:1 (Feaglet)) | 4.28$ ocapro (Роздріб — Скло дисплея iPhone 15 Pro Max + OCA ORIG 1:1 (Feaglet)) | 6.82$ ocapro (Опт — Скло дисплея iPhone 15 Pro Max+OCA ORIG 99%) | 7.3$ ocapro (Роздріб — Скло дисплея iPhone 15 Pro Max+OCA ORIG 99%)
U.061.000-017,Apple IPhone 15 Pro Max,Скло дисплейного модулю,26,1.76,ocapro,1.76$ ocapro (Опт — Скло дисплея iPhone 15 Pro Max ORIG 1:1) | 1.89$ ocapro (Роздріб — Скло дисплея iPhone 15 Pro Max ORIG 1:1) | 2.12$ ocapro (Опт — Скло дисплея iPhone 15 Pro Max+OCA ORIG 1:1) | 2.25$ refparts (Великий опт — Скло+ОСА G+OCA pro iPhone 15 Pro Max) | 2.27$ ocapro (Роздріб — Скло дисплея iPhone 15 Pro Max+OCA ORIG 1:1) | 2.3$ refparts (Середній опт — Скло+ОСА G+OCA pro iPhone 15 Pro Max) | 2.35$ ocapro (Опт — Скло дисплея iPhone 15 Pro Max+OCA (Anti UV) ORIG 1:1) | 2.35$ refparts (Дрібний опт — Скло+ОСА G+OCA pro iPhone 15 Pro Max) | 2.4$ refparts (Великий опт — Скло+ОСА MUSTTBY iPhone 15 Pro Max) | 2.45$ refparts (Середній опт — Скло+ОСА MUSTTBY iPhone 15 Pro Max) | 2.5$ refparts (Дрібний опт — Скло+ОСА MUSTTBY iPhone 15 Pro Max) | 2.52$ ocapro (Роздріб — Скло дисплея iPhone 15 Pro Max+OCA (Anti UV) ORIG 1:1) | 2.7$ refparts (Великий опт — Скло+ОСА+поляр G+OCA pro iPhone 15 Pro Max) | 2.75$ refparts (Середній опт — Скло+ОСА+поляр G+OCA pro iPhone 15 Pro Max) | 2.8$ refparts (Дрібний опт — Скло+ОСА+поляр G+OCA pro iPhone 15 Pro Max) | 2.94$ ocapro (Опт — Скло дисплея iPhone 15 Pro Max+Polar+OCA ORIG 1:1) | 3.02$ ocapro (Опт — скло дисплея iPhone 15 Pro Max + T-OCA 125u ORIG 1:1) | 3.15$ ocapro (Роздріб — Скло дисплея iPhone 15 Pro Max+Polar+OCA ORIG 1:1) | 3.23$ ocapro (Роздріб — скло дисплея iPhone 15 Pro Max + T-OCA 125u ORIG 1:1) | 3.75$ refparts (Великий опт — Скло+ОСА Feaglet iPhone 15 Pro Max) | 3.8$ refparts (Середній опт — Скло+ОСА Feaglet iPhone 15 Pro Max) | 3.85$ refparts (Дрібний опт — Скло+ОСА Feaglet iPhone 15 Pro Max) | 4.0$ ocapro (Опт — Скло дисплея iPhone 15 Pro Max + OCA ORIG 1:1 (Feaglet)) | 4.28$ ocapro (Роздріб — Скло дисплея iPhone 15 Pro Max + OCA ORIG 1:1 (Feaglet)) | 6.82$ ocapro (Опт — Скло дисплея iPhone 15 Pro Max+OCA ORIG 99%) | 7.3$ ocapro (Роздріб — Скло дисплея iPhone 15 Pro Max+OCA ORIG 99%)
U.061.000-018,Apple IPhone 15 Pro Max,Скло дисплейного модулю,26,1.76,ocapro,1.76$ ocapro (Опт — Скло дисплея iPhone 15 Pro Max ORIG 1:1) | 1.89$ ocapro (Роздріб — Скло дисплея iPhone 15 Pro Max ORIG 1:1) | 2.12$ ocapro (Опт — Скло дисплея iPhone 15 Pro Max+OCA ORIG 1:1) | 2.25$ refparts (Великий опт — Скло+ОСА G+OCA pro iPhone 15 Pro Max) | 2.27$ ocapro (Роздріб — Скло дисплея iPhone 15 Pro Max+OCA ORIG 1:1) | 2.3$ refparts (Середній опт — Скло+ОСА G+OCA pro iPhone 15 Pro Max) | 2.35$ ocapro (Опт — Скло дисплея iPhone 15 Pro Max+OCA (Anti UV) ORIG 1:1) | 2.35$ refparts (Дрібний опт — Скло+ОСА G+OCA pro iPhone 15 Pro Max) | 2.4$ refparts (Великий опт — Скло+ОСА MUSTTBY iPhone 15 Pro Max) | 2.45$ refparts (Середній опт — Скло+ОСА MUSTTBY iPhone 15 Pro Max) | 2.5$ refparts (Дрібний опт — Скло+ОСА MUSTTBY iPhone 15 Pro Max) | 2.52$ ocapro (Роздріб — Скло дисплея iPhone 15 Pro Max+OCA (Anti UV) ORIG 1:1) | 2.7$ refparts (Великий опт — Скло+ОСА+поляр G+OCA pro iPhone 15 Pro Max) | 2.75$ refparts (Середній опт — Скло+ОСА+поляр G+OCA pro iPhone 15 Pro Max) | 2.8$ refparts (Дрібний опт — Скло+ОСА+поляр G+OCA pro iPhone 15 Pro Max) | 2.94$ ocapro (Опт — Скло дисплея iPhone 15 Pro Max+Polar+OCA ORIG 1:1) | 3.02$ ocapro (Опт — скло дисплея iPhone 15 Pro Max + T-OCA 125u ORIG 1:1) | 3.15$ ocapro (Роздріб — Скло дисплея iPhone 15 Pro Max+Polar+OCA ORIG 1:1) | 3.23$ ocapro (Роздріб — скло дисплея iPhone 15 Pro Max + T-OCA 125u ORIG 1:1) | 3.75$ refparts (Великий опт — Скло+ОСА Feaglet iPhone 15 Pro Max) | 3.8$ refparts (Середній опт — Скло+ОСА Feaglet iPhone 15 Pro Max) | 3.85$ refparts (Дрібний опт — Скло+ОСА Feaglet iPhone 15 Pro Max) | 4.0$ ocapro (Опт — Скло дисплея iPhone 15 Pro Max + OCA ORIG 1:1 (Feaglet)) | 4.28$ ocapro (Роздріб — Скло дисплея iPhone 15 Pro Max + OCA ORIG 1:1 (Feaglet)) | 6.82$ ocapro (Опт — Скло дисплея iPhone 15 Pro Max+OCA ORIG 99%) | 7.3$ ocapro (Роздріб — Скло дисплея iPhone 15 Pro Max+OCA ORIG 99%)
U.061.000-066,Apple iPhone 15 Pro,Скло дисплейного модулю,26,1.65,ocapro,1.65$ ocapro (Опт — Скло дисплея iPhone 15 Pro ORIG 1:1) | 1.76$ ocapro (Роздріб — Скло дисплея iPhone 15 Pro ORIG 1:1) | 2.0$ ocapro (Опт — Скло дисплея iPhone 15 Pro+OCA ORIG 1:1) | 2.12$ ocapro (Опт — Скло дисплея iPhone 15 Pro+OCA (Anti UV) ORIG 1:1) | 2.15$ ocapro (Роздріб — Скло дисплея iPhone 15 Pro+OCA ORIG 1:1) | 2.27$ ocapro (Роздріб — Скло дисплея iPhone 15 Pro+OCA (Anti UV) ORIG 1:1) | 2.3$ refparts (Великий опт — Скло+ОСА G+OCA pro iPhone 15 Pro) | 2.3$ refparts (Великий опт — Скло+ОСА MUSTTBY iPhone 15 Pro) | 2.35$ refparts (Середній опт — Скло+ОСА G+OCA pro iPhone 15 Pro) | 2.35$ refparts (Середній опт — Скло+ОСА MUSTTBY iPhone 15 Pro) | 2.4$ refparts (Дрібний опт — Скло+ОСА G+OCA pro iPhone 15 Pro) | 2.4$ refparts (Дрібний опт — Скло+ОСА MUSTTBY iPhone 15 Pro) | 2.7$ refparts (Великий опт — Скло+ОСА+поляр G+OCA pro iPhone 15 Pro) | 2.75$ refparts (Середній опт — Скло+ОСА+поляр G+OCA pro iPhone 15 Pro) | 2.8$ refparts (Дрібний опт — Скло+ОСА+поляр G+OCA pro iPhone 15 Pro) | 2.9$ ocapro (Опт — скло дисплея iPhone 15 Pro + T-OCA 125u ORIG 1:1) | 2.94$ ocapro (Опт — Скло дисплея iPhone 15 Pro+Polar+OCA ORIG 1:1) | 3.09$ ocapro (Роздріб — скло дисплея iPhone 15 Pro + T-OCA 125u ORIG 1:1) | 3.15$ ocapro (Роздріб — Скло дисплея iPhone 15 Pro+Polar+OCA ORIG 1:1) | 3.35$ refparts (Великий опт — Скло+ОСА Feaglet iPhone 15 Pro) | 3.4$ refparts (Середній опт — Скло+ОСА Feaglet iPhone 15 Pro) | 3.45$ refparts (Дрібний опт — Скло+ОСА Feaglet iPhone 15 Pro) | 3.76$ ocapro (Опт — Скло дисплея iPhone 15 Pro + OCA ORIG 1:1 (Feaglet)) | 4.03$ ocapro (Роздріб — Скло дисплея iPhone 15 Pro + OCA ORIG 1:1 (Feaglet)) | 6.58$ ocapro (Опт — Скло дисплея iPhone 15 pro+OCA ORIG 99%) | 7.05$ ocapro (Роздріб — Скло дисплея iPhone 15 pro+OCA ORIG 99%)
U.061.000-067,Apple iPhone 16 Pro Max,Скло дисплейного модулю,26,1.88,ocapro,1.88$ ocapro (Опт — Скло дисплея iPhone 16 Pro Max ORIG 1:1) | 2.01$ ocapro (Роздріб — Скло дисплея iPhone 16 Pro Max ORIG 1:1) | 2.24$ ocapro (Опт — Скло дисплея iPhone 16 Pro Max+OCA ORIG 1:1) | 2.35$ refparts (Великий опт — Скло+ОСА G+OCA pro iPhone 16 Pro Max) | 2.4$ ocapro (Роздріб — Скло дисплея iPhone 16 Pro Max+OCA ORIG 1:1) | 2.4$ refparts (Середній опт — Скло+ОСА G+OCA pro iPhone 16 Pro Max) | 2.4$ refparts (Великий опт — Скло+ОСА MUSTTBY iPhone 16 Pro Max) | 2.45$ refparts (Дрібний опт — Скло+ОСА G+OCA pro iPhone 16 Pro Max) | 2.45$ refparts (Середній опт — Скло+ОСА MUSTTBY iPhone 16 Pro Max) | 2.5$ refparts (Дрібний опт — Скло+ОСА MUSTTBY iPhone 16 Pro Max) | 2.59$ ocapro (Опт — Скло дисплея iPhone 16 Pro Max+OCA (Anti UV) ORIG 1:1) | 2.77$ ocapro (Роздріб — Скло дисплея iPhone 16 Pro Max+OCA (Anti UV) ORIG 1:1) | 2.9$ refparts (Великий опт — Скло+ОСА+поляр G+OCA pro iPhone 16 Pro Max) | 2.95$ refparts (Середній опт — Скло+ОСА+поляр G+OCA pro iPhone 16 Pro Max) | 3.0$ refparts (Дрібний опт — Скло+ОСА+поляр G+OCA pro iPhone 16 Pro Max) | 3.06$ ocapro (Опт — Скло дисплея iPhone 16 Pro Max+Polar+OCA ORIG 1:1) | 3.15$ ocapro (Опт — Скло дисплея iPhone 16 Pro Max+Т-OCA ORIG 1:1) | 3.27$ ocapro (Роздріб — Скло дисплея iPhone 16 Pro Max+Polar+OCA ORIG 1:1) | 3.36$ ocapro (Роздріб — Скло дисплея iPhone 16 Pro Max+Т-OCA ORIG 1:1) | 3.7$ refparts (Великий опт — Скло+ОСА Feaglet iPhone 16 Pro Max) | 3.75$ refparts (Середній опт — Скло+ОСА Feaglet iPhone 16 Pro Max) | 3.8$ refparts (Дрібний опт — Скло+ОСА Feaglet iPhone 16 Pro Max) | 4.0$ ocapro (Опт — Скло дисплея iPhone 16 Pro Max + OCA ORIG 1:1 (Feaglet)) | 4.28$ ocapro (Роздріб — Скло дисплея iPhone 16 Pro Max + OCA ORIG 1:1 (Feaglet)) | 7.05$ ocapro (Опт — Скло дисплея iPhone 16 Pro Max+OCA ORIG 99%) | 7.55$ ocapro (Роздріб — Скло дисплея iPhone 16 Pro Max+OCA ORIG 99%)
U.066.000-006,Apple IPhone 15 Pro Max,Чіп захисту ДМ,0,,,
U.069.000-003,Apple IPhone 15 Pro Max,Шлейф верхній з датчиком світла,0,,,
U.072.000-002,Apple IPhone 15 Pro Max,Шлейф із зарядкою та мікрофоном,0,,,
U.072.000-003,Apple iPhone 15 Pro,Шлейф із зарядкою та мікрофоном,0,,,
U.072.000-004,Apple iPhone 13 Pro,Шлейф із зарядкою та мікрофоном,0,,,
U.072.000-005,Apple iPhone 16 Pro Max,Шлейф із зарядкою та мікрофоном,0,,,
U.072.000-006,Apple iPhone 16 Pro,Шлейф із зарядкою та мікрофоном,0,,,
U.074.000-005,Apple IPhone 15 Pro Max,"Шлейф зі спалахом, мікрофоном і бездротовою зарядкою",0,,,
U.075.000-010,Apple IPhone 15 Pro Max,Шлейф кнопок гучності і вмикання,0,,,
U.076.000-006,Apple IPhone 15 Pro Max,Шлейф модулю Bluetooth/NFC,0,,,
U.076.000-015,Apple iPhone 15,Шлейф модулю Bluetooth/NFC,0,,,
U.078.000-005,Apple IPhone 15 Pro Max,Шлейф модулю WiFi,0,,,
U.079.000-008,Apple IPhone 15 Pro Max,Шлейф нижній із зарядним портом і мікрофоном,0,,,
U.081.000-032,Apple IPhone 15 Pro Max,Кришка корпусу задня без обвісу,17,14.1,ocapro,14.1$ ocapro (Опт — Задня кришка iPhone 15 Pro Max Black Titanium (camera+frame+magnet)) | 14.1$ ocapro (Опт — Задня кришка iPhone 15 Pro Max Titanium (camera+frame+magnet)) | 14.1$ ocapro (Опт — Задня кришка iPhone 15 Pro Max White Titanium (camera+frame+magnet)) | 15.11$ ocapro (Роздріб — Задня кришка iPhone 15 Pro Max Black Titanium (camera+frame+magnet)) | 15.11$ ocapro (Роздріб — Задня кришка iPhone 15 Pro Max Titanium (camera+frame+magnet)) | 15.11$ ocapro (Роздріб — Задня кришка iPhone 15 Pro Max White Titanium (camera+frame+magnet)) | 15.28$ ocapro (Опт — Задня кришка iPhone 15 Pro Max Black Titanium BIG) | 15.28$ ocapro (Опт — Задня кришка iPhone 15 Pro Max Blue Titanium BIG) | 15.28$ ocapro (Опт — Задня кришка iPhone 15 Pro Max Titanium BIG) | 15.28$ ocapro (Опт — Задня кришка iPhone 15 Pro Max White Titanium BIG) | 15.28$ ocapro (Опт — Задня кришка iPhone 15 Pro Max Blue Titanium (camera+frame+magnet)) | 16.37$ ocapro (Роздріб — Задня кришка iPhone 15 Pro Max Black Titanium BIG) | 16.37$ ocapro (Роздріб — Задня кришка iPhone 15 Pro Max Blue Titanium BIG) | 16.37$ ocapro (Роздріб — Задня кришка iPhone 15 Pro Max Titanium BIG) | 16.37$ ocapro (Роздріб — Задня кришка iPhone 15 Pro Max White Titanium BIG) | 16.37$ ocapro (Роздріб — Задня кришка iPhone 15 Pro Max Blue Titanium (camera+frame+magnet)) | 18.0$ levelparts (𝐂кло корпусу iPhone)
U.081.000-033,Apple IPhone 15 Pro Max,Кришка корпусу задня без обвісу,17,14.1,ocapro,14.1$ ocapro (Опт — Задня кришка iPhone 15 Pro Max Black Titanium (camera+frame+magnet)) | 14.1$ ocapro (Опт — Задня кришка iPhone 15 Pro Max Titanium (camera+frame+magnet)) | 14.1$ ocapro (Опт — Задня кришка iPhone 15 Pro Max White Titanium (camera+frame+magnet)) | 15.11$ ocapro (Роздріб — Задня кришка iPhone 15 Pro Max Black Titanium (camera+frame+magnet)) | 15.11$ ocapro (Роздріб — Задня кришка iPhone 15 Pro Max Titanium (camera+frame+magnet)) | 15.11$ ocapro (Роздріб — Задня кришка iPhone 15 Pro Max White Titanium (camera+frame+magnet)) | 15.28$ ocapro (Опт — Задня кришка iPhone 15 Pro Max Black Titanium BIG) | 15.28$ ocapro (Опт — Задня кришка iPhone 15 Pro Max Blue Titanium BIG) | 15.28$ ocapro (Опт — Задня кришка iPhone 15 Pro Max Titanium BIG) | 15.28$ ocapro (Опт — Задня кришка iPhone 15 Pro Max White Titanium BIG) | 15.28$ ocapro (Опт — Задня кришка iPhone 15 Pro Max Blue Titanium (camera+frame+magnet)) | 16.37$ ocapro (Роздріб — Задня кришка iPhone 15 Pro Max Black Titanium BIG) | 16.37$ ocapro (Роздріб — Задня кришка iPhone 15 Pro Max Blue Titanium BIG) | 16.37$ ocapro (Роздріб — Задня кришка iPhone 15 Pro Max Titanium BIG) | 16.37$ ocapro (Роздріб — Задня кришка iPhone 15 Pro Max White Titanium BIG) | 16.37$ ocapro (Роздріб — Задня кришка iPhone 15 Pro Max Blue Titanium (camera+frame+magnet)) | 18.0$ levelparts (𝐂кло корпусу iPhone)
U.081.000-034,Apple IPhone 15 Pro Max,Кришка корпусу задня без обвісу,17,14.1,ocapro,14.1$ ocapro (Опт — Задня кришка iPhone 15 Pro Max Black Titanium (camera+frame+magnet)) | 14.1$ ocapro (Опт — Задня кришка iPhone 15 Pro Max Titanium (camera+frame+magnet)) | 14.1$ ocapro (Опт — Задня кришка iPhone 15 Pro Max White Titanium (camera+frame+magnet)) | 15.11$ ocapro (Роздріб — Задня кришка iPhone 15 Pro Max Black Titanium (camera+frame+magnet)) | 15.11$ ocapro (Роздріб — Задня кришка iPhone 15 Pro Max Titanium (camera+frame+magnet)) | 15.11$ ocapro (Роздріб — Задня кришка iPhone 15 Pro Max White Titanium (camera+frame+magnet)) | 15.28$ ocapro (Опт — Задня кришка iPhone 15 Pro Max Black Titanium BIG) | 15.28$ ocapro (Опт — Задня кришка iPhone 15 Pro Max Blue Titanium BIG) | 15.28$ ocapro (Опт — Задня кришка iPhone 15 Pro Max Titanium BIG) | 15.28$ ocapro (Опт — Задня кришка iPhone 15 Pro Max White Titanium BIG) | 15.28$ ocapro (Опт — Задня кришка iPhone 15 Pro Max Blue Titanium (camera+frame+magnet)) | 16.37$ ocapro (Роздріб — Задня кришка iPhone 15 Pro Max Black Titanium BIG) | 16.37$ ocapro (Роздріб — Задня кришка iPhone 15 Pro Max Blue Titanium BIG) | 16.37$ ocapro (Роздріб — Задня кришка iPhone 15 Pro Max Titanium BIG) | 16.37$ ocapro (Роздріб — Задня кришка iPhone 15 Pro Max White Titanium BIG) | 16.37$ ocapro (Роздріб — Задня кришка iPhone 15 Pro Max Blue Titanium (camera+frame+magnet)) | 18.0$ levelparts (𝐂кло корпусу iPhone)
U.081.000-035,Apple IPhone 15 Pro Max,Кришка корпусу задня без обвісу,17,14.1,ocapro,14.1$ ocapro (Опт — Задня кришка iPhone 15 Pro Max Black Titanium (camera+frame+magnet)) | 14.1$ ocapro (Опт — Задня кришка iPhone 15 Pro Max Titanium (camera+frame+magnet)) | 14.1$ ocapro (Опт — Задня кришка iPhone 15 Pro Max White Titanium (camera+frame+magnet)) | 15.11$ ocapro (Роздріб — Задня кришка iPhone 15 Pro Max Black Titanium (camera+frame+magnet)) | 15.11$ ocapro (Роздріб — Задня кришка iPhone 15 Pro Max Titanium (camera+frame+magnet)) | 15.11$ ocapro (Роздріб — Задня кришка iPhone 15 Pro Max White Titanium (camera+frame+magnet)) | 15.28$ ocapro (Опт — Задня кришка iPhone 15 Pro Max Black Titanium BIG) | 15.28$ ocapro (Опт — Задня кришка iPhone 15 Pro Max Blue Titanium BIG) | 15.28$ ocapro (Опт — Задня кришка iPhone 15 Pro Max Titanium BIG) | 15.28$ ocapro (Опт — Задня кришка iPhone 15 Pro Max White Titanium BIG) | 15.28$ ocapro (Опт — Задня кришка iPhone 15 Pro Max Blue Titanium (camera+frame+magnet)) | 16.37$ ocapro (Роздріб — Задня кришка iPhone 15 Pro Max Black Titanium BIG) | 16.37$ ocapro (Роздріб — Задня кришка iPhone 15 Pro Max Blue Titanium BIG) | 16.37$ ocapro (Роздріб — Задня кришка iPhone 15 Pro Max Titanium BIG) | 16.37$ ocapro (Роздріб — Задня кришка iPhone 15 Pro Max White Titanium BIG) | 16.37$ ocapro (Роздріб — Задня кришка iPhone 15 Pro Max Blue Titanium (camera+frame+magnet)) | 18.0$ levelparts (𝐂кло корпусу iPhone)
U.082.000-001,Apple IPhone 15 Pro Max,Шлейф модулю GPS,0,,,
U.084.000-018,Apple IPhone 15 Pro Max,Корпус смартфону в зборі,0,,,
U.084.000-047,Apple IPhone 15 Pro Max,Корпус смартфону в зборі,0,,,
U.084.000-048,Apple IPhone 15 Pro Max,Корпус смартфону в зборі,0,,,
U.084.000-049,Apple IPhone 15 Pro Max,Корпус смартфону в зборі,0,,,
U.084.000-050,Apple IPhone 15 Pro Max,Корпус смартфону в зборі,0,,,
U.127.000-002,Apple IPhone 15 Pro Max,Шлейф програмування FaceID,0,,,
U.134.000-003,Apple IPhone 15 Pro Max,Рамка корпуса,0,,,
U.134.000-004,Apple IPhone 15 Pro Max,Рамка корпуса,0,,,
U.134.000-005,Apple IPhone 15 Pro Max,Рамка корпуса,0,,,
U.134.000-019,Apple iPhone 15 Pro Max,Рамка корпуса,0,,,
U.008.000-015,Apple IPhone 15 Pro Max,АКБ без калібрування,9,10.05,ocapro,10.05$ ocapro (Опт — Акумулятор iPhone 15 pro max Банка 4422 mAh стандартна ємність) | 10.82$ ocapro (Роздріб — Акумулятор iPhone 15 pro max Банка 4422 mAh стандартна ємність) | 11.0$ icracked (Банка (АКБ без контроллера)) | 12.46$ ocapro (Опт — Акумулятор iPhone 15 Pro Max ORIG Банка підвищена ємність 4750 mAh) | 12.7$ ocapro (Опт — Акумулятор iPhone 15 Pro Max ORIG Банка підвищена ємність 4750 mAh (Logo)) | 13.35$ ocapro (Роздріб — Акумулятор iPhone 15 Pro Max ORIG Банка підвищена ємність 4750 mAh) | 13.6$ ocapro (Роздріб — Акумулятор iPhone 15 Pro Max ORIG Банка підвищена ємність 4750 mAh (Logo)) | 19.0$ icracked (Стандарт 🔄 вживана деталь 100% - 0 циклів) | 20.0$ icracked (Посилена 💪🏼 + лого🍏 🔄 вживана деталь 100% - 0 циклів)
U.076.000-010,Apple IPhone 15 Pro Max,Шлейф модулю Bluetooth/NFC,0,,,
U.050.000-005,Apple IPhone 15 Pro Max,Проклейка корпусна,0,,,
U.016.000-034,Apple IPhone 15 Pro Max,Гвинти фіксуючі (дисплейні),0,,,
U.016.000-035,Apple IPhone 15 Pro Max,Гвинти фіксуючі (дисплейні),0,,,
U.016.000-036,Apple IPhone 15 Pro Max,Гвинти фіксуючі (дисплейні),0,,,
U.016.000-037,Apple IPhone 15 Pro Max,Гвинти фіксуючі (дисплейні),0,,,
U.134.000-007,Apple IPhone 15 Pro Max,Рамка корпуса,0,,,
U.134.000-020,Apple iPhone 15 Pro Max,Рамка корпуса,0,,,
U.134.000-022,Apple iPhone 16 Pro Max,Рамка корпуса,0,,,
U.061.000-053,Apple IPhone 15 Pro Max,Скло дисплейного модулю,26,1.76,ocapro,1.76$ ocapro (Опт — Скло дисплея iPhone 15 Pro Max ORIG 1:1) | 1.89$ ocapro (Роздріб — Скло дисплея iPhone 15 Pro Max ORIG 1:1) | 2.12$ ocapro (Опт — Скло дисплея iPhone 15 Pro Max+OCA ORIG 1:1) | 2.25$ refparts (Великий опт — Скло+ОСА G+OCA pro iPhone 15 Pro Max) | 2.27$ ocapro (Роздріб — Скло дисплея iPhone 15 Pro Max+OCA ORIG 1:1) | 2.3$ refparts (Середній опт — Скло+ОСА G+OCA pro iPhone 15 Pro Max) | 2.35$ ocapro (Опт — Скло дисплея iPhone 15 Pro Max+OCA (Anti UV) ORIG 1:1) | 2.35$ refparts (Дрібний опт — Скло+ОСА G+OCA pro iPhone 15 Pro Max) | 2.4$ refparts (Великий опт — Скло+ОСА MUSTTBY iPhone 15 Pro Max) | 2.45$ refparts (Середній опт — Скло+ОСА MUSTTBY iPhone 15 Pro Max) | 2.5$ refparts (Дрібний опт — Скло+ОСА MUSTTBY iPhone 15 Pro Max) | 2.52$ ocapro (Роздріб — Скло дисплея iPhone 15 Pro Max+OCA (Anti UV) ORIG 1:1) | 2.7$ refparts (Великий опт — Скло+ОСА+поляр G+OCA pro iPhone 15 Pro Max) | 2.75$ refparts (Середній опт — Скло+ОСА+поляр G+OCA pro iPhone 15 Pro Max) | 2.8$ refparts (Дрібний опт — Скло+ОСА+поляр G+OCA pro iPhone 15 Pro Max) | 2.94$ ocapro (Опт — Скло дисплея iPhone 15 Pro Max+Polar+OCA ORIG 1:1) | 3.02$ ocapro (Опт — скло дисплея iPhone 15 Pro Max + T-OCA 125u ORIG 1:1) | 3.15$ ocapro (Роздріб — Скло дисплея iPhone 15 Pro Max+Polar+OCA ORIG 1:1) | 3.23$ ocapro (Роздріб — скло дисплея iPhone 15 Pro Max + T-OCA 125u ORIG 1:1) | 3.75$ refparts (Великий опт — Скло+ОСА Feaglet iPhone 15 Pro Max) | 3.8$ refparts (Середній опт — Скло+ОСА Feaglet iPhone 15 Pro Max) | 3.85$ refparts (Дрібний опт — Скло+ОСА Feaglet iPhone 15 Pro Max) | 4.0$ ocapro (Опт — Скло дисплея iPhone 15 Pro Max + OCA ORIG 1:1 (Feaglet)) | 4.28$ ocapro (Роздріб — Скло дисплея iPhone 15 Pro Max + OCA ORIG 1:1 (Feaglet)) | 6.82$ ocapro (Опт — Скло дисплея iPhone 15 Pro Max+OCA ORIG 99%) | 7.3$ ocapro (Роздріб — Скло дисплея iPhone 15 Pro Max+OCA ORIG 99%)
U.134.000-018,Apple IPhone 15 Pro Max,Рамка корпуса,0,,,
U.024.000-034,Apple IPhone 15 Pro Max,Кришка корпусу задня з обвісом,0,,,
U.131.000-003,Apple IPhone 15 Pro Max,Шлейф фронтальної камери,0,,,
U.154.000-004,Apple IPhone 15 Pro Max,Форма для пресу,0,,,
U.061.000-059,Apple IPhone 15 Pro Max,Скло дисплейного модулю,26,1.76,ocapro,1.76$ ocapro (Опт — Скло дисплея iPhone 15 Pro Max ORIG 1:1) | 1.89$ ocapro (Роздріб — Скло дисплея iPhone 15 Pro Max ORIG 1:1) | 2.12$ ocapro (Опт — Скло дисплея iPhone 15 Pro Max+OCA ORIG 1:1) | 2.25$ refparts (Великий опт — Скло+ОСА G+OCA pro iPhone 15 Pro Max) | 2.27$ ocapro (Роздріб — Скло дисплея iPhone 15 Pro Max+OCA ORIG 1:1) | 2.3$ refparts (Середній опт — Скло+ОСА G+OCA pro iPhone 15 Pro Max) | 2.35$ ocapro (Опт — Скло дисплея iPhone 15 Pro Max+OCA (Anti UV) ORIG 1:1) | 2.35$ refparts (Дрібний опт — Скло+ОСА G+OCA pro iPhone 15 Pro Max) | 2.4$ refparts (Великий опт — Скло+ОСА MUSTTBY iPhone 15 Pro Max) | 2.45$ refparts (Середній опт — Скло+ОСА MUSTTBY iPhone 15 Pro Max) | 2.5$ refparts (Дрібний опт — Скло+ОСА MUSTTBY iPhone 15 Pro Max) | 2.52$ ocapro (Роздріб — Скло дисплея iPhone 15 Pro Max+OCA (Anti UV) ORIG 1:1) | 2.7$ refparts (Великий опт — Скло+ОСА+поляр G+OCA pro iPhone 15 Pro Max) | 2.75$ refparts (Середній опт — Скло+ОСА+поляр G+OCA pro iPhone 15 Pro Max) | 2.8$ refparts (Дрібний опт — Скло+ОСА+поляр G+OCA pro iPhone 15 Pro Max) | 2.94$ ocapro (Опт — Скло дисплея iPhone 15 Pro Max+Polar+OCA ORIG 1:1) | 3.02$ ocapro (Опт — скло дисплея iPhone 15 Pro Max + T-OCA 125u ORIG 1:1) | 3.15$ ocapro (Роздріб — Скло дисплея iPhone 15 Pro Max+Polar+OCA ORIG 1:1) | 3.23$ ocapro (Роздріб — скло дисплея iPhone 15 Pro Max + T-OCA 125u ORIG 1:1) | 3.75$ refparts (Великий опт — Скло+ОСА Feaglet iPhone 15 Pro Max) | 3.8$ refparts (Середній опт — Скло+ОСА Feaglet iPhone 15 Pro Max) | 3.85$ refparts (Дрібний опт — Скло+ОСА Feaglet iPhone 15 Pro Max) | 4.0$ ocapro (Опт — Скло дисплея iPhone 15 Pro Max + OCA ORIG 1:1 (Feaglet)) | 4.28$ ocapro (Роздріб — Скло дисплея iPhone 15 Pro Max + OCA ORIG 1:1 (Feaglet)) | 6.82$ ocapro (Опт — Скло дисплея iPhone 15 Pro Max+OCA ORIG 99%) | 7.3$ ocapro (Роздріб — Скло дисплея iPhone 15 Pro Max+OCA ORIG 99%)
U.161.000-004,Apple IPhone 15 Pro Max,Форма полірувальна,0,,,
U.086.000-003,"Apple IPhone 15 Pro, Apple IPhone 15 Pro Max",Шлейф програмування АКБ,0,,,
U.117.000-001,"Apple IPhone 15 Pro, Apple IPhone 15 Pro Max",Шлейф акумулятора,2,12.7,ocapro,12.7$ ocapro (Опт — JCID Tag-On Battery Repair iPhone 15 Pro/15 Pro Max) | 13.6$ ocapro (Роздріб — JCID Tag-On Battery Repair iPhone 15 Pro/15 Pro Max)
U.086.000-004,"Apple IPhone 15, Apple IPhone 15 Plus",Шлейф програмування АКБ,0,,,
U.117.000-005,"Apple IPhone 15, Apple IPhone 15 Plus",Шлейф акумулятора,0,,,
U.101.000-003,"Apple IPhone 15, Apple IPhone 15 Pro",Плівка дисплею смартфону захисна,4,1.26,ocapro,1.26$ ocapro (Опт — Захисне скло дисплея iPhone 15 Pro W'element Gorilla 3D HD) | 1.34$ ocapro (Роздріб — Захисне скло дисплея iPhone 15 Pro W'element Gorilla 3D HD) | 8.47$ ocapro (Опт — Захисне скло Remax 3D GL-27 для iPhone 15 Pro) | 9.03$ ocapro (Роздріб — Захисне скло Remax 3D GL-27 для iPhone 15 Pro)
U.023.000-022,Apple IPhone 16,Дисплейний модуль,2,72.85,ocapro,72.85$ ocapro (Опт — Дисплей iPhone 16 OLED Soft 120 Hz) | 78.06$ ocapro (Роздріб — Дисплей iPhone 16 OLED Soft 120 Hz)
U.025.000-019,Apple IPhone 16,Камера основна без лідару,0,,,
U.084.000-085,Apple IPhone 16,Корпус смартфону в зборі,0,,,
U.134.000-021,iPhone 16 Pro,Рамка корпуса,0,,,
U.118.000-002,Apple IPhone 16,Трафарет,1,5.0,uparts,5.0$ uparts (Ціна — Трафарет Amaoe BGA 0.12mm Apple iPhone 16)
U.161.000-002,Apple IPhone 16,Форма полірувальна,0,,,
U.154.000-008,Apple IPhone 16,Форма для пресу,0,,,
U.061.000-064,Apple IPhone 16,Скло дисплейного модулю,17,1.76,ocapro,1.76$ ocapro (Опт — Скло дисплея iPhone 16 ORIG 1:1) | 1.89$ ocapro (Роздріб — Скло дисплея iPhone 16 ORIG 1:1) | 2.12$ ocapro (Опт — Скло дисплея iPhone 16+OCA ORIG 1:1) | 2.25$ refparts (Великий опт — Скло+ОСА G+OCA pro iPhone 16) | 2.27$ ocapro (Роздріб — Скло дисплея iPhone 16+OCA ORIG 1:1) | 2.3$ refparts (Середній опт — Скло+ОСА G+OCA pro iPhone 16) | 2.35$ refparts (Дрібний опт — Скло+ОСА G+OCA pro iPhone 16) | 2.9$ refparts (Великий опт — Скло+ОСА+поляр G+OCA pro iPhone 16) | 2.95$ refparts (Середній опт — Скло+ОСА+поляр G+OCA pro iPhone 16) | 3.0$ refparts (Дрібний опт — Скло+ОСА+поляр G+OCA pro iPhone 16) | 3.15$ ocapro (Опт — Скло дисплея iPhone 16 +Т-OCA ORIG 1:1) | 3.36$ ocapro (Роздріб — Скло дисплея iPhone 16 +Т-OCA ORIG 1:1) | 3.53$ ocapro (Опт — Скло дисплея iPhone 16 + OCA ORIG 1:1 (Feaglet)) | 3.7$ refparts (Великий опт — Скло+ОСА Feaglet iPhone 16) | 3.75$ refparts (Середній опт — Скло+ОСА Feaglet iPhone 16) | 3.78$ ocapro (Роздріб — Скло дисплея iPhone 16 + OCA ORIG 1:1 (Feaglet)) | 3.8$ refparts (Дрібний опт — Скло+ОСА Feaglet iPhone 16)
U.061.000-068,Apple IPhone 16,Скло дисплейного модулю,17,1.76,ocapro,1.76$ ocapro (Опт — Скло дисплея iPhone 16 ORIG 1:1) | 1.89$ ocapro (Роздріб — Скло дисплея iPhone 16 ORIG 1:1) | 2.12$ ocapro (Опт — Скло дисплея iPhone 16+OCA ORIG 1:1) | 2.25$ refparts (Великий опт — Скло+ОСА G+OCA pro iPhone 16) | 2.27$ ocapro (Роздріб — Скло дисплея iPhone 16+OCA ORIG 1:1) | 2.3$ refparts (Середній опт — Скло+ОСА G+OCA pro iPhone 16) | 2.35$ refparts (Дрібний опт — Скло+ОСА G+OCA pro iPhone 16) | 2.9$ refparts (Великий опт — Скло+ОСА+поляр G+OCA pro iPhone 16) | 2.95$ refparts (Середній опт — Скло+ОСА+поляр G+OCA pro iPhone 16) | 3.0$ refparts (Дрібний опт — Скло+ОСА+поляр G+OCA pro iPhone 16) | 3.15$ ocapro (Опт — Скло дисплея iPhone 16 +Т-OCA ORIG 1:1) | 3.36$ ocapro (Роздріб — Скло дисплея iPhone 16 +Т-OCA ORIG 1:1) | 3.53$ ocapro (Опт — Скло дисплея iPhone 16 + OCA ORIG 1:1 (Feaglet)) | 3.7$ refparts (Великий опт — Скло+ОСА Feaglet iPhone 16) | 3.75$ refparts (Середній опт — Скло+ОСА Feaglet iPhone 16) | 3.78$ ocapro (Роздріб — Скло дисплея iPhone 16 + OCA ORIG 1:1 (Feaglet)) | 3.8$ refparts (Дрібний опт — Скло+ОСА Feaglet iPhone 16)
U.049.000-012,Apple IPhone 16 Plus,Проклейка для ДМ,0,,,
U.008.000-002,Apple IPhone 16 Pro,АКБ без калібрування,3,12.0,icracked,12.0$ icracked (Банка (АКБ без контроллера)) | 12.7$ ocapro (Опт — Акумулятор iPhone 16 Pro ORIG Банка підвищена ємність) | 13.6$ ocapro (Роздріб — Акумулятор iPhone 16 Pro ORIG Банка підвищена ємність)
U.009.000-019,Apple IPhone 16 Pro,АКБ з калібруванням,2,20.92,ocapro,20.92$ ocapro (Опт — Акумулятор iPhone 16 Pro ORIG) | 22.41$ ocapro (Роздріб — Акумулятор iPhone 16 Pro ORIG)
U.009.000-020,Apple IPhone 16 Pro,АКБ з калібруванням,2,20.92,ocapro,20.92$ ocapro (Опт — Акумулятор iPhone 16 Pro ORIG) | 22.41$ ocapro (Роздріб — Акумулятор iPhone 16 Pro ORIG)
U.009.000-021,Apple IPhone 16 Pro,АКБ з калібруванням,2,20.92,ocapro,20.92$ ocapro (Опт — Акумулятор iPhone 16 Pro ORIG) | 22.41$ ocapro (Роздріб — Акумулятор iPhone 16 Pro ORIG)
U.016.000-016,Apple IPhone 16 Pro,Гвинти фіксуючі (дисплейні),0,,,
U.016.000-017,Apple IPhone 16 Pro,Гвинти фіксуючі (дисплейні),0,,,
U.016.000-018,Apple IPhone 16 Pro,Гвинти фіксуючі (дисплейні),0,,,
U.016.000-019,Apple IPhone 16 Pro,Гвинти фіксуючі (дисплейні),0,,,
U.020.000-005,Apple IPhone 16 Pro,Датчик освітелння,0,,,
U.021.000-010,Apple IPhone 16 Pro,Динамік верхній (Speaker),0,,,
U.022.000-010,Apple IPhone 16 Pro,Динамік нижній (Buzzer),0,,,
U.023.000-009,Apple IPhone 16 Pro,Дисплейний модуль,2,91.65,ocapro,91.65$ ocapro (Опт — Дисплей iPhone 16 Pro OLED Soft 120 Hz) | 98.2$ ocapro (Роздріб — Дисплей iPhone 16 Pro OLED Soft 120 Hz)
U.023.000-023,Apple IPhone 16 Pro,Дисплейний модуль,2,91.65,ocapro,91.65$ ocapro (Опт — Дисплей iPhone 16 Pro OLED Soft 120 Hz) | 98.2$ ocapro (Роздріб — Дисплей iPhone 16 Pro OLED Soft 120 Hz)
U.024.000-020,Apple IPhone 16 Pro,Кришка корпусу задня з обвісом,0,,,
U.024.000-021,Apple IPhone 16 Pro,Кришка корпусу задня з обвісом,0,,,
U.024.000-022,Apple IPhone 16 Pro,Кришка корпусу задня з обвісом,0,,,
U.024.000-023,Apple IPhone 16 Pro,Кришка корпусу задня з обвісом,0,,,
U.026.000-006,Apple IPhone 16 Pro,Камера основна з лідаром,0,,,
U.026.000-010,Apple IPhone 16 Pro,Камера основна з лідаром,0,,,
U.027.000-004,Apple IPhone 16 Pro,Камера фронтальна з FaceID,0,,,
U.027.000-006,Apple IPhone 16 Pro,Камера фронтальна з FaceID,0,,,
U.027.000-008,Apple IPhone 16 Pro,Камера фронтальна з FaceID,0,,,
U.030.000-001,Apple IPhone 16 Pro,Кнопка камери,0,,,
U.035.000-005,Apple IPhone 16 Pro,Комплект скла основної камери,2,2.4,ocapro,2.4$ ocapro (Опт — Скло камери iPhone 16 Pro ORIG 3 шт.) | 2.55$ ocapro (Роздріб — Скло камери iPhone 16 Pro ORIG 3 шт.)
U.035.000-014,Apple IPhone 16 Pro,Комплект скла основної камери,2,2.4,ocapro,2.4$ ocapro (Опт — Скло камери iPhone 16 Pro ORIG 3 шт.) | 2.55$ ocapro (Роздріб — Скло камери iPhone 16 Pro ORIG 3 шт.)
U.036.000-001,Apple IPhone 16 Pro,Контролер заряду,0,,,
U.049.000-005,Apple IPhone 16 Pro,Проклейка для ДМ,0,,,
U.061.000-007,Apple IPhone 16 Pro,Скло дисплейного модулю,26,1.76,ocapro,1.76$ ocapro (Опт — Скло дисплея iPhone 16 Pro ORIG 1:1) | 1.89$ ocapro (Роздріб — Скло дисплея iPhone 16 Pro ORIG 1:1) | 2.12$ ocapro (Опт — Скло дисплея iPhone 16 Pro+OCA ORIG 1:1) | 2.27$ ocapro (Роздріб — Скло дисплея iPhone 16 Pro+OCA ORIG 1:1) | 2.3$ refparts (Великий опт — Скло+ОСА G+OCA pro iPhone 16 Pro) | 2.3$ refparts (Великий опт — Скло+ОСА MUSTTBY iPhone 16 Pro) | 2.35$ ocapro (Опт — Скло дисплея iPhone 16 Pro+OCA (Anti UV) ORIG 1:1) | 2.35$ refparts (Середній опт — Скло+ОСА G+OCA pro iPhone 16 Pro) | 2.35$ refparts (Середній опт — Скло+ОСА MUSTTBY iPhone 16 Pro) | 2.4$ refparts (Дрібний опт — Скло+ОСА G+OCA pro iPhone 16 Pro) | 2.42$ refparts (Дрібний опт — Скло+ОСА MUSTTBY iPhone 16 Pro) | 2.52$ ocapro (Роздріб — Скло дисплея iPhone 16 Pro+OCA (Anti UV) ORIG 1:1) | 2.9$ refparts (Великий опт — Скло+ОСА+поляр G+OCA pro iPhone 16 Pro) | 2.95$ refparts (Середній опт — Скло+ОСА+поляр G+OCA pro iPhone 16 Pro) | 3.0$ refparts (Дрібний опт — Скло+ОСА+поляр G+OCA pro iPhone 16 Pro) | 3.06$ ocapro (Опт — Скло дисплея iPhone 16 Pro+Polar+OCA ORIG 1:1) | 3.15$ ocapro (Опт — Скло дисплея iPhone 16 Pro+Т-OCA ORIG 1:1) | 3.27$ ocapro (Роздріб — Скло дисплея iPhone 16 Pro+Polar+OCA ORIG 1:1) | 3.36$ ocapro (Роздріб — Скло дисплея iPhone 16 Pro+Т-OCA ORIG 1:1) | 3.7$ refparts (Великий опт — Скло+ОСА Feaglet iPhone 16 Pro) | 3.75$ refparts (Середній опт — Скло+ОСА Feaglet iPhone 16 Pro) | 3.76$ ocapro (Опт — Скло дисплея iPhone 16 Pro + OCA ORIG 1:1 (Feaglet)) | 3.8$ refparts (Дрібний опт — Скло+ОСА Feaglet iPhone 16 Pro) | 4.03$ ocapro (Роздріб — Скло дисплея iPhone 16 Pro + OCA ORIG 1:1 (Feaglet)) | 6.82$ ocapro (Опт — Скло дисплея iPhone 16 Pro+OCA ORIG 99%) | 7.3$ ocapro (Роздріб — Скло дисплея iPhone 16 Pro+OCA ORIG 99%)
U.061.000-026,Apple IPhone 16 Pro,Скло дисплейного модулю,26,1.76,ocapro,1.76$ ocapro (Опт — Скло дисплея iPhone 16 Pro ORIG 1:1) | 1.89$ ocapro (Роздріб — Скло дисплея iPhone 16 Pro ORIG 1:1) | 2.12$ ocapro (Опт — Скло дисплея iPhone 16 Pro+OCA ORIG 1:1) | 2.27$ ocapro (Роздріб — Скло дисплея iPhone 16 Pro+OCA ORIG 1:1) | 2.3$ refparts (Великий опт — Скло+ОСА G+OCA pro iPhone 16 Pro) | 2.3$ refparts (Великий опт — Скло+ОСА MUSTTBY iPhone 16 Pro) | 2.35$ ocapro (Опт — Скло дисплея iPhone 16 Pro+OCA (Anti UV) ORIG 1:1) | 2.35$ refparts (Середній опт — Скло+ОСА G+OCA pro iPhone 16 Pro) | 2.35$ refparts (Середній опт — Скло+ОСА MUSTTBY iPhone 16 Pro) | 2.4$ refparts (Дрібний опт — Скло+ОСА G+OCA pro iPhone 16 Pro) | 2.42$ refparts (Дрібний опт — Скло+ОСА MUSTTBY iPhone 16 Pro) | 2.52$ ocapro (Роздріб — Скло дисплея iPhone 16 Pro+OCA (Anti UV) ORIG 1:1) | 2.9$ refparts (Великий опт — Скло+ОСА+поляр G+OCA pro iPhone 16 Pro) | 2.95$ refparts (Середній опт — Скло+ОСА+поляр G+OCA pro iPhone 16 Pro) | 3.0$ refparts (Дрібний опт — Скло+ОСА+поляр G+OCA pro iPhone 16 Pro) | 3.06$ ocapro (Опт — Скло дисплея iPhone 16 Pro+Polar+OCA ORIG 1:1) | 3.15$ ocapro (Опт — Скло дисплея iPhone 16 Pro+Т-OCA ORIG 1:1) | 3.27$ ocapro (Роздріб — Скло дисплея iPhone 16 Pro+Polar+OCA ORIG 1:1) | 3.36$ ocapro (Роздріб — Скло дисплея iPhone 16 Pro+Т-OCA ORIG 1:1) | 3.7$ refparts (Великий опт — Скло+ОСА Feaglet iPhone 16 Pro) | 3.75$ refparts (Середній опт — Скло+ОСА Feaglet iPhone 16 Pro) | 3.76$ ocapro (Опт — Скло дисплея iPhone 16 Pro + OCA ORIG 1:1 (Feaglet)) | 3.8$ refparts (Дрібний опт — Скло+ОСА Feaglet iPhone 16 Pro) | 4.03$ ocapro (Роздріб — Скло дисплея iPhone 16 Pro + OCA ORIG 1:1 (Feaglet)) | 6.82$ ocapro (Опт — Скло дисплея iPhone 16 Pro+OCA ORIG 99%) | 7.3$ ocapro (Роздріб — Скло дисплея iPhone 16 Pro+OCA ORIG 99%)
U.061.000-037,Apple IPhone 16 Pro,Скло дисплейного модулю,26,1.76,ocapro,1.76$ ocapro (Опт — Скло дисплея iPhone 16 Pro ORIG 1:1) | 1.89$ ocapro (Роздріб — Скло дисплея iPhone 16 Pro ORIG 1:1) | 2.12$ ocapro (Опт — Скло дисплея iPhone 16 Pro+OCA ORIG 1:1) | 2.27$ ocapro (Роздріб — Скло дисплея iPhone 16 Pro+OCA ORIG 1:1) | 2.3$ refparts (Великий опт — Скло+ОСА G+OCA pro iPhone 16 Pro) | 2.3$ refparts (Великий опт — Скло+ОСА MUSTTBY iPhone 16 Pro) | 2.35$ ocapro (Опт — Скло дисплея iPhone 16 Pro+OCA (Anti UV) ORIG 1:1) | 2.35$ refparts (Середній опт — Скло+ОСА G+OCA pro iPhone 16 Pro) | 2.35$ refparts (Середній опт — Скло+ОСА MUSTTBY iPhone 16 Pro) | 2.4$ refparts (Дрібний опт — Скло+ОСА G+OCA pro iPhone 16 Pro) | 2.42$ refparts (Дрібний опт — Скло+ОСА MUSTTBY iPhone 16 Pro) | 2.52$ ocapro (Роздріб — Скло дисплея iPhone 16 Pro+OCA (Anti UV) ORIG 1:1) | 2.9$ refparts (Великий опт — Скло+ОСА+поляр G+OCA pro iPhone 16 Pro) | 2.95$ refparts (Середній опт — Скло+ОСА+поляр G+OCA pro iPhone 16 Pro) | 3.0$ refparts (Дрібний опт — Скло+ОСА+поляр G+OCA pro iPhone 16 Pro) | 3.06$ ocapro (Опт — Скло дисплея iPhone 16 Pro+Polar+OCA ORIG 1:1) | 3.15$ ocapro (Опт — Скло дисплея iPhone 16 Pro+Т-OCA ORIG 1:1) | 3.27$ ocapro (Роздріб — Скло дисплея iPhone 16 Pro+Polar+OCA ORIG 1:1) | 3.36$ ocapro (Роздріб — Скло дисплея iPhone 16 Pro+Т-OCA ORIG 1:1) | 3.7$ refparts (Великий опт — Скло+ОСА Feaglet iPhone 16 Pro) | 3.75$ refparts (Середній опт — Скло+ОСА Feaglet iPhone 16 Pro) | 3.76$ ocapro (Опт — Скло дисплея iPhone 16 Pro + OCA ORIG 1:1 (Feaglet)) | 3.8$ refparts (Дрібний опт — Скло+ОСА Feaglet iPhone 16 Pro) | 4.03$ ocapro (Роздріб — Скло дисплея iPhone 16 Pro + OCA ORIG 1:1 (Feaglet)) | 6.82$ ocapro (Опт — Скло дисплея iPhone 16 Pro+OCA ORIG 99%) | 7.3$ ocapro (Роздріб — Скло дисплея iPhone 16 Pro+OCA ORIG 99%)
U.074.000-006,Apple IPhone 16 Pro,"Шлейф зі спалахом, мікрофоном і бездротовою зарядкою",0,,,
U.075.000-011,Apple IPhone 16 Pro,Шлейф кнопок гучності і вмикання,0,,,
U.076.000-007,Apple IPhone 16 Pro,Шлейф модулю Bluetooth/NFC,0,,,
U.078.000-006,Apple IPhone 16 Pro,Шлейф модулю WiFi,0,,,
U.079.000-009,Apple IPhone 16 Pro,Шлейф нижній із зарядним портом і мікрофоном,0,,,
U.081.000-036,Apple IPhone 16 Pro,Кришка корпусу задня без обвісу,9,14.81,ocapro,14.81$ ocapro (Опт — Задня кришка iPhone 16 Pro White Titanium+camera+frame+magnet) | 15.86$ ocapro (Роздріб — Задня кришка iPhone 16 Pro White Titanium+camera+frame+magnet) | 16.45$ ocapro (Опт — Задня кришка iPhone 16 Pro Black Titanium+camera+frame+magnet) | 16.45$ ocapro (Опт — Задня кришка iPhone 16 Pro Desert Titanium+camera+frame+magnet) | 16.45$ ocapro (Опт — Задня кришка iPhone 16 Pro Titanium+camera+frame+magnet) | 17.63$ ocapro (Роздріб — Задня кришка iPhone 16 Pro Black Titanium+camera+frame+magnet) | 17.63$ ocapro (Роздріб — Задня кришка iPhone 16 Pro Desert Titanium+camera+frame+magnet) | 17.63$ ocapro (Роздріб — Задня кришка iPhone 16 Pro Titanium+camera+frame+magnet) | 19.0$ levelparts (𝐂кло корпусу iPhone)
U.081.000-037,Apple IPhone 16 Pro,Кришка корпусу задня без обвісу,9,14.81,ocapro,14.81$ ocapro (Опт — Задня кришка iPhone 16 Pro White Titanium+camera+frame+magnet) | 15.86$ ocapro (Роздріб — Задня кришка iPhone 16 Pro White Titanium+camera+frame+magnet) | 16.45$ ocapro (Опт — Задня кришка iPhone 16 Pro Black Titanium+camera+frame+magnet) | 16.45$ ocapro (Опт — Задня кришка iPhone 16 Pro Desert Titanium+camera+frame+magnet) | 16.45$ ocapro (Опт — Задня кришка iPhone 16 Pro Titanium+camera+frame+magnet) | 17.63$ ocapro (Роздріб — Задня кришка iPhone 16 Pro Black Titanium+camera+frame+magnet) | 17.63$ ocapro (Роздріб — Задня кришка iPhone 16 Pro Desert Titanium+camera+frame+magnet) | 17.63$ ocapro (Роздріб — Задня кришка iPhone 16 Pro Titanium+camera+frame+magnet) | 19.0$ levelparts (𝐂кло корпусу iPhone)
U.081.000-038,Apple IPhone 16 Pro,Кришка корпусу задня без обвісу,9,14.81,ocapro,14.81$ ocapro (Опт — Задня кришка iPhone 16 Pro White Titanium+camera+frame+magnet) | 15.86$ ocapro (Роздріб — Задня кришка iPhone 16 Pro White Titanium+camera+frame+magnet) | 16.45$ ocapro (Опт — Задня кришка iPhone 16 Pro Black Titanium+camera+frame+magnet) | 16.45$ ocapro (Опт — Задня кришка iPhone 16 Pro Desert Titanium+camera+frame+magnet) | 16.45$ ocapro (Опт — Задня кришка iPhone 16 Pro Titanium+camera+frame+magnet) | 17.63$ ocapro (Роздріб — Задня кришка iPhone 16 Pro Black Titanium+camera+frame+magnet) | 17.63$ ocapro (Роздріб — Задня кришка iPhone 16 Pro Desert Titanium+camera+frame+magnet) | 17.63$ ocapro (Роздріб — Задня кришка iPhone 16 Pro Titanium+camera+frame+magnet) | 19.0$ levelparts (𝐂кло корпусу iPhone)
U.081.000-039,Apple IPhone 16 Pro,Кришка корпусу задня без обвісу,9,14.81,ocapro,14.81$ ocapro (Опт — Задня кришка iPhone 16 Pro White Titanium+camera+frame+magnet) | 15.86$ ocapro (Роздріб — Задня кришка iPhone 16 Pro White Titanium+camera+frame+magnet) | 16.45$ ocapro (Опт — Задня кришка iPhone 16 Pro Black Titanium+camera+frame+magnet) | 16.45$ ocapro (Опт — Задня кришка iPhone 16 Pro Desert Titanium+camera+frame+magnet) | 16.45$ ocapro (Опт — Задня кришка iPhone 16 Pro Titanium+camera+frame+magnet) | 17.63$ ocapro (Роздріб — Задня кришка iPhone 16 Pro Black Titanium+camera+frame+magnet) | 17.63$ ocapro (Роздріб — Задня кришка iPhone 16 Pro Desert Titanium+camera+frame+magnet) | 17.63$ ocapro (Роздріб — Задня кришка iPhone 16 Pro Titanium+camera+frame+magnet) | 19.0$ levelparts (𝐂кло корпусу iPhone)
U.084.000-051,Apple IPhone 16 Pro,Корпус смартфону в зборі,0,,,
U.084.000-052,Apple IPhone 16 Pro,Корпус смартфону в зборі,0,,,
U.084.000-053,Apple IPhone 16 Pro,Корпус смартфону в зборі,0,,,
U.084.000-054,Apple IPhone 16 Pro,Корпус смартфону в зборі,0,,,
U.109.000-001,Apple IPhone 16 Pro,Рамка кріплення дисплея,0,,,
U.109.000-010,Apple iPhone 15,Рамка кріплення дисплея,0,,,
U.109.000-003,iPhone 15 Pro,Рамка кріплення дисплея,0,,,
U.109.000-004,iPhone 15 Pro Max,Рамка кріплення дисплея,0,,,
U.109.000-005,Apple iPhone 14,Рамка кріплення дисплея,0,,,
U.109.000-006,Apple iPhone 14 Pro,Рамка кріплення дисплея,0,,,
U.109.000-011,Apple iPhone 14 Pro Max,Рамка кріплення дисплея,0,,,
U.109.000-007,Apple iPhone 13 Pro,Рамка кріплення дисплея,0,,,
U.109.000-008,Apple iPhone 13 Pro Max,Рамка кріплення дисплея,0,,,
U.109.000-009,Apple iPhone 13,Рамка кріплення дисплея,0,,,
U.131.000-001,Apple IPhone 16 Pro,Шлейф фронтальної камери,0,,,
U.049.000-014,Apple IPhone 16 Pro,Проклейка для ДМ,0,,,
U.026.000-014,Apple IPhone 16 Pro,Камера основна з лідаром,0,,,
U.049.000-018,Apple IPhone 16 Pro,Проклейка для ДМ,0,,,
U.069.000-011,Apple IPhone 16 Pro,Шлейф верхній з датчиком світла,0,,,
U.154.000-002,Apple IPhone 16 Pro,Форма для пресу,0,,,
U.143.000-002,Apple IPhone 16 Pro,Шлейф програмування,0,,,
U.143.000-003,Apple iPhone 15 Pro,Шлейф програмування,0,,,
U.143.000-004,Apple iPhone 15 Pro,Шлейф програмування,0,,,
U.143.000-006,,Шлейф програмування,0,,,
U.161.000-005,Apple IPhone 16 Pro,Форма полірувальна,0,,,
U.154.000-009,Apple IPhone 16 Pro,Форма для пресу,0,,,
U.008.000-001,Apple IPhone 16 Pro Max,АКБ без калібрування,3,13.0,icracked,13.0$ icracked (Банка (АКБ без контроллера)) | 14.1$ ocapro (Опт — Акумулятор iPhone 16 Pro Max ORIG Банка підвищена ємність) | 15.11$ ocapro (Роздріб — Акумулятор iPhone 16 Pro Max ORIG Банка підвищена ємність)
U.008.000-014,Apple IPhone 16 Pro Max,АКБ без калібрування,3,13.0,icracked,13.0$ icracked (Банка (АКБ без контроллера)) | 14.1$ ocapro (Опт — Акумулятор iPhone 16 Pro Max ORIG Банка підвищена ємність) | 15.11$ ocapro (Роздріб — Акумулятор iPhone 16 Pro Max ORIG Банка підвищена ємність)
U.009.000-077,Apple IPhone 16 Pro Max,АКБ з калібруванням,2,22.1,ocapro,22.1$ ocapro (Опт — Акумулятор iPhone 16 Pro Max ORIG) | 23.67$ ocapro (Роздріб — Акумулятор iPhone 16 Pro Max ORIG)
U.014.000-005,Apple IPhone 16 Pro Max,Вібро-мотор,0,,,
U.016.000-020,Apple IPhone 16 Pro Max,Гвинти фіксуючі (дисплейні),0,,,
U.016.000-021,Apple IPhone 16 Pro Max,Гвинти фіксуючі (дисплейні),0,,,
U.016.000-022,Apple IPhone 16 Pro Max,Гвинти фіксуючі (дисплейні),0,,,
U.016.000-023,Apple IPhone 16 Pro Max,Гвинти фіксуючі (дисплейні),0,,,
U.019.000-012,Apple IPhone 16 Pro Max,Шлейф з датчиком наближення,0,,,
U.020.000-006,Apple IPhone 16 Pro Max,Датчик освітелння,0,,,
U.021.000-011,Apple IPhone 16 Pro Max,Динамік верхній (Speaker),0,,,
U.022.000-011,Apple IPhone 16 Pro Max,Динамік нижній (Buzzer),0,,,
U.023.000-045,Apple IPhone 16 Pro Max,Дисплейний модуль,2,110.46,ocapro,110.46$ ocapro (Опт — Дисплей iPhone 16 Pro Max OLED Soft 120 Hz) | 118.35$ ocapro (Роздріб — Дисплей iPhone 16 Pro Max OLED Soft 120 Hz)
U.023.000-010,Apple IPhone 16 Pro Max,Дисплейний модуль,2,110.46,ocapro,110.46$ ocapro (Опт — Дисплей iPhone 16 Pro Max OLED Soft 120 Hz) | 118.35$ ocapro (Роздріб — Дисплей iPhone 16 Pro Max OLED Soft 120 Hz)
U.024.000-024,Apple IPhone 16 Pro Max,Кришка корпусу задня з обвісом,0,,,
U.024.000-025,Apple IPhone 16 Pro Max,Кришка корпусу задня з обвісом,0,,,
U.024.000-026,Apple IPhone 16 Pro Max,Кришка корпусу задня з обвісом,0,,,
U.024.000-027,Apple IPhone 16 Pro Max,Кришка корпусу задня з обвісом,0,,,
U.025.000-017,Apple IPhone 16 Pro Max,Камера основна без лідару,0,,,
U.026.000-007,Apple IPhone 16 Pro Max,Камера основна з лідаром,0,,,
U.026.000-011,Apple IPhone 16 Pro Max,Камера основна з лідаром,0,,,
U.027.000-005,Apple IPhone 16 Pro Max,Камера фронтальна з FaceID,0,,,
U.027.000-007,Apple IPhone 16 Pro Max,Камера фронтальна з FaceID,0,,,
U.035.000-006,Apple IPhone 16 Pro Max,Комплект скла основної камери,2,2.4,ocapro,2.4$ ocapro (Опт — Скло камери iPhone 16 Pro Max ORIG 3 шт.) | 2.55$ ocapro (Роздріб — Скло камери iPhone 16 Pro Max ORIG 3 шт.)
U.042.000-007,Apple IPhone 16 Pro Max,Датчик лідар,0,,,
U.049.000-006,Apple IPhone 16 Pro Max,Проклейка для ДМ,0,,,
U.061.000-008,Apple IPhone 16 Pro Max,Скло дисплейного модулю,26,1.88,ocapro,1.88$ ocapro (Опт — Скло дисплея iPhone 16 Pro Max ORIG 1:1) | 2.01$ ocapro (Роздріб — Скло дисплея iPhone 16 Pro Max ORIG 1:1) | 2.24$ ocapro (Опт — Скло дисплея iPhone 16 Pro Max+OCA ORIG 1:1) | 2.35$ refparts (Великий опт — Скло+ОСА G+OCA pro iPhone 16 Pro Max) | 2.4$ ocapro (Роздріб — Скло дисплея iPhone 16 Pro Max+OCA ORIG 1:1) | 2.4$ refparts (Середній опт — Скло+ОСА G+OCA pro iPhone 16 Pro Max) | 2.4$ refparts (Великий опт — Скло+ОСА MUSTTBY iPhone 16 Pro Max) | 2.45$ refparts (Дрібний опт — Скло+ОСА G+OCA pro iPhone 16 Pro Max) | 2.45$ refparts (Середній опт — Скло+ОСА MUSTTBY iPhone 16 Pro Max) | 2.5$ refparts (Дрібний опт — Скло+ОСА MUSTTBY iPhone 16 Pro Max) | 2.59$ ocapro (Опт — Скло дисплея iPhone 16 Pro Max+OCA (Anti UV) ORIG 1:1) | 2.77$ ocapro (Роздріб — Скло дисплея iPhone 16 Pro Max+OCA (Anti UV) ORIG 1:1) | 2.9$ refparts (Великий опт — Скло+ОСА+поляр G+OCA pro iPhone 16 Pro Max) | 2.95$ refparts (Середній опт — Скло+ОСА+поляр G+OCA pro iPhone 16 Pro Max) | 3.0$ refparts (Дрібний опт — Скло+ОСА+поляр G+OCA pro iPhone 16 Pro Max) | 3.06$ ocapro (Опт — Скло дисплея iPhone 16 Pro Max+Polar+OCA ORIG 1:1) | 3.15$ ocapro (Опт — Скло дисплея iPhone 16 Pro Max+Т-OCA ORIG 1:1) | 3.27$ ocapro (Роздріб — Скло дисплея iPhone 16 Pro Max+Polar+OCA ORIG 1:1) | 3.36$ ocapro (Роздріб — Скло дисплея iPhone 16 Pro Max+Т-OCA ORIG 1:1) | 3.7$ refparts (Великий опт — Скло+ОСА Feaglet iPhone 16 Pro Max) | 3.75$ refparts (Середній опт — Скло+ОСА Feaglet iPhone 16 Pro Max) | 3.8$ refparts (Дрібний опт — Скло+ОСА Feaglet iPhone 16 Pro Max) | 4.0$ ocapro (Опт — Скло дисплея iPhone 16 Pro Max + OCA ORIG 1:1 (Feaglet)) | 4.28$ ocapro (Роздріб — Скло дисплея iPhone 16 Pro Max + OCA ORIG 1:1 (Feaglet)) | 7.05$ ocapro (Опт — Скло дисплея iPhone 16 Pro Max+OCA ORIG 99%) | 7.55$ ocapro (Роздріб — Скло дисплея iPhone 16 Pro Max+OCA ORIG 99%)
U.061.000-023,Apple IPhone 16 Pro Max,Скло дисплейного модулю,26,1.88,ocapro,1.88$ ocapro (Опт — Скло дисплея iPhone 16 Pro Max ORIG 1:1) | 2.01$ ocapro (Роздріб — Скло дисплея iPhone 16 Pro Max ORIG 1:1) | 2.24$ ocapro (Опт — Скло дисплея iPhone 16 Pro Max+OCA ORIG 1:1) | 2.35$ refparts (Великий опт — Скло+ОСА G+OCA pro iPhone 16 Pro Max) | 2.4$ ocapro (Роздріб — Скло дисплея iPhone 16 Pro Max+OCA ORIG 1:1) | 2.4$ refparts (Середній опт — Скло+ОСА G+OCA pro iPhone 16 Pro Max) | 2.4$ refparts (Великий опт — Скло+ОСА MUSTTBY iPhone 16 Pro Max) | 2.45$ refparts (Дрібний опт — Скло+ОСА G+OCA pro iPhone 16 Pro Max) | 2.45$ refparts (Середній опт — Скло+ОСА MUSTTBY iPhone 16 Pro Max) | 2.5$ refparts (Дрібний опт — Скло+ОСА MUSTTBY iPhone 16 Pro Max) | 2.59$ ocapro (Опт — Скло дисплея iPhone 16 Pro Max+OCA (Anti UV) ORIG 1:1) | 2.77$ ocapro (Роздріб — Скло дисплея iPhone 16 Pro Max+OCA (Anti UV) ORIG 1:1) | 2.9$ refparts (Великий опт — Скло+ОСА+поляр G+OCA pro iPhone 16 Pro Max) | 2.95$ refparts (Середній опт — Скло+ОСА+поляр G+OCA pro iPhone 16 Pro Max) | 3.0$ refparts (Дрібний опт — Скло+ОСА+поляр G+OCA pro iPhone 16 Pro Max) | 3.06$ ocapro (Опт — Скло дисплея iPhone 16 Pro Max+Polar+OCA ORIG 1:1) | 3.15$ ocapro (Опт — Скло дисплея iPhone 16 Pro Max+Т-OCA ORIG 1:1) | 3.27$ ocapro (Роздріб — Скло дисплея iPhone 16 Pro Max+Polar+OCA ORIG 1:1) | 3.36$ ocapro (Роздріб — Скло дисплея iPhone 16 Pro Max+Т-OCA ORIG 1:1) | 3.7$ refparts (Великий опт — Скло+ОСА Feaglet iPhone 16 Pro Max) | 3.75$ refparts (Середній опт — Скло+ОСА Feaglet iPhone 16 Pro Max) | 3.8$ refparts (Дрібний опт — Скло+ОСА Feaglet iPhone 16 Pro Max) | 4.0$ ocapro (Опт — Скло дисплея iPhone 16 Pro Max + OCA ORIG 1:1 (Feaglet)) | 4.28$ ocapro (Роздріб — Скло дисплея iPhone 16 Pro Max + OCA ORIG 1:1 (Feaglet)) | 7.05$ ocapro (Опт — Скло дисплея iPhone 16 Pro Max+OCA ORIG 99%) | 7.55$ ocapro (Роздріб — Скло дисплея iPhone 16 Pro Max+OCA ORIG 99%)
U.061.000-025,Apple IPhone 16 Pro Max,Скло дисплейного модулю,26,1.88,ocapro,1.88$ ocapro (Опт — Скло дисплея iPhone 16 Pro Max ORIG 1:1) | 2.01$ ocapro (Роздріб — Скло дисплея iPhone 16 Pro Max ORIG 1:1) | 2.24$ ocapro (Опт — Скло дисплея iPhone 16 Pro Max+OCA ORIG 1:1) | 2.35$ refparts (Великий опт — Скло+ОСА G+OCA pro iPhone 16 Pro Max) | 2.4$ ocapro (Роздріб — Скло дисплея iPhone 16 Pro Max+OCA ORIG 1:1) | 2.4$ refparts (Середній опт — Скло+ОСА G+OCA pro iPhone 16 Pro Max) | 2.4$ refparts (Великий опт — Скло+ОСА MUSTTBY iPhone 16 Pro Max) | 2.45$ refparts (Дрібний опт — Скло+ОСА G+OCA pro iPhone 16 Pro Max) | 2.45$ refparts (Середній опт — Скло+ОСА MUSTTBY iPhone 16 Pro Max) | 2.5$ refparts (Дрібний опт — Скло+ОСА MUSTTBY iPhone 16 Pro Max) | 2.59$ ocapro (Опт — Скло дисплея iPhone 16 Pro Max+OCA (Anti UV) ORIG 1:1) | 2.77$ ocapro (Роздріб — Скло дисплея iPhone 16 Pro Max+OCA (Anti UV) ORIG 1:1) | 2.9$ refparts (Великий опт — Скло+ОСА+поляр G+OCA pro iPhone 16 Pro Max) | 2.95$ refparts (Середній опт — Скло+ОСА+поляр G+OCA pro iPhone 16 Pro Max) | 3.0$ refparts (Дрібний опт — Скло+ОСА+поляр G+OCA pro iPhone 16 Pro Max) | 3.06$ ocapro (Опт — Скло дисплея iPhone 16 Pro Max+Polar+OCA ORIG 1:1) | 3.15$ ocapro (Опт — Скло дисплея iPhone 16 Pro Max+Т-OCA ORIG 1:1) | 3.27$ ocapro (Роздріб — Скло дисплея iPhone 16 Pro Max+Polar+OCA ORIG 1:1) | 3.36$ ocapro (Роздріб — Скло дисплея iPhone 16 Pro Max+Т-OCA ORIG 1:1) | 3.7$ refparts (Великий опт — Скло+ОСА Feaglet iPhone 16 Pro Max) | 3.75$ refparts (Середній опт — Скло+ОСА Feaglet iPhone 16 Pro Max) | 3.8$ refparts (Дрібний опт — Скло+ОСА Feaglet iPhone 16 Pro Max) | 4.0$ ocapro (Опт — Скло дисплея iPhone 16 Pro Max + OCA ORIG 1:1 (Feaglet)) | 4.28$ ocapro (Роздріб — Скло дисплея iPhone 16 Pro Max + OCA ORIG 1:1 (Feaglet)) | 7.05$ ocapro (Опт — Скло дисплея iPhone 16 Pro Max+OCA ORIG 99%) | 7.55$ ocapro (Роздріб — Скло дисплея iPhone 16 Pro Max+OCA ORIG 99%)
U.061.000-071,Apple iPhone 16 Pro,Скло дисплейного модулю,26,1.76,ocapro,1.76$ ocapro (Опт — Скло дисплея iPhone 16 Pro ORIG 1:1) | 1.89$ ocapro (Роздріб — Скло дисплея iPhone 16 Pro ORIG 1:1) | 2.12$ ocapro (Опт — Скло дисплея iPhone 16 Pro+OCA ORIG 1:1) | 2.27$ ocapro (Роздріб — Скло дисплея iPhone 16 Pro+OCA ORIG 1:1) | 2.3$ refparts (Великий опт — Скло+ОСА G+OCA pro iPhone 16 Pro) | 2.3$ refparts (Великий опт — Скло+ОСА MUSTTBY iPhone 16 Pro) | 2.35$ ocapro (Опт — Скло дисплея iPhone 16 Pro+OCA (Anti UV) ORIG 1:1) | 2.35$ refparts (Середній опт — Скло+ОСА G+OCA pro iPhone 16 Pro) | 2.35$ refparts (Середній опт — Скло+ОСА MUSTTBY iPhone 16 Pro) | 2.4$ refparts (Дрібний опт — Скло+ОСА G+OCA pro iPhone 16 Pro) | 2.42$ refparts (Дрібний опт — Скло+ОСА MUSTTBY iPhone 16 Pro) | 2.52$ ocapro (Роздріб — Скло дисплея iPhone 16 Pro+OCA (Anti UV) ORIG 1:1) | 2.9$ refparts (Великий опт — Скло+ОСА+поляр G+OCA pro iPhone 16 Pro) | 2.95$ refparts (Середній опт — Скло+ОСА+поляр G+OCA pro iPhone 16 Pro) | 3.0$ refparts (Дрібний опт — Скло+ОСА+поляр G+OCA pro iPhone 16 Pro) | 3.06$ ocapro (Опт — Скло дисплея iPhone 16 Pro+Polar+OCA ORIG 1:1) | 3.15$ ocapro (Опт — Скло дисплея iPhone 16 Pro+Т-OCA ORIG 1:1) | 3.27$ ocapro (Роздріб — Скло дисплея iPhone 16 Pro+Polar+OCA ORIG 1:1) | 3.36$ ocapro (Роздріб — Скло дисплея iPhone 16 Pro+Т-OCA ORIG 1:1) | 3.7$ refparts (Великий опт — Скло+ОСА Feaglet iPhone 16 Pro) | 3.75$ refparts (Середній опт — Скло+ОСА Feaglet iPhone 16 Pro) | 3.76$ ocapro (Опт — Скло дисплея iPhone 16 Pro + OCA ORIG 1:1 (Feaglet)) | 3.8$ refparts (Дрібний опт — Скло+ОСА Feaglet iPhone 16 Pro) | 4.03$ ocapro (Роздріб — Скло дисплея iPhone 16 Pro + OCA ORIG 1:1 (Feaglet)) | 6.82$ ocapro (Опт — Скло дисплея iPhone 16 Pro+OCA ORIG 99%) | 7.3$ ocapro (Роздріб — Скло дисплея iPhone 16 Pro+OCA ORIG 99%)
U.061.000-030,Apple IPhone 16 Pro Max,Скло дисплейного модулю,26,1.88,ocapro,1.88$ ocapro (Опт — Скло дисплея iPhone 16 Pro Max ORIG 1:1) | 2.01$ ocapro (Роздріб — Скло дисплея iPhone 16 Pro Max ORIG 1:1) | 2.24$ ocapro (Опт — Скло дисплея iPhone 16 Pro Max+OCA ORIG 1:1) | 2.35$ refparts (Великий опт — Скло+ОСА G+OCA pro iPhone 16 Pro Max) | 2.4$ ocapro (Роздріб — Скло дисплея iPhone 16 Pro Max+OCA ORIG 1:1) | 2.4$ refparts (Середній опт — Скло+ОСА G+OCA pro iPhone 16 Pro Max) | 2.4$ refparts (Великий опт — Скло+ОСА MUSTTBY iPhone 16 Pro Max) | 2.45$ refparts (Дрібний опт — Скло+ОСА G+OCA pro iPhone 16 Pro Max) | 2.45$ refparts (Середній опт — Скло+ОСА MUSTTBY iPhone 16 Pro Max) | 2.5$ refparts (Дрібний опт — Скло+ОСА MUSTTBY iPhone 16 Pro Max) | 2.59$ ocapro (Опт — Скло дисплея iPhone 16 Pro Max+OCA (Anti UV) ORIG 1:1) | 2.77$ ocapro (Роздріб — Скло дисплея iPhone 16 Pro Max+OCA (Anti UV) ORIG 1:1) | 2.9$ refparts (Великий опт — Скло+ОСА+поляр G+OCA pro iPhone 16 Pro Max) | 2.95$ refparts (Середній опт — Скло+ОСА+поляр G+OCA pro iPhone 16 Pro Max) | 3.0$ refparts (Дрібний опт — Скло+ОСА+поляр G+OCA pro iPhone 16 Pro Max) | 3.06$ ocapro (Опт — Скло дисплея iPhone 16 Pro Max+Polar+OCA ORIG 1:1) | 3.15$ ocapro (Опт — Скло дисплея iPhone 16 Pro Max+Т-OCA ORIG 1:1) | 3.27$ ocapro (Роздріб — Скло дисплея iPhone 16 Pro Max+Polar+OCA ORIG 1:1) | 3.36$ ocapro (Роздріб — Скло дисплея iPhone 16 Pro Max+Т-OCA ORIG 1:1) | 3.7$ refparts (Великий опт — Скло+ОСА Feaglet iPhone 16 Pro Max) | 3.75$ refparts (Середній опт — Скло+ОСА Feaglet iPhone 16 Pro Max) | 3.8$ refparts (Дрібний опт — Скло+ОСА Feaglet iPhone 16 Pro Max) | 4.0$ ocapro (Опт — Скло дисплея iPhone 16 Pro Max + OCA ORIG 1:1 (Feaglet)) | 4.28$ ocapro (Роздріб — Скло дисплея iPhone 16 Pro Max + OCA ORIG 1:1 (Feaglet)) | 7.05$ ocapro (Опт — Скло дисплея iPhone 16 Pro Max+OCA ORIG 99%) | 7.55$ ocapro (Роздріб — Скло дисплея iPhone 16 Pro Max+OCA ORIG 99%)
U.066.000-007,Apple IPhone 16 Pro Max,Чіп захисту ДМ,0,,,
U.066.000-009,Apple iPhone 16 Pro,Чіп захисту ДМ,0,,,
U.074.000-007,Apple IPhone 16 Pro Max,"Шлейф зі спалахом, мікрофоном і бездротовою зарядкою",0,,,
U.075.000-001,Apple IPhone 16 Pro Max,Шлейф кнопок гучності і вмикання,0,,,
U.076.000-008,Apple IPhone 16 Pro Max,Шлейф модулю Bluetooth/NFC,0,,,
U.078.000-007,Apple IPhone 16 Pro Max,Шлейф модулю WiFi,0,,,
U.079.000-010,Apple IPhone 16 Pro Max,Шлейф нижній із зарядним портом і мікрофоном,0,,,
U.084.000-055,Apple IPhone 16 Pro Max,Корпус смартфону в зборі,0,,,
U.084.000-056,Apple IPhone 16 Pro Max,Корпус смартфону в зборі,0,,,
U.084.000-057,Apple IPhone 16 Pro Max,Корпус смартфону в зборі,0,,,
U.084.000-058,Apple IPhone 16 Pro Max,Корпус смартфону в зборі,0,,,
U.084.000-059,Apple IPhone 16 Pro Max,Корпус смартфону в зборі,0,,,
U.109.000-002,Apple IPhone 16 Pro Max,Рамка кріплення дисплея,0,,,
U.049.000-013,Apple IPhone 16 Pro Max,Проклейка для ДМ,0,,,
U.050.000-004,Apple IPhone 16 Pro Max,Проклейка корпусна,0,,,
U.050.000-008,Apple iPhone 16 Pro,Проклейка корпусна,0,,,
U.016.000-042,Apple IPhone 16 Pro Max,Гвинти фіксуючі (дисплейні),0,,,
U.016.000-043,Apple IPhone 16 Pro Max,Гвинти фіксуючі (дисплейні),0,,,
U.016.000-053,Apple iPhone 16 Pro Max,Гвинти фіксуючі (дисплейні),0,,,
U.016.000-054,Apple iPhone 16 Pro Max,Гвинти фіксуючі (дисплейні),0,,,
U.008.000-019,Apple IPhone 16 Pro Max,АКБ без калібрування,3,13.0,icracked,13.0$ icracked (Банка (АКБ без контроллера)) | 14.1$ ocapro (Опт — Акумулятор iPhone 16 Pro Max ORIG Банка підвищена ємність) | 15.11$ ocapro (Роздріб — Акумулятор iPhone 16 Pro Max ORIG Банка підвищена ємність)
U.027.000-013,Apple IPhone 16 Pro Max,Камера фронтальна з FaceID,0,,,
U.131.000-002,Apple IPhone 16 Pro Max,Шлейф фронтальної камери,0,,,
U.136.000-005,"Apple iPhone 13 Pro, Apple iPhone 13 Pro Max, Apple iPhone 14 Pro, Apple iPhone 14 Pro Max, Apple iPhone 15 Pro, Apple iPhone 15 Pro Max",Плата програматора,0,,,
U.035.000-025,Apple IPhone 16 Pro Max,Комплект скла основної камери,2,2.4,ocapro,2.4$ ocapro (Опт — Скло камери iPhone 16 Pro Max ORIG 3 шт.) | 2.55$ ocapro (Роздріб — Скло камери iPhone 16 Pro Max ORIG 3 шт.)
U.035.000-031,Apple iPhone 16 Pro,Комплект скла основної камери,2,2.4,ocapro,2.4$ ocapro (Опт — Скло камери iPhone 16 Pro ORIG 3 шт.) | 2.55$ ocapro (Роздріб — Скло камери iPhone 16 Pro ORIG 3 шт.)
U.154.000-003,Apple IPhone 16 Pro Max,Форма для пресу,0,,,
U.009.000-089,Apple IPhone 16 Pro Max,АКБ з калібруванням,2,22.1,ocapro,22.1$ ocapro (Опт — Акумулятор iPhone 16 Pro Max ORIG) | 23.67$ ocapro (Роздріб — Акумулятор iPhone 16 Pro Max ORIG)
U.161.000-006,Apple IPhone 16 Pro Max,Форма полірувальна,0,,,
U.154.000-010,Apple IPhone 16 Pro Max,Форма для пресу,0,,,
U.154.000-023,"Apple iPhone 13, Apple iPhone 13 Pro",Форма для пресу,0,,,
U.101.000-004,"Apple IPhone 16 Pro Max, Apple IPhone 16 Plus",Плівка дисплею смартфону захисна,2,1.26,ocapro,1.26$ ocapro (Опт — Захисне скло дисплея iPhone 16 Plus W'element Gorilla 3D HD) | 1.34$ ocapro (Роздріб — Захисне скло дисплея iPhone 16 Plus W'element Gorilla 3D HD)
U.136.000-001,"Apple IPhone 16, Apple IPhone 16 Pro, Apple IPhone 16 Pro Max",Плата програматора,0,,,
U.025.000-020,Apple IPhone 17,Камера основна без лідару,0,,,
U.161.000-007,Apple IPhone 17,Форма полірувальна,0,,,
U.154.000-011,Apple IPhone 17,Форма для пресу,0,,,
U.061.000-063,Apple IPhone 17,Скло дисплейного модулю,15,2.35,ocapro,2.35$ ocapro (Опт — Скло дисплея iPhone 17+OCA ORIG 1:1) | 2.52$ ocapro (Роздріб — Скло дисплея iPhone 17+OCA ORIG 1:1) | 2.6$ refparts (Великий опт — Скло+ОСА G+OCA pro iPhone 17) | 2.65$ refparts (Середній опт — Скло+ОСА G+OCA pro iPhone 17) | 2.7$ refparts (Дрібний опт — Скло+ОСА G+OCA pro iPhone 17) | 3.0$ refparts (Великий опт — Скло+ОСА MUSTTBY iPhone 17) | 3.05$ refparts (Середній опт — Скло+ОСА MUSTTBY iPhone 17) | 3.1$ refparts (Дрібний опт — Скло+ОСА MUSTTBY iPhone 17) | 3.4$ refparts (Великий опт — Скло+ОСА Feaglet iPhone 17) | 3.41$ ocapro (Опт — Скло дисплея iPhone 17+Т-OCA ORIG 1:1) | 3.45$ refparts (Середній опт — Скло+ОСА Feaglet iPhone 17) | 3.5$ refparts (Дрібний опт — Скло+ОСА Feaglet iPhone 17) | 3.63$ ocapro (Роздріб — Скло дисплея iPhone 17+Т-OCA ORIG 1:1) | 3.76$ ocapro (Опт — Скло дисплея iPhone 17 + OCA ORIG 1:1 (Feaglet)) | 4.03$ ocapro (Роздріб — Скло дисплея iPhone 17 + OCA ORIG 1:1 (Feaglet))
U.023.000-046,Apple IPhone 17 Air,Дисплейний модуль,0,,,
U.161.000-008,Apple IPhone 17 Pro,Форма полірувальна,0,,,
U.154.000-012,Apple IPhone 17 Pro,Форма для пресу,0,,,
U.061.000-062,Apple IPhone 17 Pro,Скло дисплейного модулю,19,2.35,ocapro,2.35$ ocapro (Опт — Скло дисплея iPhone 17 Pro+OCA ORIG 1:1) | 2.52$ ocapro (Роздріб — Скло дисплея iPhone 17 Pro+OCA ORIG 1:1) | 2.59$ ocapro (Опт — Скло дисплея iPhone 17 Pro+OCA (Anti UV) ORIG 1:1) | 2.6$ refparts (Великий опт — Скло+ОСА G+OCA pro iPhone 17 Pro) | 2.65$ refparts (Середній опт — Скло+ОСА G+OCA pro iPhone 17 Pro) | 2.7$ refparts (Дрібний опт — Скло+ОСА G+OCA pro iPhone 17 Pro) | 2.77$ ocapro (Роздріб — Скло дисплея iPhone 17 Pro+OCA (Anti UV) ORIG 1:1) | 3.0$ refparts (Великий опт — Скло+ОСА MUSTTBY iPhone 17 Pro) | 3.05$ refparts (Середній опт — Скло+ОСА MUSTTBY iPhone 17 Pro) | 3.1$ refparts (Дрібний опт — Скло+ОСА MUSTTBY iPhone 17 Pro) | 3.41$ ocapro (Опт — Скло дисплея iPhone 17 Pro+Т-OCA ORIG 1:1) | 3.63$ ocapro (Роздріб — Скло дисплея iPhone 17 Pro+Т-OCA ORIG 1:1) | 4.5$ refparts (Великий опт — Скло+ОСА Feaglet iPhone 17 Pro) | 4.55$ refparts (Середній опт — Скло+ОСА Feaglet iPhone 17 Pro) | 4.6$ refparts (Дрібний опт — Скло+ОСА Feaglet iPhone 17 Pro) | 4.94$ ocapro (Опт — Скло дисплея iPhone 17 Pro + OCA ORIG 1:1 (Feaglet)) | 5.29$ ocapro (Роздріб — Скло дисплея iPhone 17 Pro + OCA ORIG 1:1 (Feaglet)) | 7.76$ ocapro (Опт — Скло дисплея iPhone 17 Pro+OCA ORIG 99%) | 8.31$ ocapro (Роздріб — Скло дисплея iPhone 17 Pro+OCA ORIG 99%)
U.026.000-013,Apple IPhone 17 Pro Max,Камера основна з лідаром,0,,,
U.027.000-009,Apple IPhone 17 Pro Max,Камера фронтальна з FaceID,0,,,
U.161.000-009,Apple IPhone 17 Pro Max,Форма полірувальна,0,,,
U.154.000-013,Apple IPhone 17 Pro Max,Форма для пресу,0,,,
U.061.000-061,Apple IPhone 17 Pro Max,Скло дисплейного модулю,19,2.35,ocapro,2.35$ ocapro (Опт — Скло дисплея iPhone 17 Pro Max+OCA ORIG 1:1) | 2.52$ ocapro (Роздріб — Скло дисплея iPhone 17 Pro Max+OCA ORIG 1:1) | 2.6$ refparts (Великий опт — Скло+ОСА G+OCA pro iPhone 17 Pro Max) | 2.65$ refparts (Середній опт — Скло+ОСА G+OCA pro iPhone 17 Pro Max) | 2.7$ refparts (Дрібний опт — Скло+ОСА G+OCA pro iPhone 17 Pro Max) | 3.0$ refparts (Великий опт — Скло+ОСА MUSTTBY iPhone 17 Pro Max) | 3.05$ refparts (Середній опт — Скло+ОСА MUSTTBY iPhone 17 Pro Max) | 3.06$ ocapro (Опт — Скло дисплея iPhone 17 Pro Max+OCA (Anti UV) ORIG 1:1) | 3.1$ refparts (Дрібний опт — Скло+ОСА MUSTTBY iPhone 17 Pro Max) | 3.27$ ocapro (Роздріб — Скло дисплея iPhone 17 Pro Max+OCA (Anti UV) ORIG 1:1) | 3.41$ ocapro (Опт — Скло дисплея iPhone 17 Pro Max+Т-OCA ORIG 1:1) | 3.63$ ocapro (Роздріб — Скло дисплея iPhone 17 Pro Max+Т-OCA ORIG 1:1) | 4.5$ refparts (Великий опт — Скло+ОСА Feaglet iPhone 17 Pro Max) | 4.55$ refparts (Середній опт — Скло+ОСА Feaglet iPhone 17 Pro Max) | 4.6$ refparts (Дрібний опт — Скло+ОСА Feaglet iPhone 17 Pro Max) | 4.94$ ocapro (Опт — Скло дисплея iPhone 17 Pro Max + OCA ORIG 1:1 (Feaglet)) | 5.29$ ocapro (Роздріб — Скло дисплея iPhone 17 Pro Max + OCA ORIG 1:1 (Feaglet)) | 7.76$ ocapro (Опт — Скло дисплея iPhone 17 Pro Max+OCA ORIG 99%) | 8.31$ ocapro (Роздріб — Скло дисплея iPhone 17 Pro Max+OCA ORIG 99%)
U.114.000-001,"Apple IPhone 6, Apple IPhone 6 Plus, Apple IPhone 6s, Apple IPhone 6s Plus, Apple IPhone SE, Apple IPhone 7, Apple IPhone 7 Plus, Apple IPhone 8, Apple IPhone 8 Plus, Apple IPhone X, Apple IPhone XR, Apple IPhone XS, Apple IPhone XS Max, Apple IPhone 11, Apple IPhone 11 Pro, Apple IPhone 11 Pro Max, Apple IPhone SE 2, Apple IPhone 12, Apple IPhone 12 Mini, Apple IPhone 12 Pro, Apple IPhone 12 Pro Max, Apple IPhone 13, Apple IPhone 13 Mini, Apple IPhone 13 Pro, Apple IPhone 13 Pro Max, Apple IPhone SE 3, Apple IPhone 14, Apple IPhone 14 Plus, Apple IPhone 14 Pro, Apple IPhone 14 Pro Max",Програматор для iPhone,0,,,
U.023.000-024,Google Pixel 10,Дисплейний модуль,0,,,
U.052.000-018,Google Pixel 10,Рамка основної камери,0,,,
U.052.000-019,Google Pixel 10,Рамка основної камери,0,,,
U.052.000-020,Google Pixel 10,Рамка основної камери,0,,,
U.052.000-021,Google Pixel 10,Рамка основної камери,0,,,
U.081.000-055,Google Pixel 10,Кришка корпусу задня без обвісу,0,,,
U.081.000-056,Google Pixel 10,Кришка корпусу задня без обвісу,0,,,
U.084.000-078,Google Pixel 10,Корпус смартфону в зборі,0,,,
U.084.000-079,Google Pixel 10,Корпус смартфону в зборі,0,,,
U.161.000-012,Google Pixel 10,Форма полірувальна,0,,,
U.023.000-025,Google Pixel 10 Pro,Дисплейний модуль,0,,,
U.081.000-057,Google Pixel 10 Pro,Кришка корпусу задня без обвісу,0,,,
U.081.000-058,Google Pixel 10 Pro,Кришка корпусу задня без обвісу,0,,,
U.084.000-086,Google Pixel 10 Pro,Корпус смартфону в зборі,0,,,
U.084.000-087,Google Pixel 10 Pro,Корпус смартфону в зборі,0,,,
U.023.000-065,Google Pixel 10 Pro,Дисплейний модуль,0,,,
U.161.000-013,Google Pixel 10 Pro,Форма полірувальна,0,,,
U.024.000-031,Google Pixel 10 Pro Fold,Кришка корпусу задня з обвісом,0,,,
U.081.000-061,Google Pixel 10 Pro Fold,Кришка корпусу задня без обвісу,0,,,
U.023.000-026,Google Pixel 10 Pro XL,Дисплейний модуль,0,,,
U.052.000-016,Google Pixel 10 Pro XL,Рамка основної камери,0,,,
U.052.000-017,Google Pixel 10 Pro XL,Рамка основної камери,0,,,
U.081.000-059,Google Pixel 10 Pro XL,Кришка корпусу задня без обвісу,0,,,
U.081.000-060,Google Pixel 10 Pro XL,Кришка корпусу задня без обвісу,0,,,
U.081.000-090,Google Pixel 10 Pro XL,Кришка корпусу задня без обвісу,0,,,
U.084.000-080,Google Pixel 10 Pro XL,Корпус смартфону в зборі,0,,,
U.084.000-081,Google Pixel 10 Pro XL,Корпус смартфону в зборі,0,,,
U.061.000-043,Google Pixel 10 Pro XL,Скло дисплейного модулю,0,,,
U.023.000-072,Google Pixel 10 Pro XL,Дисплейний модуль,0,,,
U.161.000-014,Google Pixel 10 Pro XL,Форма полірувальна,0,,,
U.061.000-032,Google Pixel 4a,Скло дисплейного модулю,0,,,
U.061.000-031,Google Pixel 5,Скло дисплейного модулю,0,,,
U.061.000-058,Google Pixel 6,Скло дисплейного модулю,0,,,
U.008.000-003,Google Pixel 7,АКБ без калібрування,0,,,
U.019.000-001,Google Pixel 7,Шлейф з датчиком наближення,0,,,
U.145.000-003,Google Pixel 7,Шлейф мікрофону,0,,,
U.021.000-012,Google Pixel 7,Динамік верхній (Speaker),0,,,
U.021.000-020,Google Pixel 2 XL,Динамік верхній (Speaker),0,,,
U.022.000-012,Google Pixel 7,Динамік нижній (Buzzer),0,,,
U.023.000-011,Google Pixel 7,Дисплейний модуль,0,,,
U.025.000-008,Google Pixel 7,Камера основна без лідару,0,,,
U.033.000-006,Google Pixel 7,Комплект кнопок регулювання гучності та увімкнення,0,,,
U.033.000-007,Google Pixel 7,Комплект кнопок регулювання гучності та увімкнення,0,,,
U.043.000-001,Google Pixel 7,Лоток SIM,0,,,
U.043.000-002,Google Pixel 7,Лоток SIM,0,,,
U.061.000-009,Google Pixel 7,Скло дисплейного модулю,0,,,
U.061.000-077,Google Pixel 7a,Скло дисплейного модулю,0,,,
U.083.000-001,Google Pixel 7,Кришка корпусу задня верхня,0,,,
U.084.000-060,Google Pixel 7,Корпус смартфону в зборі,0,,,
U.084.000-061,Google Pixel 7,Корпус смартфону в зборі,0,,,
U.085.000-008,Google Pixel 7,Камера фронтальна без FaceID,0,,,
U.085.000-016,Google Pixel 2 XL,Камера фронтальна без FaceID,0,,,
U.087.000-001,Google Pixel 7,Кришка корпусу задня низ,0,,,
U.087.000-002,Google Pixel 7,Кришка корпусу задня низ,0,,,
U.088.000-005,Google Pixel 7,Комплект кришок задніх корпусу,0,,,
U.088.000-006,Google Pixel 7,Комплект кришок задніх корпусу,0,,,
U.089.000-001,Google Pixel 7,Антена модулю GSM,0,,,
U.155.000-002,Google Pixel 7,Антена 5G,0,,,
U.155.000-003,Google Pixel 7 Pro,Антена 5G,0,,,
U.161.000-010,Google Pixel 7,Форма полірувальна,0,,,
U.008.000-004,Google Pixel 7 Pro,АКБ без калібрування,0,,,
U.019.000-002,Google Pixel 7 Pro,Шлейф з датчиком наближення,0,,,
U.021.000-013,Google Pixel 7 Pro,Динамік верхній (Speaker),0,,,
U.022.000-013,Google Pixel 7 Pro,Динамік нижній (Buzzer),0,,,
U.023.000-030,Google Pixel 7 Pro,Дисплейний модуль,0,,,
U.023.000-012,Google Pixel 7 Pro,Дисплейний модуль,0,,,
U.025.000-009,Google Pixel 7 Pro,Камера основна без лідару,0,,,
U.025.000-027,Google Pixel 2 XL,Камера основна без лідару,0,,,
U.033.000-008,Google Pixel 7 Pro,Комплект кнопок регулювання гучності та увімкнення,0,,,
U.033.000-009,Google Pixel 7 Pro,Комплект кнопок регулювання гучності та увімкнення,0,,,
U.035.000-018,Google Pixel 7 Pro,Комплект скла основної камери,0,,,
U.035.000-029,Google Pixel 7,Комплект скла основної камери,0,,,
U.035.000-030,Samsung Galaxy S24 Ultra,Комплект скла основної камери,0,,,
U.043.000-003,Google Pixel 7 Pro,Лоток SIM,0,,,
U.043.000-014,Apple iPhone 13,Лоток SIM,0,,,
U.061.000-010,Google Pixel 7 Pro,Скло дисплейного модулю,0,,,
U.083.000-002,Google Pixel 7 Pro,Кришка корпусу задня верхня,0,,,
U.084.000-062,Google Pixel 7 Pro,Корпус смартфону в зборі,0,,,
U.084.000-063,Google Pixel 7 Pro,Корпус смартфону в зборі,0,,,
U.085.000-009,Google Pixel 7 Pro,Камера фронтальна без FaceID,0,,,
U.087.000-003,Google Pixel 7 Pro,Кришка корпусу задня низ,0,,,
U.088.000-007,Google Pixel 7 Pro,Комплект кришок задніх корпусу,0,,,
U.019.000-003,Google Pixel 8,Шлейф з датчиком наближення,0,,,
U.021.000-014,Google Pixel 8,Динамік верхній (Speaker),0,,,
U.022.000-014,Google Pixel 8,Динамік нижній (Buzzer),0,,,
U.022.000-018,Google Pixel 2 XL,Динамік нижній (Buzzer),0,,,
U.023.000-027,Google Pixel 8,Дисплейний модуль,0,,,
U.023.000-054,Google Pixel 8,Дисплейний модуль,0,,,
U.023.000-013,Google Pixel 8,Дисплейний модуль,0,,,
U.025.000-010,Google Pixel 8,Камера основна без лідару,0,,,
U.033.000-010,Google Pixel 8,Комплект кнопок регулювання гучності та увімкнення,0,,,
U.033.000-011,Google Pixel 8,Комплект кнопок регулювання гучності та увімкнення,0,,,
U.033.000-012,Google Pixel 8,Комплект кнопок регулювання гучності та увімкнення,0,,,
U.043.000-004,Google Pixel 8,Лоток SIM,0,,,
U.043.000-005,Google Pixel 8,Лоток SIM,0,,,
U.043.000-006,Google Pixel 8,Лоток SIM,0,,,
U.043.000-007,Google Pixel 8,Лоток SIM,0,,,
U.061.000-011,Google Pixel 8,Скло дисплейного модулю,0,,,
U.081.000-092,Google Pixel 8,Кришка корпусу задня без обвісу,12,1.65,ocapro,1.65$ ocapro (Опт — Задня кришка iPhone 8 Black BIG) | 1.65$ ocapro (Опт — Задня кришка iPhone 8 Gold BIG) | 1.76$ ocapro (Роздріб — Задня кришка iPhone 8 Black BIG) | 1.76$ ocapro (Роздріб — Задня кришка iPhone 8 Gold BIG) | 2.29$ ocapro (Опт — Задня кришка iPhone 8 White BIG) | 2.45$ ocapro (Роздріб — Задня кришка iPhone 8 White BIG) | 2.83$ ocapro (Опт — Задня кришка iPhone 8 Black) | 3.02$ ocapro (Роздріб — Задня кришка iPhone 8 Black) | 3.3$ ocapro (Опт — Задня кришка iPhone 8 Gold) | 3.3$ ocapro (Опт — Задня кришка iPhone 8 White) | 3.53$ ocapro (Роздріб — Задня кришка iPhone 8 Gold) | 3.53$ ocapro (Роздріб — Задня кришка iPhone 8 White)
U.083.000-003,Google Pixel 8,Кришка корпусу задня верхня,0,,,
U.083.000-004,Google Pixel 8,Кришка корпусу задня верхня,0,,,
U.083.000-005,Google Pixel 8,Кришка корпусу задня верхня,0,,,
U.084.000-064,Google Pixel 8,Корпус смартфону в зборі,0,,,
U.084.000-065,Google Pixel 8,Корпус смартфону в зборі,0,,,
U.085.000-010,Google Pixel 8,Камера фронтальна без FaceID,0,,,
U.087.000-004,Google Pixel 8,Кришка корпусу задня низ,0,,,
U.087.000-005,Google Pixel 8,Кришка корпусу задня низ,0,,,
U.087.000-006,Google Pixel 8,Кришка корпусу задня низ,0,,,
U.088.000-008,Google Pixel 8,Комплект кришок задніх корпусу,0,,,
U.088.000-009,Google Pixel 8,Комплект кришок задніх корпусу,0,,,
U.088.000-010,Google Pixel 8,Комплект кришок задніх корпусу,0,,,
U.145.000-001,Google Pixel 8,Шлейф мікрофону,0,,,
U.174.000-001,Google Pixel 2 XL,Мікрофон,0,,,
U.061.000-044,Google Pixel 8,Скло дисплейного модулю,0,,,
U.049.000-021,Google Pixel 8,Проклейка для ДМ,0,,,
U.023.000-067,Google Pixel 8,Дисплейний модуль,0,,,
U.035.000-024,Google Pixel 8,Комплект скла основної камери,0,,,
U.161.000-011,Google Pixel 8,Форма полірувальна,0,,,
U.023.000-073,Google Pixel 8,Дисплейний модуль,0,,,
U.019.000-004,Google Pixel 8 Pro,Шлейф з датчиком наближення,0,,,
U.021.000-016,Google Pixel 8 Pro,Динамік верхній (Speaker),0,,,
U.022.000-016,Google Pixel 8 Pro,Динамік нижній (Buzzer),0,,,
U.023.000-028,Google Pixel 8 Pro,Дисплейний модуль,0,,,
U.023.000-052,Google Pixel 8 Pro,Дисплейний модуль,0,,,
U.023.000-014,Google Pixel 8 Pro,Дисплейний модуль,0,,,
U.025.000-012,Google Pixel 8 Pro,Камера основна без лідару,0,,,
U.033.000-015,Google Pixel 8 Pro,Комплект кнопок регулювання гучності та увімкнення,0,,,
U.033.000-016,Google Pixel 8 Pro,Комплект кнопок регулювання гучності та увімкнення,0,,,
U.035.000-017,Google Pixel 8 Pro,Комплект скла основної камери,0,,,
U.043.000-010,Google Pixel 8 Pro,Лоток SIM,0,,,
U.043.000-011,Google Pixel 8 Pro,Лоток SIM,0,,,
U.043.000-012,Google Pixel 8 Pro,Лоток SIM,0,,,
U.043.000-015,Google Pixel 8 Pro,Лоток SIM,0,,,
U.043.000-016,Google Pixel 9,Лоток SIM,0,,,
U.043.000-017,Google Pixel 9 Pro,Лоток SIM,0,,,
U.043.000-018,Google Pixel 9 Pro,Лоток SIM,0,,,
U.043.000-019,Google Pixel 9 Pro XL,Лоток SIM,0,,,
U.043.000-020,Google Pixel 9 Pro XL,Лоток SIM,0,,,
U.043.000-021,Google Pixel 9 a,Лоток SIM,0,,,
U.043.000-022,Google Pixel 9 a,Лоток SIM,0,,,
U.043.000-023,Google Pixel 9 Pro,Лоток SIM,0,,,
U.043.000-024,Google Pixel 10,Лоток SIM,0,,,
U.043.000-025,Google Pixel 10,Лоток SIM,0,,,
U.043.000-026,Google Pixel 10 Pro XL,Лоток SIM,0,,,
U.043.000-027,Google Pixel 10 Pro XL,Лоток SIM,0,,,
U.043.000-028,Google Pixel 10,Лоток SIM,0,,,
U.061.000-038,Google Pixel 8 Pro,Скло дисплейного модулю,0,,,
U.061.000-039,Google Pixel 8 Pro,Скло дисплейного модулю,0,,,
U.061.000-076,Google Pixel 9 a,Скло дисплейного модулю,0,,,
U.084.000-068,Google Pixel 8 Pro,Корпус смартфону в зборі,0,,,
U.084.000-069,Google Pixel 8 Pro,Корпус смартфону в зборі,0,,,
U.084.000-070,Google Pixel 8 Pro,Корпус смартфону в зборі,0,,,
U.085.000-012,Google Pixel 8 Pro,Камера фронтальна без FaceID,0,,,
U.087.000-007,Google Pixel 8 Pro,Кришка корпусу задня низ,0,,,
U.088.000-001,Google Pixel 8 Pro,Комплект кришок задніх корпусу,0,,,
U.088.000-002,Google Pixel 8 Pro,Комплект кришок задніх корпусу,0,,,
U.088.000-003,Google Pixel 8 Pro,Комплект кришок задніх корпусу,0,,,
U.088.000-004,Google Pixel 8 Pro,Комплект кришок задніх корпусу,0,,,
U.023.000-063,Google Pixel 8 Pro,Дисплейний модуль,0,,,
U.049.000-022,Google Pixel 8 Pro,Проклейка для ДМ,0,,,
U.049.000-029,Google Pixel 7 Pro,Проклейка для ДМ,0,,,
U.023.000-068,Google Pixel 8 Pro,Дисплейний модуль,0,,,
U.026.000-017,Google Pixel 8 Pro,Камера основна з лідаром,0,,,
U.061.000-057,Google Pixel 8 Pro,Скло дисплейного модулю,0,,,
U.008.000-005,Google Pixel 8a,АКБ без калібрування,0,,,
U.021.000-015,Google Pixel 8a,Динамік верхній (Speaker),0,,,
U.022.000-015,Google Pixel 8a,Динамік нижній (Buzzer),0,,,
U.023.000-053,Google Pixel 8A,Дисплейний модуль,0,,,
U.023.000-015,Google Pixel 8a,Дисплейний модуль,0,,,
U.025.000-011,Google Pixel 8a,Камера основна без лідару,0,,,
U.025.000-031,Google Pixel 8a,Камера основна без лідару,0,,,
U.033.000-013,Google Pixel 8a,Комплект кнопок регулювання гучності та увімкнення,0,,,
U.033.000-014,Google Pixel 8a,Комплект кнопок регулювання гучності та увімкнення,0,,,
U.043.000-008,Google Pixel 8a,Лоток SIM,0,,,
U.043.000-009,Google Pixel 8a,Лоток SIM,0,,,
U.052.000-001,Google Pixel 8a,Рамка основної камери,0,,,
U.052.000-002,Google Pixel 8a,Рамка основної камери,0,,,
U.052.000-003,Google Pixel 8a,Рамка основної камери,0,,,
U.061.000-012,Google Pixel 8a,Скло дисплейного модулю,0,,,
U.084.000-066,Google Pixel 8a,Корпус смартфону в зборі,0,,,
U.084.000-067,Google Pixel 8a,Корпус смартфону в зборі,0,,,
U.085.000-011,Google Pixel 8a,Камера фронтальна без FaceID,0,,,
U.088.000-011,Google Pixel 8a,Комплект кришок задніх корпусу,0,,,
U.088.000-012,Google Pixel 8a,Комплект кришок задніх корпусу,0,,,
U.088.000-013,Google Pixel 8a,Комплект кришок задніх корпусу,0,,,
U.061.000-051,Google Pixel 8a,Скло дисплейного модулю,0,,,
U.023.000-069,Google Pixel 8a,Дисплейний модуль,0,,,
U.019.000-005,Google Pixel 9,Шлейф з датчиком наближення,0,,,
U.023.000-051,Google Pixel 9,Дисплейний модуль,0,,,
U.023.000-016,Google Pixel 9,Дисплейний модуль,0,,,
U.023.000-061,Google Pixel 9,Дисплейний модуль,0,,,
U.025.000-013,Google Pixel 9,Камера основна без лідару,0,,,
U.049.000-010,Google Pixel 9,Проклейка для ДМ,0,,,
U.052.000-012,Google Pixel 9,Рамка основної камери,0,,,
U.052.000-013,Google Pixel 9,Рамка основної камери,0,,,
U.052.000-014,Google Pixel 9,Рамка основної камери,0,,,
U.052.000-015,Google Pixel 9,Рамка основної камери,0,,,
U.061.000-013,Google Pixel 9,Скло дисплейного модулю,0,,,
U.081.000-042,Google Pixel 9,Кришка корпусу задня без обвісу,0,,,
U.081.000-043,Google Pixel 9,Кришка корпусу задня без обвісу,0,,,
U.081.000-044,Google Pixel 9,Кришка корпусу задня без обвісу,0,,,
U.081.000-045,Google Pixel 9,Кришка корпусу задня без обвісу,0,,,
U.084.000-071,Google Pixel 9,Корпус смартфону в зборі,0,,,
U.084.000-072,Google Pixel 9,Корпус смартфону в зборі,0,,,
U.084.000-073,Google Pixel 9,Корпус смартфону в зборі,0,,,
U.084.000-083,Google Pixel 9,Корпус смартфону в зборі,0,,,
U.085.000-013,Google Pixel 9,Камера фронтальна без FaceID,0,,,
U.106.000-001,Google Pixel 9,Антена модулю GSM з мікрофоном,0,,,
U.061.000-050,Google Pixel 9,Скло дисплейного модулю,0,,,
U.146.000-001,Google Pixel 9,Шлейф міжплатний,0,,,
U.173.000-001,Google Pixel 9,Шлейф антени,0,,,
U.075.000-014,Google Pixel 9,Шлейф кнопок гучності і вмикання,0,,,
U.075.000-016,,Шлейф кнопок гучності і вмикання,0,,,
U.075.000-017,Google Pixel 7 Pro,Шлейф кнопок гучності і вмикання,0,,,
U.147.000-001,Google Pixel 9,Плата зарядки,0,,,
U.147.000-002,Samsung Galaxy S24,Плата зарядки,0,,,
U.147.000-003,,Плата зарядки,0,,,
U.035.000-023,Google Pixel 9,Комплект скла основної камери,0,,,
U.049.000-017,Google Pixel 9,Проклейка для ДМ,0,,,
U.026.000-016,Google Pixel 9,Камера основна з лідаром,0,,,
U.081.000-091,Google Pixel 9 Fold,Кришка корпусу задня без обвісу,0,,,
U.019.000-006,Google Pixel 9 Pro,Шлейф з датчиком наближення,0,,,
U.023.000-049,Google Pixel 9 Pro,Дисплейний модуль,0,,,
U.023.000-017,Google Pixel 9 Pro,Дисплейний модуль,0,,,
U.024.000-030,Google Pixel 9 Pro,Кришка корпусу задня з обвісом,0,,,
U.025.000-014,Google Pixel 9 Pro,Камера основна без лідару,0,,,
U.052.000-008,Google Pixel 9 Pro,Рамка основної камери,0,,,
U.052.000-009,Google Pixel 9 Pro,Рамка основної камери,0,,,
U.052.000-010,Google Pixel 9 Pro,Рамка основної камери,0,,,
U.052.000-011,Google Pixel 9 Pro,Рамка основної камери,0,,,
U.061.000-014,Google Pixel 9 Pro,Скло дисплейного модулю,0,,,
U.061.000-072,Google Pixel 9 a,Скло дисплейного модулю,0,,,
U.061.000-073,Google Pixel 10,Скло дисплейного модулю,0,,,
U.061.000-074,Google Pixel 9 Pro,Скло дисплейного модулю,0,,,
U.061.000-075,Google Pixel 10 Pro XL,Скло дисплейного модулю,0,,,
U.081.000-046,Google Pixel 9 Pro,Кришка корпусу задня без обвісу,0,,,
U.081.000-047,Google Pixel 9 Pro,Кришка корпусу задня без обвісу,0,,,
U.081.000-048,Google Pixel 9 Pro,Кришка корпусу задня без обвісу,0,,,
U.084.000-074,Google Pixel 9 Pro,Корпус смартфону в зборі,0,,,
U.084.000-082,Google Pixel 9 Pro,Корпус смартфону в зборі,0,,,
U.084.000-088,Google Pixel 9 Pro,Корпус смартфону в зборі,0,,,
U.085.000-014,Google Pixel 9 Pro,Камера фронтальна без FaceID,0,,,
U.106.000-002,Google Pixel 9 Pro,Антена модулю GSM з мікрофоном,0,,,
U.035.000-022,Google Pixel 9 Pro,Комплект скла основної камери,0,,,
U.035.000-028,Google Pixel 9 Pro,Комплект скла основної камери,0,,,
U.035.000-033,Google Pixel 9 Pro XL,Комплект скла основної камери,0,,,
U.035.000-034,Google Pixel 9 a,Комплект скла основної камери,0,,,
U.035.000-035,Google Pixel 10 Pro XL,Комплект скла основної камери,0,,,
U.061.000-052,Google Pixel 9 Pro,Скло дисплейного модулю,0,,,
U.049.000-015,Google Pixel 9 Pro,Проклейка для ДМ,0,,,
U.146.000-003,Google Pixel 9 Pro,Шлейф міжплатний,0,,,
U.084.000-093,Google Pixel 9 Pro,Корпус смартфону в зборі,0,,,
U.155.000-001,Google Pixel 9 Pro,Антена 5G,0,,,
U.004.000-001,Google Pixel 9 Pro,Кріплення,0,,,
U.004.000-003,Google Pixel 7 Pro,Кріплення,0,,,
U.004.000-002,Google Pixel 9 Pro,Кріплення,0,,,
U.004.000-004,Google Pixel 8,Кріплення,0,,,
U.004.000-005,Google Pixel 7,Кріплення,0,,,
U.004.000-006,Apple iPhone 13,Кріплення,0,,,
U.076.000-012,Google Pixel 9 Pro,Шлейф модулю Bluetooth/NFC,0,,,
U.023.000-048,Google Pixel 9 Pro Fold,Дисплейний модуль,0,,,
U.023.000-075,Google Pixel 9 Pro Fold,Дисплейний модуль,0,,,
U.081.000-049,Google Pixel 9 Pro Fold,Кришка корпусу задня без обвісу,0,,,
U.081.000-089,Google Pixel 9 Pro Fold,Кришка корпусу задня без обвісу,0,,,
U.019.000-007,Google Pixel 9 Pro XL,Шлейф з датчиком наближення,0,,,
U.019.000-013,Apple iPhone 13,Шлейф з датчиком наближення,0,,,
U.023.000-047,Google Pixel 9 Pro XL,Дисплейний модуль,0,,,
U.023.000-018,Google Pixel 9 Pro XL,Дисплейний модуль,0,,,
U.025.000-015,Google Pixel 9 Pro XL,Камера основна без лідару,0,,,
U.049.000-011,Google Pixel 9 Pro XL,Проклейка для ДМ,0,,,
U.049.000-032,Google Pixel 9 Pro,Проклейка для ДМ,0,,,
U.052.000-004,Google Pixel 9 Pro XL,Рамка основної камери,0,,,
U.052.000-005,Google Pixel 9 Pro XL,Рамка основної камери,0,,,
U.052.000-006,Google Pixel 9 Pro XL,Рамка основної камери,0,,,
U.052.000-007,Google Pixel 9 Pro XL,Рамка основної камери,0,,,
U.061.000-015,Google Pixel 9 Pro XL,Скло дисплейного модулю,0,,,
U.081.000-051,Google Pixel 9 Pro XL,Кришка корпусу задня без обвісу,0,,,
U.081.000-052,Google Pixel 9 Pro XL,Кришка корпусу задня без обвісу,0,,,
U.081.000-053,Google Pixel 9 Pro XL,Кришка корпусу задня без обвісу,0,,,
U.081.000-054,Google Pixel 9 Pro XL,Кришка корпусу задня без обвісу,0,,,
U.084.000-075,Google Pixel 9 Pro XL,Корпус смартфону в зборі,0,,,
U.084.000-076,Google Pixel 9 Pro XL,Корпус смартфону в зборі,0,,,
U.085.000-015,Google Pixel 9 Pro XL,Камера фронтальна без FaceID,0,,,
U.085.000-017,,Камера фронтальна без FaceID,0,,,
U.085.000-018,Google Pixel 9 Pro Fold,Камера фронтальна без FaceID,0,,,
U.085.000-019,Google Pixel 10,Камера фронтальна без FaceID,0,,,
U.106.000-003,Google Pixel 9 Pro XL,Антена модулю GSM з мікрофоном,0,,,
U.049.000-016,Google Pixel 9 Pro XL,Проклейка для ДМ,0,,,
U.049.000-030,Google Pixel 10 Pro XL,Проклейка для ДМ,0,,,
U.049.000-031,Google Pixel 9 a,Проклейка для ДМ,0,,,
U.146.000-002,Google Pixel 9 Pro XL,Шлейф міжплатний,0,,,
U.026.000-015,Google Pixel 9 Pro XL,Камера основна з лідаром,0,,,
U.023.000-066,Google Pixel 9 Pro XL,Дисплейний модуль,0,,,
U.084.000-091,Google Pixel 9 Pro XL,Корпус смартфону в зборі,0,,,
U.084.000-092,Google Pixel 9 Pro XL,Корпус смартфону в зборі,0,,,
U.084.000-094,Google Pixel 9 Pro XL,Корпус смартфону в зборі,0,,,
U.084.000-077,Google Pixel 9 Pro XL Fold,Корпус смартфону в зборі,0,,,
U.009.000-084,"Google Pixel 9, Google Pixel 9 Pro",АКБ з калібруванням,0,,,
U.009.000-091,Google Pixel 2 XL,АКБ з калібруванням,0,,,
U.023.000-050,Google Pixel 9 a,Дисплейний модуль,0,,,
U.024.000-028,Google Pixel 9 a,Кришка корпусу задня з обвісом,0,,,
U.024.000-029,Google Pixel 9 a,Кришка корпусу задня з обвісом,0,,,
U.052.000-023,Google Pixel 9 a,Рамка основної камери,0,,,
U.081.000-040,Google Pixel 9 a,Кришка корпусу задня без обвісу,0,,,
U.081.000-041,Google Pixel 9 a,Кришка корпусу задня без обвісу,0,,,
U.144.000-009,Google Pixel 9 a,Гвинти фіксуючі (корпусні),0,,,
U.144.000-010,Google Pixel 9,Гвинти фіксуючі (корпусні),0,,,
U.144.000-011,Google Pixel 7 Pro,Гвинти фіксуючі (корпусні),0,,,
U.014.000-006,Google Pixel 9 a,Вібро-мотор,0,,,
U.014.000-010,Google Pixel 9,Вібро-мотор,0,,,
U.014.000-008,Google Pixel 2 XL,Вібро-мотор,0,,,
U.076.000-011,Google Pixel 9 a,Шлейф модулю Bluetooth/NFC,0,,,
U.023.000-064,Google Pixel 9 a,Дисплейний модуль,0,,,
U.024.000-032,Google Pixel 9 a,Кришка корпусу задня з обвісом,0,,,
U.025.000-023,Google Pixel 9 a,Камера основна без лідару,0,,,
U.027.000-011,Google Pixel 9 a,Камера фронтальна з FaceID,0,,,
U.025.000-024,Google Pixel 9 a,Камера основна без лідару,0,,,
U.043.000-013,Google Pixel 9 a,Лоток SIM,0,,,
U.009.000-082,Google Pixel 9 a,АКБ з калібруванням,0,,,
U.035.000-021,Google Pixel 9 a,Комплект скла основної камери,0,,,
U.021.000-018,Google Pixel 9 a,Динамік верхній (Speaker),0,,,
U.021.000-021,Google Pixel 9,Динамік верхній (Speaker),0,,,
U.021.000-022,Google Pixel 9 Pro,Динамік верхній (Speaker),0,,,
U.021.000-023,Google Pixel 9 Pro XL,Динамік верхній (Speaker),0,,,
U.021.000-024,,Динамік верхній (Speaker),0,,,
U.021.000-025,Google Pixel 9 Pro Fold,Динамік верхній (Speaker),0,,,
U.022.000-019,Google Pixel 9,Динамік нижній (Buzzer),0,,,
U.022.000-020,Google Pixel 9 Pro,Динамік нижній (Buzzer),0,,,
U.022.000-021,Google Pixel 9 Pro XL,Динамік нижній (Buzzer),0,,,
U.022.000-022,Google Pixel 9 a,Динамік нижній (Buzzer),0,,,
U.022.000-023,Google Pixel 9 Pro Fold,Динамік нижній (Buzzer),0,,,
U.022.000-024,Google Pixel 10 Pro XL,Динамік нижній (Buzzer),0,,,
U.023.000-071,Google Pixel 9 a,Дисплейний модуль,0,,,
U.025.000-025,Google Pixel 9 a,Камера основна без лідару,0,,,
U.025.000-028,Google Pixel 9 Pro Fold,Камера основна без лідару,0,,,
U.025.000-029,Google Pixel 10,Камера основна без лідару,0,,,
U.023.000-029,Google Pixel Fold,Дисплейний модуль,0,,,
U.052.000-022,Google Pixel Fold,Рамка основної камери,0,,,
U.081.000-050,Google Pixel Fold,Кришка корпусу задня без обвісу,0,,,
U.126.000-001,"MacBook Air 13""",Коробка під MacBook,0,,,
U.126.000-002,"MacBook Air 13""",Коробка під MacBook,0,,,
U.061.000-040,Samsung Galaxy S22,Скло дисплейного модулю,2,0.83,ocapro,0.83$ ocapro (Опт — Стекло  дисплея Galaxy S22 HQ) | 0.89$ ocapro (Роздріб — Стекло  дисплея Galaxy S22 HQ)
U.027.000-010,Samsung Galaxy S23,Камера фронтальна з FaceID,0,,,
U.061.000-047,Samsung Galaxy S23,Скло дисплейного модулю,2,1.18,ocapro,1.18$ ocapro (Опт — Стекло  дисплея Galaxy S23 OCA HQ) | 1.26$ ocapro (Роздріб — Стекло  дисплея Galaxy S23 OCA HQ)
U.026.000-018,Samsung Galaxy S23,Камера основна з лідаром,0,,,
U.009.000-088,Samsung Galaxy S23,АКБ з калібруванням,0,,,
U.009.000-083,Samsung Galaxy S23 FE,АКБ з калібруванням,0,,,
U.022.000-025,Samsung Galaxy S23 Ultra,Динамік нижній (Buzzer),0,,,
U.061.000-048,Samsung Galaxy S23 Ultra,Скло дисплейного модулю,4,4.94,ocapro,4.94$ ocapro (Опт — Стекло  дисплея Galaxy S23 Ultra HQ) | 5.29$ ocapro (Роздріб — Стекло  дисплея Galaxy S23 Ultra HQ) | 7.05$ ocapro (Опт — Стекло  дисплея Galaxy S23 Ultra OCA HQ) | 7.55$ ocapro (Роздріб — Стекло  дисплея Galaxy S23 Ultra OCA HQ)
U.023.000-070,Samsung Galaxy S23 Ultra,Дисплейний модуль,0,,,
U.022.000-017,Samsung Galaxy S23 Ultra,Динамік нижній (Buzzer),0,,,
U.021.000-019,Samsung Galaxy S23 Ultra,Динамік верхній (Speaker),0,,,
U.148.000-002,Samsung Galaxy S23 Ultra,Шлейф дисплея,0,,,
U.009.000-086,Samsung Galaxy S23 Ultra 5G,АКБ з калібруванням,0,,,
U.023.000-035,Samsung Galaxy S24,Дисплейний модуль,0,,,
U.023.000-036,Samsung Galaxy S24,Дисплейний модуль,0,,,
U.023.000-037,Samsung Galaxy S24,Дисплейний модуль,0,,,
U.061.000-041,Samsung Galaxy S24,Скло дисплейного модулю,0,,,
U.061.000-046,Samsung Galaxy S24,Скло дисплейного модулю,0,,,
U.075.000-013,Samsung Galaxy S24,Шлейф кнопок гучності і вмикання,0,,,
U.075.000-015,Samsung Galaxy S23 Ultra,Шлейф кнопок гучності і вмикання,0,,,
U.068.000-003,Samsung Galaxy S24,Шлейф бездротової зарядки,0,,,
U.068.000-005,Samsung Galaxy S23 Ultra 5G,Шлейф бездротової зарядки,0,,,
U.023.000-031,Samsung Galaxy S24 Ultra,Дисплейний модуль,0,,,
U.023.000-032,Samsung Galaxy S24 Ultra,Дисплейний модуль,0,,,
U.023.000-033,Samsung Galaxy S24 Ultra,Дисплейний модуль,0,,,
U.023.000-034,Samsung Galaxy S24 Ultra,Дисплейний модуль,0,,,
U.061.000-045,Samsung Galaxy S24 Ultra,Скло дисплейного модулю,0,,,
U.061.000-049,Samsung Galaxy S24+,Скло дисплейного модулю,0,,,
U.048.000-003,Apple iPhone 14,Проклейка для АКБ,0,,,
U.048.000-004,Apple iPhone 14 Pro,Проклейка для АКБ,0,,,
U.048.000-007,Apple iPhone 14 Pro Max,Проклейка для АКБ,0,,,
U.048.000-005,Apple iPhone 16 Pro,Проклейка для АКБ,0,,,
U.048.000-006,Apple iPhone 16 Pro Max,Проклейка для АКБ,0,,,
U.049.000-026,Apple iPhone 14,Проклейка для ДМ,0,,,
U.055.000-001,,Рідина для чистки камер,0,,,
U.055.000-002,,Рідина для чистки камер,0,,,
U.063.000-001,,Разові матеріали для сепарації,0,,,
U.063.000-002,,Разові матеріали для сепарації,0,,,
U.063.000-004,,Разові матеріали для сепарації,0,,,
U.071.000-001,Apple iPhone 14 Pro,Шлейф зі спалахом,0,,,
U.071.000-002,Apple iPhone 14 Pro Max,Шлейф зі спалахом,0,,,
U.071.000-010,Apple iPhone 13 Pro Max,Шлейф зі спалахом,0,,,
U.071.000-011,Apple iPhone 13 Pro,Шлейф зі спалахом,0,,,
U.071.000-003,Apple iPhone 15 Pro,Шлейф зі спалахом,0,,,
U.071.000-004,Apple iPhone 15 Pro Max,Шлейф зі спалахом,0,,,
U.071.000-005,Apple iPhone 16 Pro,Шлейф зі спалахом,0,,,
U.071.000-006,Apple iPhone 16 Pro Max,Шлейф зі спалахом,0,,,
U.071.000-007,Apple iPhone 14 Pro,Шлейф зі спалахом,0,,,
U.102.000-001,,Адаптер мережевий для блоків живлення,0,,,
U.102.000-002,,Адаптер мережевий для блоків живлення,0,,,
U.103.000-001,,Дата кабель USB-A - Lightning,0,,,
U.104.000-001,,Дата кабель USB-C - Lightning,0,,,
U.105.000-001,,Дата кабель USB-C - USB-C,0,,,
U.110.000-001,,Наклейки захисні на камери,0,,,
U.110.000-003,,Наклейки захисні на камери,0,,,
U.110.000-004,,Наклейки захисні на камери,0,,,
U.111.000-001,,Машинка для видалення OCA клею,0,,,
U.112.000-001,,Бормашинка,0,,,
U.113.000-001,,Пінцет титановий,0,,,
U.113.000-002,,Пінцет титановий,0,,,
U.115.000-001,,Спирт,0,,,
U.116.000-001,,NFC брелок,0,,,
U.119.000-001,,Леза для BGA мікросхем,0,,,
U.120.000-001,,Палички,0,,,
U.120.000-002,,Палички,0,,,
U.120.000-003,,Палички,0,,,
U.122.000-001,,АКБ для смарт-годинників без контролера,0,,,
U.122.000-002,,АКБ для смарт-годинників без контролера,0,,,
U.124.000-001,,Блок живлення,0,,,
U.124.000-002,,Блок живлення,0,,,
U.125.000-001,,Кабель Magsafe,0,,,
U.125.000-002,,Кабель Magsafe,0,,,
U.125.000-003,,Кабель Magsafe,0,,,
U.128.000-001,,Скальпель,0,,,
U.129.000-001,,Адаптер US/CN/EU,0,,,
U.130.000-001,,Кабель Type C- Type C,0,,,
U.178.000-001,,Type C - Lighting,0,,,
U.132.000-001,,Зарядний пристрій магнітний,0,,,
U.133.000-001,,Ремінець для смарт-годинника,0,,,
U.133.000-002,,Ремінець для смарт-годинника,0,,,
U.133.000-010,,Ремінець для смарт-годинника,0,,,
U.133.000-004,,Ремінець для смарт-годинника,0,,,
U.133.000-005,,Ремінець для смарт-годинника,0,,,
U.133.000-006,,Ремінець для смарт-годинника,0,,,
U.133.000-007,,Ремінець для смарт-годинника,0,,,
U.133.000-008,,Ремінець для смарт-годинника,0,,,
U.133.000-009,,Ремінець для смарт-годинника,0,,,
U.137.000-001,,Пакети zip lock,0,,,
U.138.000-001,,Рукавиці нітрилові,0,,,
U.138.000-002,,Рукавиці нітрилові,0,,,
U.138.000-003,,Рукавиці нітрилові,0,,,
U.139.000-005,,Рукавиці антистатичні,0,,,
U.139.000-006,,Рукавиці антистатичні,0,,,
U.128.000-002,,Скальпель,0,,,
U.139.000-001,,Рукавиці антистатичні,0,,,
U.139.000-002,,Рукавиці антистатичні,0,,,
U.139.000-003,,Рукавиці антистатичні,0,,,
U.071.000-008,Apple iPhone 14 Pro,Шлейф зі спалахом,0,,,
U.140.000-001,,Викрутка,0,,,
U.140.000-002,,Викрутка,0,,,
U.140.000-003,,Викрутка,0,,,
U.141.000-001,,Праймер,0,,,
U.142.000-001,,Килимок магнітний,0,,,
U.142.000-002,,Килимок магнітний,0,,,
U.071.000-009,,Шлейф зі спалахом,0,,,
U.133.000-003,,Ремінець для смарт-годинника,0,,,
U.149.000-001,,Килимок поліуретановий,0,,,
U.150.000-001,,Рідина для маскування подряпин,0,,,
U.110.000-002,,Наклейки захисні на камери,0,,,
U.105.000-002,,Дата кабель USB-C - USB-C,0,,,
U.151.000-001,,Індикатор контакту з рідиною,0,,,
U.064.000-001,,Суміші для пайки,0,,,
U.064.000-003,,Суміші для пайки,0,,,
U.152.000-001,,Пляшка,0,,,
U.152.000-002,,Пляшка,0,,,
U.153.000-001,,Перехідник US/EU,0,,,
U.156.000-001,,Автоклав вакуумний,0,,,
U.113.000-003,,Пінцет титановий,0,,,
U.113.000-004,,Пінцет титановий,0,,,
U.113.000-005,,Пінцет титановий,0,,,
U.113.000-006,,Пінцет титановий,0,,,
U.157.000-001,,Скребки,0,,,
U.157.000-002,,Скребки,0,,,
U.158.000-001,,Килимок для переклея,0,,,
U.159.000-001,,Килимок для пайки,0,,,
U.159.000-002,,Килимок для пайки,0,,,
U.160.000-001,,Щітка м'яка,0,,,
U.161.000-015,,Форма полірувальна,0,,,
U.162.000-001,,Голка-дозатор,0,,,
U.162.000-003,,Голка-дозатор,0,,,
U.162.000-004,,Голка-дозатор,0,,,
U.163.000-001,,Жало,0,,,
U.164.000-001,,Килимок для полірування,0,,,
U.164.000-002,,Килимок для полірування,0,,,
U.164.000-003,,Килимок для полірування,0,,,
U.165.000-001,,Клей фотополімерний,0,,,
U.172.000-001,,Клей-герметик,0,,,
U.140.000-004,,Викрутка,0,,,
U.140.000-005,,Викрутка,0,,,
U.140.000-006,,Викрутка,0,,,
U.140.000-007,,Викрутка,0,,,
U.140.000-008,,Викрутка,0,,,
U.140.000-009,,Викрутка,0,,,
U.128.000-003,,Скальпель,0,,,
U.128.000-004,,Скальпель,0,,,
U.128.000-005,,Скальпель,0,,,
U.166.000-001,,Медіатор,0,,,
U.166.000-002,,Медіатор,0,,,
U.166.000-003,,Медіатор,0,,,
U.166.000-004,,Медіатор,0,,,
U.166.000-005,,Медіатор,0,,,
U.166.000-006,,Медіатор,0,,,
U.166.000-007,,Медіатор,0,,,
U.166.000-008,,Медіатор,0,,,
U.167.000-001,,Тримач плат,0,,,
U.168.000-001,,Затискач ДМ,0,,,
U.163.000-002,,Жало,0,,,
U.166.000-009,,Медіатор,0,,,
U.113.000-007,,Пінцет титановий,0,,,
U.113.000-008,,Пінцет титановий,0,,,
U.063.000-003,,Разові матеріали для сепарації,0,,,
U.140.000-010,,Викрутка,0,,,
U.170.000-001,,Кабель живлення 3pin,0,,,
U.101.000-005,Apple iPhone 15 Pro,Плівка дисплею смартфону захисна,4,1.26,ocapro,1.26$ ocapro (Опт — Захисне скло дисплея iPhone 15 Pro W'element Gorilla 3D HD) | 1.34$ ocapro (Роздріб — Захисне скло дисплея iPhone 15 Pro W'element Gorilla 3D HD) | 8.47$ ocapro (Опт — Захисне скло Remax 3D GL-27 для iPhone 15 Pro) | 9.03$ ocapro (Роздріб — Захисне скло Remax 3D GL-27 для iPhone 15 Pro)
U.124.000-003,,Блок живлення,0,,,
U.047.000-001,Google Pixel 9,Плата материнська,0,,,
U.046.000-001,,Суміші полірувальні,0,,,
U.046.000-002,,Суміші полірувальні,0,,,
U.179.000-001,,Дерев'яна підставка,0,,,
U.175.000-001,Google Pixel 7 Pro,Сканер відбитка,0,,,
U.175.000-002,Google Pixel 7,Сканер відбитка,0,,,
U.176.000-001,Apple iPhone 16 Pro,Шлейф тестера,0,,,
U.162.000-002,,Голка-дозатор,0,,,
U.154.000-014,Apple iPhone 14 Pro,Форма для пресу,0,,,
U.154.000-015,Apple iPhone 14 Pro Max,Форма для пресу,0,,,
U.154.000-016,Apple iPhone 13 Pro,Форма для пресу,0,,,
U.154.000-018,Apple iPhone 13,Форма для пресу,0,,,
U.154.000-017,Apple iPhone 13 Pro Max,Форма для пресу,0,,,
U.177.000-001,,Тефлонова стрічка,0,,,
U.004.000-007,"Apple iPhone 15 Pro, Apple iPhone 15 Pro Max",Кріплення,0,,,
U.004.000-008,"Apple iPhone 14 Pro, Apple iPhone 14 Pro Max",Кріплення,0,,,
U.004.000-011,,Кріплення,0,,,
U.004.000-009,Apple iPhone 15 Pro Max,Кріплення,0,,,
U.176.000-002,Apple iPhone 14 Pro Max,Шлейф тестера,0,,,
U.176.000-003,Apple iPhone 13 Pro Max,Шлейф тестера,0,,,
U.176.000-004,Apple iPhone 15 Pro,Шлейф тестера,0,,,
U.176.000-005,Apple iPhone 15 Pro Max,Шлейф тестера,0,,,
U.172.000-002,,Клей-герметик,0,,,
U.172.000-003,,Клей-герметик,0,,,
U.157.000-003,,Скребки,0,,,
U.076.000-014,Apple iPhone 16 Pro Max,Шлейф модулю Bluetooth/NFC,0,,,
U.180.000-001,,Пістолет,0,,,
U.172.000-004,,Клей-герметик,0,,,
U.181.000-001,,Змішувач,0,,,
U.182.000-001,,Тестер,0,,,
U.166.000-010,,Медіатор,0,,,
U.184.000-001,,Ножиці,0,,,
U.004.000-010,"Apple iPhone 14 Pro, Apple iPhone 14 Pro Max, Apple iPhone 15 Pro, Apple iPhone 15 Pro Max",Кріплення,0,,,
U.064.000-002,,Суміші для пайки,0,,,
U.154.000-019,Apple iPhone 14,Форма для пресу,0,,,
U.154.000-020,"Apple iPhone 13, Apple iPhone 13 Pro",Форма для пресу,0,,,
U.154.000-021,"Apple iPhone 13, Apple iPhone 13 Pro Max",Форма для пресу,0,,,
U.154.000-022,"Apple iPhone 15, Apple iPhone 16",Форма для пресу,0,,,
U.171.000-001,"Apple iPhone 15, Apple iPhone 15 Pro, Apple iPhone 15 Pro Max, Apple iPhone 16, Apple iPhone 16 Pro, Apple iPhone 16 Pro Max",Мікросхема,0,,,
U.185.000-001,,Окуляри,0,,,
U.186.000-001,,Розбивач скла,0,,,
U.187.000-001,,Гумки,0,,,
U.102.000-003,,Адаптер мережевий для блоків живлення,0,,,
U.102.000-004,,Адаптер мережевий для блоків живлення,0,,,
U.188.000-001,,Сепаратор,0,,,
U.189.000-001,,Лампа UV,0,,,
U.154.000-024,Apple iPhone 13,Форма для пресу,0,,,
U.154.000-025,Apple iPhone 14,Форма для пресу,0,,,
U.154.000-026,Apple iPhone 15,Форма для пресу,0,,,
U.154.000-027,Apple iPhone 16,Форма для пресу,0,,,
U.059.000-001,"Apple iPhone 13, Apple iPhone 14",Сітка динаміку верхнього (Speaker),0,,,
U.190.000-001,,Припій,0,,,
U.190.000-002,,Припій,0,,,
U.192.000-001,,Мембрана,0,,,
U.183.000-002,,Стікери,0,,,
U.119.000-002,,Леза для BGA мікросхем,0,,,
U.119.000-003,,Леза для BGA мікросхем,0,,,
U.119.000-004,,Леза для BGA мікросхем,0,,,
U.030.000-002,,Кнопка камери,0,,,
U.030.000-003,,Кнопка камери,0,,,
U.196.000-001,,Рідина для видалення клею,0,,,
U.197.000-001,,Дріт для перемичок,0,,,
U.109.000-012,,Рамка кріплення дисплея,0,,,
U.115.000-002,,Спирт,0,,,
U.058.000-001,,Серветки антистатичні,0,,,
U.131.000-004,Apple iPhone 16 Pro Max,Шлейф фронтальної камери,0,,,
U.198.000-001,,Мікросхема до ноутбука,0,,,
