Постачальник,Модель (розпізнано),Клас (розпізнано),Ціна,Валюта,Опис/варіант
icracked,IPHONE 15 PLUS,АКБ без калібрування,17.0,USD,Стандарт 🔄 вживана деталь 100% - 0 циклів
icracked,IPHONE 15 PLUS,АКБ без калібрування,18.0,USD,Посилена 💪🏼 + лого🍏 🔄 вживана деталь 100% - 0 циклів
icracked,IPHONE 15 PLUS,АКБ з калібруванням,33.0,USD,Посилена 💪🏼З лого🍏 Genuine batteries ✅ Оригінальна деталь 100% - 0 циклів
icracked,IPHONE 14 PRO MAX,АКБ без калібрування,20.0,USD,Стандарт 🔄 вживана деталь 100% - 0 циклів
icracked,IPHONE 14 PRO MAX,АКБ без калібрування,22.0,USD,Посилена 💪🏼 + лого🍏 🔄 вживана деталь 100% - 0 циклів
icracked,IPHONE 14 PLUS,АКБ без калібрування,17.0,USD,Стандарт 🔄 вживана деталь 100% - 0 циклів
icracked,IPHONE 14 PLUS,АКБ без калібрування,18.0,USD,Посилена 💪🏼 + лого🍏 🔄 вживана деталь 100% - 0 циклів
icracked,IPHONE 14 PLUS,АКБ з калібруванням,30.0,USD,Посилена 💪🏼З лого🍏 Genuine batteries ✅ Оригінальна деталь 100% - 0 циклів
icracked,IPHONE 13 PRO MAX,АКБ без калібрування,18.0,USD,Стандарт 🔄 вживана деталь 100% - 0 циклів
icracked,IPHONE 13 PRO MAX,АКБ без калібрування,19.0,USD,Посилена 💪🏼 + лого🍏 🔄 вживана деталь 100% - 0 циклів
icracked,IPHONE 13 MINI,АКБ без калібрування,13.0,USD,Стандарт 🔄 вживана деталь 100% - 0 циклів
icracked,IPHONE 13 MINI,АКБ без калібрування,14.5,USD,Посилена 💪🏼 + лого🍏 🔄 вживана деталь 100% - 0 циклів
icracked,IPHONE 12 PRO MAX,АКБ без калібрування,15.5,USD,Стандарт 🔄 вживана деталь 100% - 0 циклів
icracked,IPHONE 12 PRO MAX,АКБ без калібрування,16.5,USD,Посилена 💪🏼 + лого🍏 🔄 вживана деталь 100% - 0 циклів
icracked,IPHONE 12 PRO MAX,АКБ з калібруванням,31.0,USD,Посилена 💪🏼З лого🍏 Genuine batteries ✅ Оригінальна деталь 100% - 0 циклів
icracked,IPHONE 12 PRO,АКБ з калібруванням,27.0,USD,Посилена 💪🏼З лого🍏 Genuine batteries ✅ Оригінальна деталь 100% - 0 циклів
icracked,IPHONE 12 MINI,АКБ без калібрування,12.0,USD,Стандарт 🔄 вживана деталь 100% - 0 циклів
icracked,IPHONE 12 MINI,АКБ без калібрування,13.0,USD,Посилена 💪🏼 + лого🍏 🔄 вживана деталь 100% - 0 циклів
icracked,IPHONE 16 PLUS,АКБ без калібрування,11.0,USD,Банка (АКБ без контроллера)
icracked,IPHONE 16,АКБ без калібрування,10.0,USD,Банка (АКБ без контроллера)
icracked,IPHONE 15 PLUS,АКБ без калібрування,10.0,USD,Банка (АКБ без контроллера)
icracked,IPHONE 14 PRO MAX,АКБ без калібрування,11.0,USD,Банка (АКБ без контроллера)
icracked,IPHONE 14 PLUS,АКБ без калібрування,8.5,USD,Банка (АКБ без контроллера)
icracked,IPHONE 13 PRO MAX,АКБ без калібрування,10.5,USD,Банка (АКБ без контроллера)
icracked,IPHONE 13 MINI,АКБ без калібрування,6.3,USD,Банка (АКБ без контроллера)
icracked,IPHONE 12 PRO MAX,АКБ без калібрування,9.0,USD,Банка (АКБ без контроллера)
icracked,IPHONE 12 MINI,АКБ без калібрування,6.0,USD,Банка (АКБ без контроллера)
icracked,IPHONE 11 PRO MAX,АКБ без калібрування,9.0,USD,Банка (АКБ без контроллера)
icracked,IPHONE 11 PRO,АКБ без калібрування,8.5,USD,Банка (АКБ без контроллера)
icracked,IPHONE XS MAX,АКБ без калібрування,7.3,USD,Банка (АКБ без контроллера)
icracked,IPHONE XS,АКБ без калібрування,7.0,USD,Банка (АКБ без контроллера)
icracked,IPHONE XR,АКБ без калібрування,5.5,USD,Банка (АКБ без контроллера)
icracked,IPHONE SE 3 (2022),АКБ без калібрування,5.0,USD,Банка (АКБ без контроллера)
icracked,IPHONE SE 2 (2020),АКБ без калібрування,5.0,USD,Банка (АКБ без контроллера)
ocapro,AIRPODS 1,АКБ з калібруванням,118.0,UAH,Battery AirPods 1/2 ORIG
ocapro,AIRPODS 1,АКБ з калібруванням,110.5,UAH,Battery AirPods 1/2 ORIG
ocapro,AIRPODS 1,АКБ з калібруванням,190.5,UAH,Battery AirPods 1/2 ORIG (charging box)
ocapro,AIRPODS 1,АКБ з калібруванням,178.5,UAH,Battery AirPods 1/2 ORIG (charging box)
ocapro,AIRPODS 3,АКБ з калібруванням,403.5,UAH,Battery AirPods 3 ORIG
ocapro,AIRPODS 3,АКБ з калібруванням,378.0,UAH,Battery AirPods 3 ORIG
ocapro,AIRPODS PRO,АКБ з калібруванням,291.5,UAH,Battery AirPods Pro 1/2 ORIG (2pc)
ocapro,AIRPODS PRO,АКБ з калібруванням,273.0,UAH,Battery AirPods Pro 1/2 ORIG (2pc)
ocapro,AIRPODS PRO,АКБ з калібруванням,482.0,UAH,Battery AirPods Pro ORIG (charging box)
ocapro,AIRPODS PRO,АКБ з калібруванням,451.5,UAH,Battery AirPods Pro ORIG (charging box)
ocapro,AIRPODS 1,,258.0,UAH,Charging box Airpods 1/2 ORIG
ocapro,AIRPODS 1,,241.5,UAH,Charging box Airpods 1/2 ORIG
ocapro,AIRPODS PRO 2,,638.5,UAH,Charging box Airpods Pro 2 ORIG
ocapro,AIRPODS PRO 2,,598.5,UAH,Charging box Airpods Pro 2 ORIG
ocapro,AIRPODS PRO,,370.0,UAH,Charging box Airpods Pro ORIG
ocapro,AIRPODS PRO,,346.5,UAH,Charging box Airpods Pro ORIG
ocapro,AIRPODS 1,,215.5,UAH,Earphone case AirPods 1/2 L+R ORIG
ocapro,AIRPODS 1,,202.0,UAH,Earphone case AirPods 1/2 L+R ORIG
ocapro,AIRPODS PRO 2,,414.5,UAH,Earphone case AirPods Pro 2  L+R ORIG
ocapro,AIRPODS PRO 2,,388.5,UAH,Earphone case AirPods Pro 2  L+R ORIG
ocapro,AIRPODS PRO,,336.0,UAH,Earphone case AirPods Pro L+R ORIG
ocapro,AIRPODS PRO,,315.0,UAH,Earphone case AirPods Pro L+R ORIG
ocapro,AIRPODS 3,,179.5,UAH,Earphone case front AirPods 3 L+R ORIG
ocapro,AIRPODS 3,,168.0,UAH,Earphone case front AirPods 3 L+R ORIG
ocapro,AIRPODS PRO,,638.5,UAH,Noise reduction cable Airpods Pro ORIG (2pc)
ocapro,AIRPODS PRO,,598.5,UAH,Noise reduction cable Airpods Pro ORIG (2pc)
ocapro,AIRPODS 1,,101.0,UAH,Speaker Airpods 1/2 ORIG
ocapro,AIRPODS 1,,94.5,UAH,Speaker Airpods 1/2 ORIG
ocapro,AIRPODS PRO,,101.0,UAH,Speaker Airpods Pro 1/2 ORIG
ocapro,AIRPODS PRO,,94.5,UAH,Speaker Airpods Pro 1/2 ORIG
ocapro,GALAXY A50,,18.0,UAH,OCA Galaxy A50 Mitsubishi
ocapro,GALAXY A50,,17.0,UAH,OCA Galaxy A50 Mitsubishi
ocapro,GALAXY A80,,13.5,UAH,OCA Galaxy A80/90 Mitsubishi
ocapro,GALAXY A80,,13.0,UAH,OCA Galaxy A80/90 Mitsubishi
ocapro,GALAXY NOTE 10,,34.0,UAH,OCA Galaxy Note 10 ORIG
ocapro,GALAXY NOTE 10,,31.5,UAH,OCA Galaxy Note 10 ORIG
ocapro,GALAXY NOTE 10 PLUS,,31.0,UAH,OCA Galaxy Note 10 Plus T-OCA ORIG
ocapro,GALAXY NOTE 10 PLUS,,29.0,UAH,OCA Galaxy Note 10 Plus T-OCA ORIG
ocapro,GALAXY NOTE 20,,23.0,UAH,OCA Galaxy Note 20 Mitsubishi
ocapro,GALAXY NOTE 20,,22.0,UAH,OCA Galaxy Note 20 Mitsubishi
ocapro,GALAXY NOTE 20U,,15.5,UAH,OCA Galaxy Note 20U Mitsubishi
ocapro,GALAXY NOTE 20U,,14.5,UAH,OCA Galaxy Note 20U Mitsubishi
ocapro,GALAXY NOTE 20U,,35.0,UAH,OCA Galaxy Note 20U ORIG 125U
ocapro,GALAXY NOTE 20U,,33.0,UAH,OCA Galaxy Note 20U ORIG 125U
ocapro,,,31.5,UAH,OCA Galaxy Note 8/9 ORIG
ocapro,,,29.5,UAH,OCA Galaxy Note 8/9 ORIG
ocapro,GALAXY S10,,27.5,UAH,OCA Galaxy S10  T-OCA ORIG
ocapro,GALAXY S10,,26.0,UAH,OCA Galaxy S10  T-OCA ORIG
ocapro,GALAXY S10 PLUS,,32.5,UAH,OCA Galaxy S10 Plus ORIG
ocapro,GALAXY S10 PLUS,,30.5,UAH,OCA Galaxy S10 Plus ORIG
ocapro,GALAXY S20 PLUS,,35.0,UAH,OCA Galaxy S20 Plus ORIG
ocapro,GALAXY S20 PLUS,,33.0,UAH,OCA Galaxy S20 Plus ORIG
ocapro,GALAXY S20,,29.0,UAH,OCA Galaxy S20 T-OCA ORIG
ocapro,GALAXY S20,,27.0,UAH,OCA Galaxy S20 T-OCA ORIG
ocapro,,,31.0,UAH,OCA Galaxy S20U T-OCA ORIG
ocapro,,,29.0,UAH,OCA Galaxy S20U T-OCA ORIG
ocapro,,,30.0,UAH,OCA Galaxy S21U T-OCA ORIG
ocapro,,,28.0,UAH,OCA Galaxy S21U T-OCA ORIG
ocapro,,,31.0,UAH,OCA Galaxy S22U T-OCA ORIG
ocapro,,,29.0,UAH,OCA Galaxy S22U T-OCA ORIG
ocapro,,,31.0,UAH,OCA Galaxy S23U T-OCA ORIG
ocapro,,,29.0,UAH,OCA Galaxy S23U T-OCA ORIG
ocapro,GALAXY S8,,30.5,UAH,OCA Galaxy S8 ORIG
ocapro,GALAXY S8,,28.5,UAH,OCA Galaxy S8 ORIG
ocapro,GALAXY S9,,31.5,UAH,OCA Galaxy S8+/S9+  ORIG
ocapro,GALAXY S9,,29.5,UAH,OCA Galaxy S8+/S9+  ORIG
ocapro,GALAXY S10,АКБ з калібруванням,472.5,UAH,Акумулятор Galaxy S10 ORIG
ocapro,GALAXY S10,АКБ з калібруванням,441.0,UAH,Акумулятор Galaxy S10 ORIG
ocapro,GALAXY S10 PLUS,АКБ з калібруванням,472.5,UAH,Акумулятор Galaxy S10 Plus ORIG
ocapro,GALAXY S10 PLUS,АКБ з калібруванням,441.0,UAH,Акумулятор Galaxy S10 Plus ORIG
ocapro,GALAXY S20,АКБ з калібруванням,661.5,UAH,Акумулятор Galaxy S20 ORIG
ocapro,GALAXY S20,АКБ з калібруванням,617.5,UAH,Акумулятор Galaxy S20 ORIG
ocapro,GALAXY S20 PLUS,АКБ з калібруванням,661.5,UAH,Акумулятор Galaxy S20 Plus ORIG
ocapro,GALAXY S20 PLUS,АКБ з калібруванням,617.5,UAH,Акумулятор Galaxy S20 Plus ORIG
ocapro,GALAXY S20 ULTRA,АКБ з калібруванням,661.5,UAH,Акумулятор Galaxy S20 Ultra ORIG
ocapro,GALAXY S20 ULTRA,АКБ з калібруванням,617.5,UAH,Акумулятор Galaxy S20 Ultra ORIG
ocapro,GALAXY S21,АКБ з калібруванням,661.5,UAH,Акумулятор Galaxy S21 ORIG
ocapro,GALAXY S21,АКБ з калібруванням,617.5,UAH,Акумулятор Galaxy S21 ORIG
ocapro,GALAXY S21 PLUS,АКБ з калібруванням,661.5,UAH,Акумулятор Galaxy S21 Plus ORIG
ocapro,GALAXY S21 PLUS,АКБ з калібруванням,617.5,UAH,Акумулятор Galaxy S21 Plus ORIG
ocapro,GALAXY S21 ULTRA,АКБ з калібруванням,766.5,UAH,Акумулятор Galaxy S21 Ultra ORIG
ocapro,GALAXY S21 ULTRA,АКБ з калібруванням,715.5,UAH,Акумулятор Galaxy S21 Ultra ORIG
ocapro,GALAXY NOTE 20,Дисплейний модуль,4823.0,UAH,Дисплей Galaxy Note 20 ORIG знятий (без рамки)
ocapro,GALAXY NOTE 20,Дисплейний модуль,4452.0,UAH,Дисплей Galaxy Note 20 ORIG знятий (без рамки)
ocapro,GALAXY NOTE 20U,Дисплейний модуль,14105.0,UAH,Дисплей Galaxy Note 20U ORIG знятий (без рамки)
ocapro,GALAXY NOTE 20U,Дисплейний модуль,13020.0,UAH,Дисплей Galaxy Note 20U ORIG знятий (без рамки)
ocapro,GALAXY S10,Витратні матеріали для монтажу,8372.0,UAH,Дисплей Galaxy S10 ORIG переклей (без рамки)
ocapro,GALAXY S10,Витратні матеріали для монтажу,7728.0,UAH,Дисплей Galaxy S10 ORIG переклей (без рамки)
ocapro,GALAXY S10 PLUS,Витратні матеріали для монтажу,9464.0,UAH,Дисплей Galaxy S10 Plus ORIG переклей (без рамки)
ocapro,GALAXY S10 PLUS,Витратні матеріали для монтажу,8736.0,UAH,Дисплей Galaxy S10 Plus ORIG переклей (без рамки)
ocapro,GALAXY S20,Витратні матеріали для монтажу,5005.0,UAH,Дисплей Galaxy S20 ORIG переклей (без рамки)
ocapro,GALAXY S20,Витратні матеріали для монтажу,4620.0,UAH,Дисплей Galaxy S20 ORIG переклей (без рамки)
ocapro,GALAXY S20 PLUS,Дисплейний модуль,7462.0,UAH,Дисплей Galaxy S20 Plus black з рамкою ORIG 99% (знятий)
ocapro,GALAXY S20 PLUS,Дисплейний модуль,6888.0,UAH,Дисплей Galaxy S20 Plus black з рамкою ORIG 99% (знятий)
ocapro,,Витратні матеріали для монтажу,5915.0,UAH,Дисплей Galaxy S20U ORIG переклей (без рамки)
ocapro,,Витратні матеріали для монтажу,5460.0,UAH,Дисплей Galaxy S20U ORIG переклей (без рамки)
ocapro,GALAXY S21 PLUS,Дисплейний модуль,5642.0,UAH,Дисплей Galaxy S21 Plus black з рамкою ORIG 99%(знятий)
ocapro,GALAXY S21 PLUS,Дисплейний модуль,5208.0,UAH,Дисплей Galaxy S21 Plus black з рамкою ORIG 99%(знятий)
ocapro,GALAXY S21,Дисплейний модуль,6552.0,UAH,Дисплей Galaxy S21 з рамкою black ORIG 99% (знятий)
ocapro,GALAXY S21,Дисплейний модуль,6048.0,UAH,Дисплей Galaxy S21 з рамкою black ORIG 99% (знятий)
ocapro,,Дисплейний модуль,9555.0,UAH,Дисплей Galaxy S21U black з рамкою ORIG 99% (знятий)
ocapro,,Дисплейний модуль,8820.0,UAH,Дисплей Galaxy S21U black з рамкою ORIG 99% (знятий)
ocapro,GALAXY S22,Дисплейний модуль,7917.0,UAH,Дисплей Galaxy S22 black з рамкою ORIG 99% (знятий)
ocapro,GALAXY S22,Дисплейний модуль,7308.0,UAH,Дисплей Galaxy S22 black з рамкою ORIG 99% (знятий)
ocapro,GALAXY S22 PLUS,Дисплейний модуль,8827.0,UAH,Дисплей Galaxy S22 Plus black з рамкою ORIG
ocapro,GALAXY S22 PLUS,Дисплейний модуль,8148.0,UAH,Дисплей Galaxy S22 Plus black з рамкою ORIG
ocapro,,Дисплейний модуль,11466.0,UAH,Дисплей Galaxy S22U black з рамкою ORIG
ocapro,,Дисплейний модуль,10584.0,UAH,Дисплей Galaxy S22U black з рамкою ORIG
ocapro,GALAXY S9,Витратні матеріали для монтажу,3640.0,UAH,Дисплей Galaxy S9 G960 ORIG переклей (без рамки)
ocapro,GALAXY S9,Витратні матеріали для монтажу,3360.0,UAH,Дисплей Galaxy S9 G960 ORIG переклей (без рамки)
ocapro,GALAXY S9 PLUS,Витратні матеріали для монтажу,4550.0,UAH,Дисплей Galaxy S9 Plus G965 ORIG переклей (без рамки)
ocapro,GALAXY S9 PLUS,Витратні матеріали для монтажу,4200.0,UAH,Дисплей Galaxy S9 Plus G965 ORIG переклей (без рамки)
ocapro,,,336.0,UAH,Рамка корпус Galaxy Note 8 Black
ocapro,,,314.0,UAH,Рамка корпус Galaxy Note 8 Black
ocapro,,,346.5,UAH,Рамка корпус Galaxy Note 8 Orchid gray
ocapro,,,323.5,UAH,Рамка корпус Galaxy Note 8 Orchid gray
ocapro,GALAXY NOTE 9,,462.0,UAH,Рамка корпус Galaxy Note 9 Black
ocapro,GALAXY NOTE 9,,431.5,UAH,Рамка корпус Galaxy Note 9 Black
ocapro,,,178.5,UAH,Рамка корпус Galaxy S7 Edge
ocapro,,,167.0,UAH,Рамка корпус Galaxy S7 Edge
ocapro,GALAXY S8,,262.5,UAH,Рамка корпус Galaxy S8 Black
ocapro,GALAXY S8,,245.0,UAH,Рамка корпус Galaxy S8 Black
ocapro,GALAXY S8,,262.5,UAH,Рамка корпус Galaxy S8 Blue
ocapro,GALAXY S8,,245.0,UAH,Рамка корпус Galaxy S8 Blue
ocapro,GALAXY S8,,283.5,UAH,Рамка корпус Galaxy S8 Gold
ocapro,GALAXY S8,,265.0,UAH,Рамка корпус Galaxy S8 Gold
ocapro,GALAXY S8,,262.5,UAH,Рамка корпус Galaxy S8 Orchid gray
ocapro,GALAXY S8,,245.0,UAH,Рамка корпус Galaxy S8 Orchid gray
ocapro,GALAXY S8 PLUS,,231.0,UAH,Рамка корпус Galaxy S8 Plus Black
ocapro,GALAXY S8 PLUS,,216.0,UAH,Рамка корпус Galaxy S8 Plus Black
ocapro,GALAXY S8 PLUS,,262.5,UAH,Рамка корпус Galaxy S8 Plus Blue
ocapro,GALAXY S8 PLUS,,245.0,UAH,Рамка корпус Galaxy S8 Plus Blue
ocapro,GALAXY S8 PLUS,,283.5,UAH,Рамка корпус Galaxy S8 Plus Gold
ocapro,GALAXY S8 PLUS,,265.0,UAH,Рамка корпус Galaxy S8 Plus Gold
ocapro,GALAXY S8 PLUS,,336.0,UAH,Рамка корпус Galaxy S8 Plus Orchid gray
ocapro,GALAXY S8 PLUS,,314.0,UAH,Рамка корпус Galaxy S8 Plus Orchid gray
ocapro,GALAXY S9,,357.0,UAH,Рамка корпус Galaxy S9 Black
ocapro,GALAXY S9,,333.5,UAH,Рамка корпус Galaxy S9 Black
ocapro,GALAXY S9 PLUS,,357.0,UAH,Рамка корпус Galaxy S9 Plus Black
ocapro,GALAXY S9 PLUS,,333.5,UAH,Рамка корпус Galaxy S9 Plus Black
ocapro,GALAXY S9,,367.5,UAH,Рамка корпус Galaxy S9 Titan gray
ocapro,GALAXY S9,,343.0,UAH,Рамка корпус Galaxy S9 Titan gray
ocapro,,Кришка корпусу задня без обвісу,231.0,UAH,Кришка корпусу Galaxy Note 8 Black
ocapro,,Кришка корпусу задня без обвісу,216.0,UAH,Кришка корпусу Galaxy Note 8 Black
ocapro,,Кришка корпусу задня без обвісу,231.0,UAH,Кришка корпусу Galaxy Note 8 Blue
ocapro,,Кришка корпусу задня без обвісу,216.0,UAH,Кришка корпусу Galaxy Note 8 Blue
ocapro,GALAXY NOTE 9,Кришка корпусу задня без обвісу,231.0,UAH,Кришка корпусу Galaxy Note 9 Black
ocapro,GALAXY NOTE 9,Кришка корпусу задня без обвісу,216.0,UAH,Кришка корпусу Galaxy Note 9 Black
ocapro,GALAXY S10,Кришка корпусу задня без обвісу,199.5,UAH,Кришка корпусу Galaxy s10 Black
ocapro,GALAXY S10,Кришка корпусу задня без обвісу,186.5,UAH,Кришка корпусу Galaxy s10 Black
ocapro,GALAXY S10 PLUS,Кришка корпусу задня без обвісу,199.5,UAH,Кришка корпусу Galaxy s10 Plus Black
ocapro,GALAXY S10 PLUS,Кришка корпусу задня без обвісу,186.5,UAH,Кришка корпусу Galaxy s10 Plus Black
ocapro,GALAXY S20,Кришка корпусу задня без обвісу,378.0,UAH,Кришка корпусу Galaxy S20 Black ORIG
ocapro,GALAXY S20,Кришка корпусу задня без обвісу,353.0,UAH,Кришка корпусу Galaxy S20 Black ORIG
ocapro,GALAXY S20,Кришка корпусу задня без обвісу,378.0,UAH,Кришка корпусу Galaxy S20 Blue ORIG
ocapro,GALAXY S20,Кришка корпусу задня без обвісу,353.0,UAH,Кришка корпусу Galaxy S20 Blue ORIG
ocapro,GALAXY S20,Кришка корпусу задня без обвісу,378.0,UAH,Кришка корпусу Galaxy S20 Gray ORIG
ocapro,GALAXY S20,Кришка корпусу задня без обвісу,353.0,UAH,Кришка корпусу Galaxy S20 Gray ORIG
ocapro,GALAXY S20 PLUS,Кришка корпусу задня без обвісу,378.0,UAH,Кришка корпусу Galaxy S20 Plus Black ORIG
ocapro,GALAXY S20 PLUS,Кришка корпусу задня без обвісу,353.0,UAH,Кришка корпусу Galaxy S20 Plus Black ORIG
ocapro,GALAXY S20 PLUS,Кришка корпусу задня без обвісу,378.0,UAH,Кришка корпусу Galaxy S20 Plus Blue ORIG
ocapro,GALAXY S20 PLUS,Кришка корпусу задня без обвісу,353.0,UAH,Кришка корпусу Galaxy S20 Plus Blue ORIG
ocapro,GALAXY S20 PLUS,Кришка корпусу задня без обвісу,378.0,UAH,Кришка корпусу Galaxy S20 Plus Gray ORIG
ocapro,GALAXY S20 PLUS,Кришка корпусу задня без обвісу,353.0,UAH,Кришка корпусу Galaxy S20 Plus Gray ORIG
ocapro,GALAXY S20 PLUS,Кришка корпусу задня без обвісу,378.0,UAH,Кришка корпусу Galaxy S20 Plus White ORIG
ocapro,GALAXY S20 PLUS,Кришка корпусу задня без обвісу,353.0,UAH,Кришка корпусу Galaxy S20 Plus White ORIG
ocapro,GALAXY S20 ULTRA,Кришка корпусу задня без обвісу,399.0,UAH,Кришка корпусу Galaxy S20 Ultra Black ORIG
ocapro,GALAXY S20 ULTRA,Кришка корпусу задня без обвісу,372.5,UAH,Кришка корпусу Galaxy S20 Ultra Black ORIG
ocapro,GALAXY S20 ULTRA,Кришка корпусу задня без обвісу,399.0,UAH,Кришка корпусу Galaxy S20 Ultra Blue ORIG
ocapro,GALAXY S20 ULTRA,Кришка корпусу задня без обвісу,372.5,UAH,Кришка корпусу Galaxy S20 Ultra Blue ORIG
ocapro,GALAXY S20 ULTRA,Кришка корпусу задня без обвісу,399.0,UAH,Кришка корпусу Galaxy S20 Ultra Gray ORIG
ocapro,GALAXY S20 ULTRA,Кришка корпусу задня без обвісу,372.5,UAH,Кришка корпусу Galaxy S20 Ultra Gray ORIG
ocapro,GALAXY S20 ULTRA,Кришка корпусу задня без обвісу,399.0,UAH,Кришка корпусу Galaxy S20 Ultra White ORIG
ocapro,GALAXY S20 ULTRA,Кришка корпусу задня без обвісу,372.5,UAH,Кришка корпусу Galaxy S20 Ultra White ORIG
ocapro,GALAXY S20,Кришка корпусу задня без обвісу,378.0,UAH,Кришка корпусу Galaxy S20 White ORIG
ocapro,GALAXY S20,Кришка корпусу задня без обвісу,353.0,UAH,Кришка корпусу Galaxy S20 White ORIG
ocapro,GALAXY S21,Кришка корпусу задня без обвісу,325.5,UAH,Кришка корпусу Galaxy S21 Black ORIG
ocapro,GALAXY S21,Кришка корпусу задня без обвісу,304.0,UAH,Кришка корпусу Galaxy S21 Black ORIG
ocapro,GALAXY S21 PLUS,Кришка корпусу задня без обвісу,378.0,UAH,Кришка корпусу Galaxy S21 Plus Black ORIG
ocapro,GALAXY S21 PLUS,Кришка корпусу задня без обвісу,353.0,UAH,Кришка корпусу Galaxy S21 Plus Black ORIG
ocapro,GALAXY S21 PLUS,Кришка корпусу задня без обвісу,378.0,UAH,Кришка корпусу Galaxy S21 Plus Purple ORIG
ocapro,GALAXY S21 PLUS,Кришка корпусу задня без обвісу,353.0,UAH,Кришка корпусу Galaxy S21 Plus Purple ORIG
ocapro,GALAXY S21 PLUS,Кришка корпусу задня без обвісу,378.0,UAH,Кришка корпусу Galaxy S21 Plus Silver ORIG
ocapro,GALAXY S21 PLUS,Кришка корпусу задня без обвісу,353.0,UAH,Кришка корпусу Galaxy S21 Plus Silver ORIG
ocapro,GALAXY S21,Кришка корпусу задня без обвісу,325.5,UAH,Кришка корпусу Galaxy S21 Purple ORIG
ocapro,GALAXY S21,Кришка корпусу задня без обвісу,304.0,UAH,Кришка корпусу Galaxy S21 Purple ORIG
ocapro,GALAXY S21 ULTRA,Кришка корпусу задня без обвісу,409.5,UAH,Кришка корпусу Galaxy S21 Ultra Black ORIG
ocapro,GALAXY S21 ULTRA,Кришка корпусу задня без обвісу,382.5,UAH,Кришка корпусу Galaxy S21 Ultra Black ORIG
ocapro,GALAXY S21 ULTRA,Кришка корпусу задня без обвісу,409.5,UAH,Кришка корпусу Galaxy S21 Ultra Blue ORIG
ocapro,GALAXY S21 ULTRA,Кришка корпусу задня без обвісу,382.5,UAH,Кришка корпусу Galaxy S21 Ultra Blue ORIG
ocapro,GALAXY S21 ULTRA,Кришка корпусу задня без обвісу,409.5,UAH,Кришка корпусу Galaxy S21 Ultra Silver ORIG
ocapro,GALAXY S21 ULTRA,Кришка корпусу задня без обвісу,382.5,UAH,Кришка корпусу Galaxy S21 Ultra Silver ORIG
ocapro,GALAXY S21,Кришка корпусу задня без обвісу,325.5,UAH,Кришка корпусу Galaxy S21 White ORIG
ocapro,GALAXY S21,Кришка корпусу задня без обвісу,304.0,UAH,Кришка корпусу Galaxy S21 White ORIG
ocapro,GALAXY S22,Кришка корпусу задня без обвісу,304.5,UAH,Кришка корпусу Galaxy S22 Black ORIG
ocapro,GALAXY S22,Кришка корпусу задня без обвісу,284.5,UAH,Кришка корпусу Galaxy S22 Black ORIG
ocapro,GALAXY S22,Кришка корпусу задня без обвісу,304.5,UAH,Кришка корпусу Galaxy S22 Blue ORIG
ocapro,GALAXY S22,Кришка корпусу задня без обвісу,284.5,UAH,Кришка корпусу Galaxy S22 Blue ORIG
ocapro,GALAXY S22,Кришка корпусу задня без обвісу,304.5,UAH,Кришка корпусу Galaxy S22 Green ORIG
ocapro,GALAXY S22,Кришка корпусу задня без обвісу,284.5,UAH,Кришка корпусу Galaxy S22 Green ORIG
ocapro,GALAXY S22 PLUS,Кришка корпусу задня без обвісу,304.5,UAH,Кришка корпусу Galaxy S22 Plus Black ORIG
ocapro,GALAXY S22 PLUS,Кришка корпусу задня без обвісу,284.5,UAH,Кришка корпусу Galaxy S22 Plus Black ORIG
ocapro,GALAXY S22 PLUS,Кришка корпусу задня без обвісу,304.5,UAH,Кришка корпусу Galaxy S22 Plus Blue ORIG
ocapro,GALAXY S22 PLUS,Кришка корпусу задня без обвісу,284.5,UAH,Кришка корпусу Galaxy S22 Plus Blue ORIG
ocapro,GALAXY S22 PLUS,Кришка корпусу задня без обвісу,304.5,UAH,Кришка корпусу Galaxy S22 Plus Green ORIG
ocapro,GALAXY S22 PLUS,Кришка корпусу задня без обвісу,284.5,UAH,Кришка корпусу Galaxy S22 Plus Green ORIG
ocapro,GALAXY S22 PLUS,Кришка корпусу задня без обвісу,304.5,UAH,Кришка корпусу Galaxy S22 Plus White ORIG
ocapro,GALAXY S22 PLUS,Кришка корпусу задня без обвісу,284.5,UAH,Кришка корпусу Galaxy S22 Plus White ORIG
ocapro,GALAXY S22,Кришка корпусу задня без обвісу,304.5,UAH,Кришка корпусу Galaxy S22 White ORIG
ocapro,GALAXY S22,Кришка корпусу задня без обвісу,284.5,UAH,Кришка корпусу Galaxy S22 White ORIG
ocapro,,Кришка корпусу задня без обвісу,357.0,UAH,Кришка корпусу Galaxy S22U Black ORIG
ocapro,,Кришка корпусу задня без обвісу,333.5,UAH,Кришка корпусу Galaxy S22U Black ORIG
ocapro,,Кришка корпусу задня без обвісу,357.0,UAH,Кришка корпусу Galaxy S22U Green ORIG
ocapro,,Кришка корпусу задня без обвісу,333.5,UAH,Кришка корпусу Galaxy S22U Green ORIG
ocapro,,Кришка корпусу задня без обвісу,357.0,UAH,Кришка корпусу Galaxy S22U Phantom Burgundy ORIG
ocapro,,Кришка корпусу задня без обвісу,333.5,UAH,Кришка корпусу Galaxy S22U Phantom Burgundy ORIG
ocapro,,Кришка корпусу задня без обвісу,357.0,UAH,Кришка корпусу Galaxy S22U White ORIG
ocapro,,Кришка корпусу задня без обвісу,333.5,UAH,Кришка корпусу Galaxy S22U White ORIG
ocapro,GALAXY S23,Кришка корпусу задня без обвісу,304.5,UAH,Кришка корпусу Galaxy S23  Lavender ORIG
ocapro,GALAXY S23,Кришка корпусу задня без обвісу,284.5,UAH,Кришка корпусу Galaxy S23  Lavender ORIG
ocapro,GALAXY S23,Кришка корпусу задня без обвісу,304.5,UAH,Кришка корпусу Galaxy S23 Black ORIG
ocapro,GALAXY S23,Кришка корпусу задня без обвісу,284.5,UAH,Кришка корпусу Galaxy S23 Black ORIG
ocapro,GALAXY S23,Кришка корпусу задня без обвісу,304.5,UAH,Кришка корпусу Galaxy S23 Cream ORIG
ocapro,GALAXY S23,Кришка корпусу задня без обвісу,284.5,UAH,Кришка корпусу Galaxy S23 Cream ORIG
ocapro,GALAXY S23,Кришка корпусу задня без обвісу,304.5,UAH,Кришка корпусу Galaxy S23 Green ORIG
ocapro,GALAXY S23,Кришка корпусу задня без обвісу,284.5,UAH,Кришка корпусу Galaxy S23 Green ORIG
ocapro,GALAXY S23 PLUS,Кришка корпусу задня без обвісу,304.5,UAH,Кришка корпусу Galaxy S23 Plus Black ORIG
ocapro,GALAXY S23 PLUS,Кришка корпусу задня без обвісу,284.5,UAH,Кришка корпусу Galaxy S23 Plus Black ORIG
ocapro,GALAXY S23 PLUS,Кришка корпусу задня без обвісу,304.5,UAH,Кришка корпусу Galaxy S23 Plus Cream ORIG
ocapro,GALAXY S23 PLUS,Кришка корпусу задня без обвісу,284.5,UAH,Кришка корпусу Galaxy S23 Plus Cream ORIG
ocapro,GALAXY S23 PLUS,Кришка корпусу задня без обвісу,304.5,UAH,Кришка корпусу Galaxy S23 Plus Green ORIG
ocapro,GALAXY S23 PLUS,Кришка корпусу задня без обвісу,284.5,UAH,Кришка корпусу Galaxy S23 Plus Green ORIG
ocapro,GALAXY S23 PLUS,Кришка корпусу задня без обвісу,304.5,UAH,Кришка корпусу Galaxy S23 Plus Lavender ORIG
ocapro,GALAXY S23 PLUS,Кришка корпусу задня без обвісу,284.5,UAH,Кришка корпусу Galaxy S23 Plus Lavender ORIG
ocapro,,Кришка корпусу задня без обвісу,357.0,UAH,Кришка корпусу Galaxy S23U Black ORIG
ocapro,,Кришка корпусу задня без обвісу,333.5,UAH,Кришка корпусу Galaxy S23U Black ORIG
ocapro,,Кришка корпусу задня без обвісу,357.0,UAH,Кришка корпусу Galaxy S23U Green ORIG
ocapro,,Кришка корпусу задня без обвісу,333.5,UAH,Кришка корпусу Galaxy S23U Green ORIG
ocapro,,Кришка корпусу задня без обвісу,357.0,UAH,Кришка корпусу Galaxy S23U Lavender ORIG
ocapro,,Кришка корпусу задня без обвісу,333.5,UAH,Кришка корпусу Galaxy S23U Lavender ORIG
ocapro,,Кришка корпусу задня без обвісу,357.0,UAH,Кришка корпусу Galaxy S23U White ORIG
ocapro,,Кришка корпусу задня без обвісу,333.5,UAH,Кришка корпусу Galaxy S23U White ORIG
ocapro,,Кришка корпусу задня без обвісу,304.5,UAH,Кришка корпусу Galaxy S24 Amber Yellow ORIG
ocapro,,Кришка корпусу задня без обвісу,284.5,UAH,Кришка корпусу Galaxy S24 Amber Yellow ORIG
ocapro,,Кришка корпусу задня без обвісу,304.5,UAH,Кришка корпусу Galaxy S24 Black ORIG
ocapro,,Кришка корпусу задня без обвісу,284.5,UAH,Кришка корпусу Galaxy S24 Black ORIG
ocapro,,Кришка корпусу задня без обвісу,304.5,UAH,Кришка корпусу Galaxy S24 Cobalt Violet ORIG
ocapro,,Кришка корпусу задня без обвісу,284.5,UAH,Кришка корпусу Galaxy S24 Cobalt Violet ORIG
ocapro,,Кришка корпусу задня без обвісу,304.5,UAH,Кришка корпусу Galaxy S24 Gray ORIG
ocapro,,Кришка корпусу задня без обвісу,284.5,UAH,Кришка корпусу Galaxy S24 Gray ORIG
ocapro,,Кришка корпусу задня без обвісу,304.5,UAH,Кришка корпусу Galaxy S24 Plus Amber Yellow ORIG
ocapro,,Кришка корпусу задня без обвісу,284.5,UAH,Кришка корпусу Galaxy S24 Plus Amber Yellow ORIG
ocapro,,Кришка корпусу задня без обвісу,304.5,UAH,Кришка корпусу Galaxy S24 Plus Black ORIG
ocapro,,Кришка корпусу задня без обвісу,284.5,UAH,Кришка корпусу Galaxy S24 Plus Black ORIG
ocapro,,Кришка корпусу задня без обвісу,304.5,UAH,Кришка корпусу Galaxy S24 Plus Cobalt Violet ORIG
ocapro,,Кришка корпусу задня без обвісу,284.5,UAH,Кришка корпусу Galaxy S24 Plus Cobalt Violet ORIG
ocapro,,Кришка корпусу задня без обвісу,304.5,UAH,Кришка корпусу Galaxy S24 Plus Gray ORIG
ocapro,,Кришка корпусу задня без обвісу,284.5,UAH,Кришка корпусу Galaxy S24 Plus Gray ORIG
ocapro,,Кришка корпусу задня без обвісу,357.0,UAH,Кришка корпусу Galaxy S24U Titanium Black ORIG
ocapro,,Кришка корпусу задня без обвісу,333.5,UAH,Кришка корпусу Galaxy S24U Titanium Black ORIG
ocapro,,Кришка корпусу задня без обвісу,357.0,UAH,Кришка корпусу Galaxy S24U Titanium Gray ORIG
ocapro,,Кришка корпусу задня без обвісу,333.5,UAH,Кришка корпусу Galaxy S24U Titanium Gray ORIG
ocapro,,Кришка корпусу задня без обвісу,357.0,UAH,Кришка корпусу Galaxy S24U Titanium Orange ORIG
ocapro,,Кришка корпусу задня без обвісу,333.5,UAH,Кришка корпусу Galaxy S24U Titanium Orange ORIG
ocapro,,Кришка корпусу задня без обвісу,357.0,UAH,Кришка корпусу Galaxy S24U Titanium Violet ORIG
ocapro,,Кришка корпусу задня без обвісу,333.5,UAH,Кришка корпусу Galaxy S24U Titanium Violet ORIG
ocapro,GALAXY S8,Кришка корпусу задня без обвісу,420.0,UAH,Кришка корпусу Galaxy S8 Black ORIG
ocapro,GALAXY S8,Кришка корпусу задня без обвісу,392.0,UAH,Кришка корпусу Galaxy S8 Black ORIG
ocapro,GALAXY S8 PLUS,Кришка корпусу задня без обвісу,483.0,UAH,Кришка корпусу Galaxy S8 Plus Black ORIG
ocapro,GALAXY S8 PLUS,Кришка корпусу задня без обвісу,451.0,UAH,Кришка корпусу Galaxy S8 Plus Black ORIG
ocapro,GALAXY S9,Кришка корпусу задня без обвісу,577.5,UAH,Кришка корпусу Galaxy S9 Black ORIG
ocapro,GALAXY S9,Кришка корпусу задня без обвісу,539.0,UAH,Кришка корпусу Galaxy S9 Black ORIG
ocapro,GALAXY S9 PLUS,Кришка корпусу задня без обвісу,115.5,UAH,Кришка корпусу Galaxy S9 Plus HQ
ocapro,GALAXY S9 PLUS,Кришка корпусу задня без обвісу,108.0,UAH,Кришка корпусу Galaxy S9 Plus HQ
ocapro,GALAXY S20,,190.5,UAH,Комплект проклеек Galaxy s20 (10 шт)
ocapro,GALAXY S20,,178.5,UAH,Комплект проклеек Galaxy s20 (10 шт)
ocapro,GALAXY S20 PLUS,,190.5,UAH,Комплект проклеек Galaxy s20 Plus (10 шт)
ocapro,GALAXY S20 PLUS,,178.5,UAH,Комплект проклеек Galaxy s20 Plus (10 шт)
ocapro,,,190.5,UAH,Комплект проклеек Galaxy s20Uilta (10 шт)
ocapro,,,178.5,UAH,Комплект проклеек Galaxy s20Uilta (10 шт)
ocapro,GALAXY S8 PLUS,Витратні матеріали для монтажу,10.5,UAH,Проклейка корпуса Galaxy S8 Plus средняя корпуса
ocapro,GALAXY S8 PLUS,Витратні матеріали для монтажу,9.5,UAH,Проклейка корпуса Galaxy S8 Plus средняя корпуса
ocapro,GALAXY S8,Витратні матеріали для монтажу,10.5,UAH,Проклейка корпуса Galaxy S8 средняя корпуса
ocapro,GALAXY S8,Витратні матеріали для монтажу,9.5,UAH,Проклейка корпуса Galaxy S8 средняя корпуса
ocapro,GALAXY S9 PLUS,Витратні матеріали для монтажу,10.5,UAH,Проклейка корпуса Galaxy S9 Plus средняя корпуса
ocapro,GALAXY S9 PLUS,Витратні матеріали для монтажу,9.5,UAH,Проклейка корпуса Galaxy S9 Plus средняя корпуса
ocapro,GALAXY S9,Витратні матеріали для монтажу,7.5,UAH,Проклейка корпуса Galaxy S9 средняя корпуса
ocapro,GALAXY S9,Витратні матеріали для монтажу,7.0,UAH,Проклейка корпуса Galaxy S9 средняя корпуса
ocapro,,Витратні матеріали для монтажу,179.5,UAH,Стикер-проклейка Galaxy Note 8 верх-низ 10 шт
ocapro,,Витратні матеріали для монтажу,168.0,UAH,Стикер-проклейка Galaxy Note 8 верх-низ 10 шт
ocapro,,Витратні матеріали для монтажу,202.0,UAH,Стикер-проклейка Galaxy Note 8 Комплект 10 шт
ocapro,,Витратні матеріали для монтажу,189.0,UAH,Стикер-проклейка Galaxy Note 8 Комплект 10 шт
ocapro,GALAXY NOTE 9,Витратні матеріали для монтажу,179.5,UAH,Стикер-проклейка Galaxy Note 9 верх-низ (10 шт)
ocapro,GALAXY NOTE 9,Витратні матеріали для монтажу,168.0,UAH,Стикер-проклейка Galaxy Note 9 верх-низ (10 шт)
ocapro,GALAXY NOTE 9,Витратні матеріали для монтажу,202.0,UAH,Стикер-проклейка Galaxy Note 9 Комплект (10 шт)
ocapro,GALAXY NOTE 9,Витратні матеріали для монтажу,189.0,UAH,Стикер-проклейка Galaxy Note 9 Комплект (10 шт)
ocapro,GALAXY NOTE 9,Витратні матеріали для монтажу,10.5,UAH,Стикер-проклейка Galaxy Note 9 средняя корпуса
ocapro,GALAXY NOTE 9,Витратні матеріали для монтажу,9.5,UAH,Стикер-проклейка Galaxy Note 9 средняя корпуса
ocapro,,Витратні матеріали для монтажу,7.5,UAH,Стикер-проклейка Galaxy Note8 средняя корпуса
ocapro,,Витратні матеріали для монтажу,7.0,UAH,Стикер-проклейка Galaxy Note8 средняя корпуса
ocapro,GALAXY S10 PLUS,Витратні матеріали для монтажу,179.5,UAH,Стикер-проклейка дисплея Galaxy S10 Plus верх-низ (10 шт)
ocapro,GALAXY S10 PLUS,Витратні матеріали для монтажу,168.0,UAH,Стикер-проклейка дисплея Galaxy S10 Plus верх-низ (10 шт)
ocapro,GALAXY S10 PLUS,Витратні матеріали для монтажу,202.0,UAH,Стикер-проклейка дисплея Galaxy S10 Plus Комплект (10 шт)
ocapro,GALAXY S10 PLUS,Витратні матеріали для монтажу,189.0,UAH,Стикер-проклейка дисплея Galaxy S10 Plus Комплект (10 шт)
ocapro,GALAXY S10,Витратні матеріали для монтажу,179.5,UAH,Стикер-проклейка дисплея Galaxy S10 верх-низ (10 шт)
ocapro,GALAXY S10,Витратні матеріали для монтажу,168.0,UAH,Стикер-проклейка дисплея Galaxy S10 верх-низ (10 шт)
ocapro,GALAXY S10,Витратні матеріали для монтажу,202.0,UAH,Стикер-проклейка дисплея Galaxy S10 Комплект (10 шт)
ocapro,GALAXY S10,Витратні матеріали для монтажу,189.0,UAH,Стикер-проклейка дисплея Galaxy S10 Комплект (10 шт)
ocapro,,Витратні матеріали для монтажу,7.5,UAH,Стикер-проклейка дисплея Galaxy S7 Edge верх-низ
ocapro,,Витратні матеріали для монтажу,7.0,UAH,Стикер-проклейка дисплея Galaxy S7 Edge верх-низ
ocapro,GALAXY S8 PLUS,Витратні матеріали для монтажу,112.0,UAH,Стикер-проклейка дисплея Galaxy S8 Plus верх-низ (10 шт)
ocapro,GALAXY S8 PLUS,Витратні матеріали для монтажу,105.0,UAH,Стикер-проклейка дисплея Galaxy S8 Plus верх-низ (10 шт)
ocapro,GALAXY S8,Витратні матеріали для монтажу,112.0,UAH,Стикер-проклейка дисплея Galaxy S8 верх-низ (10 шт)
ocapro,GALAXY S8,Витратні матеріали для монтажу,105.0,UAH,Стикер-проклейка дисплея Galaxy S8 верх-низ (10 шт)
ocapro,GALAXY S9 PLUS,Витратні матеріали для монтажу,9.0,UAH,Стикер-проклейка дисплея Galaxy S9 Plus верх-низ
ocapro,GALAXY S9 PLUS,Витратні матеріали для монтажу,8.5,UAH,Стикер-проклейка дисплея Galaxy S9 Plus верх-низ
ocapro,GALAXY S9,Витратні матеріали для монтажу,9.0,UAH,Стикер-проклейка дисплея Galaxy S9 верх-низ
ocapro,GALAXY S9,Витратні матеріали для монтажу,8.5,UAH,Стикер-проклейка дисплея Galaxy S9 верх-низ
ocapro,GALAXY S10,Витратні матеріали для монтажу,10.5,UAH,Стикер-проклейка корпуса Galaxy S10
ocapro,GALAXY S10,Витратні матеріали для монтажу,9.5,UAH,Стикер-проклейка корпуса Galaxy S10
ocapro,GALAXY S10 PLUS,Витратні матеріали для монтажу,10.5,UAH,Стикер-проклейка корпуса Galaxy S10 Plus
ocapro,GALAXY S10 PLUS,Витратні матеріали для монтажу,9.5,UAH,Стикер-проклейка корпуса Galaxy S10 Plus
ocapro,,Витратні матеріали для монтажу,5.5,UAH,Стикер-проклейка корпуса Galaxy S7 Edge
ocapro,,Витратні матеріали для монтажу,5.0,UAH,Стикер-проклейка корпуса Galaxy S7 Edge
ocapro,GALAXY S10,,21.0,UAH,Фольга дисплея задняя Galaxy S10
ocapro,GALAXY S10,,19.5,UAH,Фольга дисплея задняя Galaxy S10
ocapro,GALAXY S10 PLUS,,21.0,UAH,Фольга дисплея задняя Galaxy S10 Plus
ocapro,GALAXY S10 PLUS,,19.5,UAH,Фольга дисплея задняя Galaxy S10 Plus
ocapro,,,11.5,UAH,Фольга дисплея задняя Galaxy S7 Edge
ocapro,,,10.5,UAH,Фольга дисплея задняя Galaxy S7 Edge
ocapro,GALAXY S8,,16.0,UAH,Фольга дисплея задняя Galaxy S8
ocapro,GALAXY S8,,15.0,UAH,Фольга дисплея задняя Galaxy S8
ocapro,GALAXY S8 PLUS,,20.5,UAH,Фольга дисплея задняя Galaxy S8 Plus
ocapro,GALAXY S8 PLUS,,19.0,UAH,Фольга дисплея задняя Galaxy S8 Plus
ocapro,GALAXY S9,,24.0,UAH,Фольга дисплея задняя Galaxy S9
ocapro,GALAXY S9,,22.5,UAH,Фольга дисплея задняя Galaxy S9
ocapro,GALAXY S9 PLUS,,20.5,UAH,Фольга дисплея задняя Galaxy S9 Plus
ocapro,GALAXY S9 PLUS,,19.0,UAH,Фольга дисплея задняя Galaxy S9 Plus
ocapro,,Скло дисплейного модулю,262.5,UAH,Стекло  дисплея Galaxy Fold 1 W20 OCA HQ
ocapro,,Скло дисплейного модулю,245.0,UAH,Стекло  дисплея Galaxy Fold 1 W20 OCA HQ
ocapro,,Скло дисплейного модулю,262.5,UAH,Стекло  дисплея Galaxy Fold 2 W21 OCA HQ
ocapro,,Скло дисплейного модулю,245.0,UAH,Стекло  дисплея Galaxy Fold 2 W21 OCA HQ
ocapro,,Скло дисплейного модулю,262.5,UAH,Стекло  дисплея Galaxy Fold 3 W22 OCA HQ
ocapro,,Скло дисплейного модулю,245.0,UAH,Стекло  дисплея Galaxy Fold 3 W22 OCA HQ
ocapro,GALAXY S10,Скло дисплейного модулю,315.0,UAH,Стекло  дисплея Galaxy S10 5G HQ
ocapro,GALAXY S10,Скло дисплейного модулю,294.0,UAH,Стекло  дисплея Galaxy S10 5G HQ
ocapro,GALAXY S10,Скло дисплейного модулю,220.5,UAH,Стекло  дисплея Galaxy S10 HQ
ocapro,GALAXY S10,Скло дисплейного модулю,206.0,UAH,Стекло  дисплея Galaxy S10 HQ
ocapro,GALAXY S10 PLUS,Скло дисплейного модулю,231.0,UAH,Стекло  дисплея Galaxy S10 Plus  HQ
ocapro,GALAXY S10 PLUS,Скло дисплейного модулю,216.0,UAH,Стекло  дисплея Galaxy S10 Plus  HQ
ocapro,GALAXY S20,Скло дисплейного модулю,178.5,UAH,Стекло  дисплея Galaxy S20 HQ
ocapro,GALAXY S20,Скло дисплейного модулю,167.0,UAH,Стекло  дисплея Galaxy S20 HQ
ocapro,GALAXY S20 PLUS,Скло дисплейного модулю,252.0,UAH,Стекло  дисплея Galaxy S20 Plus HQ
ocapro,GALAXY S20 PLUS,Скло дисплейного модулю,235.5,UAH,Стекло  дисплея Galaxy S20 Plus HQ
ocapro,GALAXY S20 PLUS,Скло дисплейного модулю,304.5,UAH,Стекло  дисплея Galaxy S20 Plus с ОСА HQ
ocapro,GALAXY S20 PLUS,Скло дисплейного модулю,284.5,UAH,Стекло  дисплея Galaxy S20 Plus с ОСА HQ
ocapro,GALAXY S20 ULTRA,Скло дисплейного модулю,189.0,UAH,Стекло  дисплея Galaxy S20 Ultra HQ
ocapro,GALAXY S20 ULTRA,Скло дисплейного модулю,176.5,UAH,Стекло  дисплея Galaxy S20 Ultra HQ
ocapro,GALAXY S20 ULTRA,Скло дисплейного модулю,283.5,UAH,Стекло  дисплея Galaxy S20 Ultra с ОСА HQ
ocapro,GALAXY S20 ULTRA,Скло дисплейного модулю,265.0,UAH,Стекло  дисплея Galaxy S20 Ultra с ОСА HQ
ocapro,GALAXY S20,Скло дисплейного модулю,273.0,UAH,Стекло  дисплея Galaxy S20 с ОСА HQ
ocapro,GALAXY S20,Скло дисплейного модулю,255.0,UAH,Стекло  дисплея Galaxy S20 с ОСА HQ
ocapro,GALAXY S21 ULTRA,Скло дисплейного модулю,189.0,UAH,Стекло  дисплея Galaxy S21 Ultra HQ
ocapro,GALAXY S21 ULTRA,Скло дисплейного модулю,176.5,UAH,Стекло  дисплея Galaxy S21 Ultra HQ
ocapro,GALAXY S22 PLUS,Скло дисплейного модулю,37.0,UAH,Стекло  дисплея Galaxy S22 Plus HQ
ocapro,GALAXY S22 PLUS,Скло дисплейного модулю,34.5,UAH,Стекло  дисплея Galaxy S22 Plus HQ
ocapro,,Скло дисплейного модулю,231.0,UAH,Стекло  дисплея Galaxy S22U HQ
ocapro,,Скло дисплейного модулю,216.0,UAH,Стекло  дисплея Galaxy S22U HQ
ocapro,GALAXY S23 PLUS,Скло дисплейного модулю,42.0,UAH,Стекло  дисплея Galaxy S23 Plus HQ
ocapro,GALAXY S23 PLUS,Скло дисплейного модулю,39.5,UAH,Стекло  дисплея Galaxy S23 Plus HQ
ocapro,GALAXY S23 PLUS,Скло дисплейного модулю,52.5,UAH,Стекло  дисплея Galaxy S23 Plus OCA HQ
ocapro,GALAXY S23 PLUS,Скло дисплейного модулю,49.0,UAH,Стекло  дисплея Galaxy S23 Plus OCA HQ
ocapro,,,52.5,UAH,Стекло Galaxy A32 OCA
ocapro,,,49.0,UAH,Стекло Galaxy A32 OCA
ocapro,,,52.5,UAH,Стекло Galaxy A33 OCA
ocapro,,,49.0,UAH,Стекло Galaxy A33 OCA
ocapro,,,25.5,UAH,Стекло Galaxy A40
ocapro,,,24.0,UAH,Стекло Galaxy A40
ocapro,,,52.5,UAH,Стекло Galaxy A52 OCA
ocapro,,,49.0,UAH,Стекло Galaxy A52 OCA
ocapro,,,52.5,UAH,Стекло Galaxy A53 OCA
ocapro,,,49.0,UAH,Стекло Galaxy A53 OCA
ocapro,,,25.5,UAH,Стекло Galaxy A60
ocapro,,,24.0,UAH,Стекло Galaxy A60
ocapro,,,25.5,UAH,Стекло Galaxy A70
ocapro,,,24.0,UAH,Стекло Galaxy A70
ocapro,,,52.5,UAH,Стекло Galaxy A73 OCA
ocapro,,,49.0,UAH,Стекло Galaxy A73 OCA
ocapro,GALAXY A80,,25.5,UAH,Стекло Galaxy A80
ocapro,GALAXY A80,,24.0,UAH,Стекло Galaxy A80
ocapro,GALAXY A90,,25.5,UAH,Стекло Galaxy A90
ocapro,GALAXY A90,,24.0,UAH,Стекло Galaxy A90
ocapro,GALAXY NOTE 10,,241.5,UAH,Стекло Galaxy Note 10 HQ
ocapro,GALAXY NOTE 10,,225.5,UAH,Стекло Galaxy Note 10 HQ
ocapro,GALAXY NOTE 10,,367.5,UAH,Стекло Galaxy Note 10 ORIG
ocapro,GALAXY NOTE 10,,343.0,UAH,Стекло Galaxy Note 10 ORIG
ocapro,GALAXY NOTE 10 PLUS,,241.5,UAH,Стекло Galaxy Note 10 Plus HQ
ocapro,GALAXY NOTE 10 PLUS,,225.5,UAH,Стекло Galaxy Note 10 Plus HQ
ocapro,GALAXY NOTE 10 PLUS,,388.5,UAH,Стекло Galaxy Note 10 Plus ORIG
ocapro,GALAXY NOTE 10 PLUS,,363.0,UAH,Стекло Galaxy Note 10 Plus ORIG
ocapro,GALAXY NOTE 10 PLUS,,315.0,UAH,Стекло Galaxy Note 10 Plus с OCA HQ
ocapro,GALAXY NOTE 10 PLUS,,294.0,UAH,Стекло Galaxy Note 10 Plus с OCA HQ
ocapro,GALAXY NOTE 10,,315.0,UAH,Стекло Galaxy Note 10 с OCA HQ
ocapro,GALAXY NOTE 10,,294.0,UAH,Стекло Galaxy Note 10 с OCA HQ
ocapro,GALAXY NOTE 20,,61.0,UAH,Стекло Galaxy Note 20 HQ
ocapro,GALAXY NOTE 20,,57.0,UAH,Стекло Galaxy Note 20 HQ
ocapro,GALAXY NOTE 20 ULTRA,,273.0,UAH,Стекло Galaxy Note 20 Ultra HQ
ocapro,GALAXY NOTE 20 ULTRA,,255.0,UAH,Стекло Galaxy Note 20 Ultra HQ
ocapro,GALAXY NOTE 20 ULTRA,,304.5,UAH,Стекло Galaxy Note 20 Ultra OCA HQ
ocapro,GALAXY NOTE 20 ULTRA,,284.5,UAH,Стекло Galaxy Note 20 Ultra OCA HQ
ocapro,,,189.0,UAH,Стекло Galaxy Note 8 Copy
ocapro,,,176.5,UAH,Стекло Galaxy Note 8 Copy
ocapro,,,231.0,UAH,Стекло Galaxy Note 8 HQ
ocapro,,,216.0,UAH,Стекло Galaxy Note 8 HQ
ocapro,,,735.0,UAH,Стекло Galaxy Note 8 ORIG
ocapro,,,686.0,UAH,Стекло Galaxy Note 8 ORIG
ocapro,,,262.5,UAH,Стекло Galaxy Note 8 с OCA 125
ocapro,,,245.0,UAH,Стекло Galaxy Note 8 с OCA 125
ocapro,GALAXY NOTE 9,,220.5,UAH,Стекло Galaxy Note 9 Copy
ocapro,GALAXY NOTE 9,,206.0,UAH,Стекло Galaxy Note 9 Copy
ocapro,GALAXY NOTE 9,,231.0,UAH,Стекло Galaxy Note 9 H.Q.
ocapro,GALAXY NOTE 9,,216.0,UAH,Стекло Galaxy Note 9 H.Q.
ocapro,GALAXY NOTE 9,,273.0,UAH,Стекло Galaxy Note 9 ORIG
ocapro,GALAXY NOTE 9,,255.0,UAH,Стекло Galaxy Note 9 ORIG
ocapro,GALAXY NOTE 9,,273.0,UAH,Стекло Galaxy Note 9 с OCA 125
ocapro,GALAXY NOTE 9,,255.0,UAH,Стекло Galaxy Note 9 с OCA 125
ocapro,GALAXY S10,,57.0,UAH,Стекло Galaxy S10 E
ocapro,GALAXY S10,,53.0,UAH,Стекло Galaxy S10 E
ocapro,GALAXY S10,,514.5,UAH,Стекло Galaxy S10 ORIG
ocapro,GALAXY S10,,480.5,UAH,Стекло Galaxy S10 ORIG
ocapro,GALAXY S10 PLUS,,388.5,UAH,Стекло Galaxy S10 Plus ORIG
ocapro,GALAXY S10 PLUS,,363.0,UAH,Стекло Galaxy S10 Plus ORIG
ocapro,,,157.5,UAH,Стекло Galaxy S7 Edge Black ORIG
ocapro,,,147.0,UAH,Стекло Galaxy S7 Edge Black ORIG
ocapro,,,157.5,UAH,Стекло Galaxy S7 Edge Gold ORIG
ocapro,,,147.0,UAH,Стекло Galaxy S7 Edge Gold ORIG
ocapro,,,220.5,UAH,Стекло Galaxy s7 edge Silver ORIG
ocapro,,,206.0,UAH,Стекло Galaxy s7 edge Silver ORIG
ocapro,GALAXY S8,,252.0,UAH,Стекло Galaxy S8  +OCA H.Q.
ocapro,GALAXY S8,,235.5,UAH,Стекло Galaxy S8  +OCA H.Q.
ocapro,GALAXY S8,,147.0,UAH,Стекло Galaxy S8 ORIG
ocapro,GALAXY S8,,137.5,UAH,Стекло Galaxy S8 ORIG
ocapro,GALAXY S8 PLUS,,273.0,UAH,Стекло Galaxy S8 Plus +OCA H.Q.
ocapro,GALAXY S8 PLUS,,255.0,UAH,Стекло Galaxy S8 Plus +OCA H.Q.
ocapro,GALAXY S8 PLUS,,157.5,UAH,Стекло Galaxy S8 Plus Copy
ocapro,GALAXY S8 PLUS,,147.0,UAH,Стекло Galaxy S8 Plus Copy
ocapro,GALAXY S8 PLUS,,205.0,UAH,Стекло Galaxy S8 Plus HQ
ocapro,GALAXY S8 PLUS,,191.5,UAH,Стекло Galaxy S8 Plus HQ
ocapro,GALAXY S9,,178.5,UAH,Стекло Galaxy S9 Copy
ocapro,GALAXY S9,,167.0,UAH,Стекло Galaxy S9 Copy
ocapro,GALAXY S9,,248.0,UAH,Стекло Galaxy S9 HQ
ocapro,GALAXY S9,,231.5,UAH,Стекло Galaxy S9 HQ
ocapro,GALAXY S9,,273.0,UAH,Стекло Galaxy S9 ORIG
ocapro,GALAXY S9,,255.0,UAH,Стекло Galaxy S9 ORIG
ocapro,GALAXY S9 PLUS,,189.0,UAH,Стекло Galaxy S9 Plus Copy
ocapro,GALAXY S9 PLUS,,176.5,UAH,Стекло Galaxy S9 Plus Copy
ocapro,GALAXY S9 PLUS,,210.0,UAH,Стекло Galaxy S9 Plus H.Q.
ocapro,GALAXY S9 PLUS,,196.0,UAH,Стекло Galaxy S9 Plus H.Q.
ocapro,GALAXY S9 PLUS,,252.0,UAH,Стекло Galaxy S9 Plus с OCA 125
ocapro,GALAXY S9 PLUS,,235.5,UAH,Стекло Galaxy S9 Plus с OCA 125
ocapro,GALAXY S9,,252.0,UAH,Стекло Galaxy S9 с OCA 125
ocapro,GALAXY S9,,235.5,UAH,Стекло Galaxy S9 с OCA 125
ocapro,GALAXY S10 PLUS,Скло дисплейного модулю,262.5,UAH,Стекло дисплея Galaxy S10 Plus OCA HQ
ocapro,GALAXY S10 PLUS,Скло дисплейного модулю,245.0,UAH,Стекло дисплея Galaxy S10 Plus OCA HQ
ocapro,GALAXY S10,Скло дисплейного модулю,262.5,UAH,Стекло дисплея Galaxy S10 с OCA HQ
ocapro,GALAXY S10,Скло дисплейного модулю,245.0,UAH,Стекло дисплея Galaxy S10 с OCA HQ
ocapro,GALAXY NOTE 20,,73.5,UAH,Стекло+ОСА Galaxy Note 20 HQ(mitsubishi)
ocapro,GALAXY NOTE 20,,69.0,UAH,Стекло+ОСА Galaxy Note 20 HQ(mitsubishi)
ocapro,,,913.5,UAH,TP Galaxy Note 8 ORIG
ocapro,,,853.0,UAH,TP Galaxy Note 8 ORIG
ocapro,,,630.0,UAH,TP Galaxy Note 8 Rev.D + OCA ORIG
ocapro,,,588.0,UAH,TP Galaxy Note 8 Rev.D + OCA ORIG
ocapro,,,787.5,UAH,TP Galaxy S7 Edge G935 Black
ocapro,,,735.0,UAH,TP Galaxy S7 Edge G935 Black
ocapro,,,787.5,UAH,TP Galaxy S7 Edge G935 Gold
ocapro,,,735.0,UAH,TP Galaxy S7 Edge G935 Gold
ocapro,GALAXY S8 PLUS,,630.0,UAH,TP Galaxy S8 Plus OCA ORIG
ocapro,GALAXY S8 PLUS,,588.0,UAH,TP Galaxy S8 Plus OCA ORIG
ocapro,GALAXY S8 PLUS,,861.0,UAH,TP Galaxy S8 Plus ORIG
ocapro,GALAXY S8 PLUS,,804.0,UAH,TP Galaxy S8 Plus ORIG
ocapro,GALAXY S8 PLUS,,945.0,UAH,TP Galaxy S8 Plus ORIG + polar
ocapro,GALAXY S8 PLUS,,882.0,UAH,TP Galaxy S8 Plus ORIG + polar
ocapro,,,1050.0,UAH,Аккумулятор iPad Air 3 (A2152/A2123/A2153/A2154) 8134 mAh
ocapro,,,980.0,UAH,Аккумулятор iPad Air 3 (A2152/A2123/A2153/A2154) 8134 mAh
ocapro,,АКБ з калібруванням,682.5,UAH,Акумулятор iPad 2 A1376 HQ
ocapro,,АКБ з калібруванням,637.0,UAH,Акумулятор iPad 2 A1376 HQ
ocapro,,АКБ з калібруванням,682.5,UAH,Акумулятор iPad 3/4 HQ
ocapro,,АКБ з калібруванням,637.0,UAH,Акумулятор iPad 3/4 HQ
ocapro,,АКБ з калібруванням,819.0,UAH,Акумулятор iPad Air 2 A1547 HQ
ocapro,,АКБ з калібруванням,764.5,UAH,Акумулятор iPad Air 2 A1547 HQ
ocapro,,АКБ з калібруванням,924.0,UAH,Акумулятор iPad Air 4 HQ
ocapro,,АКБ з калібруванням,862.5,UAH,Акумулятор iPad Air 4 HQ
ocapro,,АКБ з калібруванням,819.0,UAH,"Акумулятор iPad Air A1484/2018/10,2 HQ"
ocapro,,АКБ з калібруванням,764.5,UAH,"Акумулятор iPad Air A1484/2018/10,2 HQ"
ocapro,,АКБ з калібруванням,630.0,UAH,Акумулятор iPad mini 2/3 HQ
ocapro,,АКБ з калібруванням,588.0,UAH,Акумулятор iPad mini 2/3 HQ
ocapro,,АКБ з калібруванням,630.0,UAH,Акумулятор iPad mini 4 HQ
ocapro,,АКБ з калібруванням,588.0,UAH,Акумулятор iPad mini 4 HQ
ocapro,,АКБ з калібруванням,714.0,UAH,Акумулятор iPad mini 5 HQ
ocapro,,АКБ з калібруванням,666.5,UAH,Акумулятор iPad mini 5 HQ
ocapro,,АКБ з калібруванням,819.0,UAH,Акумулятор iPad mini 6 HQ
ocapro,,АКБ з калібруванням,764.5,UAH,Акумулятор iPad mini 6 HQ
ocapro,,АКБ з калібруванням,1050.0,UAH,"Акумулятор iPad Pro 10,5 HQ"
ocapro,,АКБ з калібруванням,980.0,UAH,"Акумулятор iPad Pro 10,5 HQ"
ocapro,,АКБ з калібруванням,1260.0,UAH,Акумулятор iPad Pro 11 2018 (A1980/A2013/A1934/A1979) HQ
ocapro,,АКБ з калібруванням,1176.0,UAH,Акумулятор iPad Pro 11 2018 (A1980/A2013/A1934/A1979) HQ
ocapro,,АКБ з калібруванням,1155.0,UAH,Акумулятор iPad Pro 12.9 1G (A1584/A1652)  HQ
ocapro,,АКБ з калібруванням,1078.0,UAH,Акумулятор iPad Pro 12.9 1G (A1584/A1652)  HQ
ocapro,,АКБ з калібруванням,1470.0,UAH,Акумулятор iPad Pro 12.9 2018  HQ
ocapro,,АКБ з калібруванням,1372.0,UAH,Акумулятор iPad Pro 12.9 2018  HQ
ocapro,,АКБ з калібруванням,1323.0,UAH,Акумулятор iPad Pro 12.9 2G  HQ
ocapro,,АКБ з калібруванням,1235.0,UAH,Акумулятор iPad Pro 12.9 2G  HQ
ocapro,,АКБ з калібруванням,840.0,UAH,"Акумулятор iPad Pro 9,7 HQ"
ocapro,,АКБ з калібруванням,784.0,UAH,"Акумулятор iPad Pro 9,7 HQ"
ocapro,,,123.5,UAH,Glass camera iPad 11/12.9 2018 ORIG
ocapro,,,115.5,UAH,Glass camera iPad 11/12.9 2018 ORIG
ocapro,,,235.5,UAH,Glass camera iPad 11/12.9 2021 ORIG
ocapro,,,220.5,UAH,Glass camera iPad 11/12.9 2021 ORIG
ocapro,,,28.0,UAH,Glass camera iPad Air 2 ORIG
ocapro,,,26.5,UAH,Glass camera iPad Air 2 ORIG
ocapro,,,50.5,UAH,"OCA iPad 10,9 Air 4 Mitsubishi 250u"
ocapro,,,47.5,UAH,"OCA iPad 10,9 Air 4 Mitsubishi 250u"
ocapro,,,36.0,UAH,"OCA iPad 9,7 Mitsubishi 250u"
ocapro,,,34.0,UAH,"OCA iPad 9,7 Mitsubishi 250u"
ocapro,,,34.0,UAH,OCA iPad Mini 4 Mitsubishi 250u
ocapro,,,31.5,UAH,OCA iPad Mini 4 Mitsubishi 250u
ocapro,,,34.0,UAH,OCA iPad Mini 6 Mitsubishi 250u
ocapro,,,31.5,UAH,OCA iPad Mini 6 Mitsubishi 250u
ocapro,,,45.0,UAH,"OCA iPad Pro 10,5 Mitsubishi 250u"
ocapro,,,42.0,UAH,"OCA iPad Pro 10,5 Mitsubishi 250u"
ocapro,,,78.5,UAH,OCA iPad Pro 11 2024 Mitsubishi 250u
ocapro,,,73.5,UAH,OCA iPad Pro 11 2024 Mitsubishi 250u
ocapro,,,50.5,UAH,OCA iPad Pro 11 Mitsubishi 250u
ocapro,,,47.5,UAH,OCA iPad Pro 11 Mitsubishi 250u
ocapro,,,62.0,UAH,OCA iPad Pro 12.9 Mitsubishi 250u
ocapro,,,58.0,UAH,OCA iPad Pro 12.9 Mitsubishi 250u
ocapro,,,95.5,UAH,OCA iPad Pro 13 2024 Mitsubishi 250u
ocapro,,,89.5,UAH,OCA iPad Pro 13 2024 Mitsubishi 250u
ocapro,,Дисплейний модуль,5194.0,UAH,Дисплей iPad 10 ORIG
ocapro,,Дисплейний модуль,4823.0,UAH,Дисплей iPad 10 ORIG
ocapro,,Дисплейний модуль,2940.0,UAH,"Дисплей iPad 10,2 ORIG"
ocapro,,Дисплейний модуль,2730.0,UAH,"Дисплей iPad 10,2 ORIG"
ocapro,,Дисплейний модуль,4214.0,UAH,"Дисплей iPad 10,5 Black copy A1701/A1709/A1852 2017"
ocapro,,Дисплейний модуль,3913.0,UAH,"Дисплей iPad 10,5 Black copy A1701/A1709/A1852 2017"
ocapro,,Дисплейний модуль,6958.0,UAH,"Дисплей iPad 10,5 Black ORIG A1701/A1709/A1852 2017"
ocapro,,Дисплейний модуль,6461.0,UAH,"Дисплей iPad 10,5 Black ORIG A1701/A1709/A1852 2017"
ocapro,,Дисплейний модуль,4312.0,UAH,"Дисплей iPad 10,5 White copy A1701/A1709/A1852 2017"
ocapro,,Дисплейний модуль,4004.0,UAH,"Дисплей iPad 10,5 White copy A1701/A1709/A1852 2017"
ocapro,,Дисплейний модуль,9016.0,UAH,"Дисплей iPad 10,5 White ORIG A1701/A1709/A1852 2017"
ocapro,,Дисплейний модуль,8372.0,UAH,"Дисплей iPad 10,5 White ORIG A1701/A1709/A1852 2017"
ocapro,,Дисплейний модуль,11270.0,UAH,Дисплей iPad 11 Pro 2018/2020 ORIG
ocapro,,Дисплейний модуль,10465.0,UAH,Дисплей iPad 11 Pro 2018/2020 ORIG
ocapro,,Дисплейний модуль,6860.0,UAH,Дисплей iPad 11 Pro M1/M2 HQ
ocapro,,Дисплейний модуль,6370.0,UAH,Дисплей iPad 11 Pro M1/M2 HQ
ocapro,,Дисплейний модуль,8036.0,UAH,Дисплей iPad 11 Pro M1/M2 HQ биток
ocapro,,Дисплейний модуль,7462.0,UAH,Дисплей iPad 11 Pro M1/M2 HQ биток
ocapro,,Дисплейний модуль,11270.0,UAH,Дисплей iPad 11 Pro M1/M2 ORIG
ocapro,,Дисплейний модуль,10465.0,UAH,Дисплей iPad 11 Pro M1/M2 ORIG
ocapro,,Дисплейний модуль,7742.0,UAH,"Дисплей iPad 12,9 Pro 1 gen bkack"
ocapro,,Дисплейний модуль,7189.0,UAH,"Дисплей iPad 12,9 Pro 1 gen bkack"
ocapro,,Дисплейний модуль,7742.0,UAH,"Дисплей iPad 12,9 Pro 1 gen white"
ocapro,,Дисплейний модуль,7189.0,UAH,"Дисплей iPad 12,9 Pro 1 gen white"
ocapro,,Дисплейний модуль,9702.0,UAH,"Дисплей iPad 12,9 Pro 2018/2020 ORIG"
ocapro,,Дисплейний модуль,9009.0,UAH,"Дисплей iPad 12,9 Pro 2018/2020 ORIG"
ocapro,,Дисплейний модуль,11172.0,UAH,"Дисплей iPad 12,9 Pro 2021 M1 HQ"
ocapro,,Дисплейний модуль,10374.0,UAH,"Дисплей iPad 12,9 Pro 2021 M1 HQ"
ocapro,,Дисплейний модуль,15680.0,UAH,"Дисплей iPad 12,9 Pro 2021 M1 ORIG"
ocapro,,Дисплейний модуль,14560.0,UAH,"Дисплей iPad 12,9 Pro 2021 M1 ORIG"
ocapro,,Дисплейний модуль,1372.0,UAH,Дисплей iPad 3/4
ocapro,,Дисплейний модуль,1274.0,UAH,Дисплей iPad 3/4
ocapro,,Дисплейний модуль,3724.0,UAH,Дисплей iPad Air
ocapro,,Дисплейний модуль,3458.0,UAH,Дисплей iPad Air
ocapro,,Дисплейний модуль,5733.0,UAH,Дисплей iPad Air 2 Black ORIG
ocapro,,Дисплейний модуль,5323.5,UAH,Дисплей iPad Air 2 Black ORIG
ocapro,,Дисплейний модуль,5733.0,UAH,Дисплей iPad Air 2 White ORIG
ocapro,,Дисплейний модуль,5323.5,UAH,Дисплей iPad Air 2 White ORIG
ocapro,,Дисплейний модуль,4018.0,UAH,"Дисплей iPad Air 3 10,5 Black HQ A2152/A2123/A2153 2019"
ocapro,,Дисплейний модуль,3731.0,UAH,"Дисплей iPad Air 3 10,5 Black HQ A2152/A2123/A2153 2019"
ocapro,,Дисплейний модуль,6860.0,UAH,"Дисплей iPad Air 3 10,5 Black ORIG A2152/A2123/A2153 2019"
ocapro,,Дисплейний модуль,6370.0,UAH,"Дисплей iPad Air 3 10,5 Black ORIG A2152/A2123/A2153 2019"
ocapro,,Дисплейний модуль,4018.0,UAH,"Дисплей iPad Air 3 10,5 White HQ A2152/A2123/A2153 2019"
ocapro,,Дисплейний модуль,3731.0,UAH,"Дисплей iPad Air 3 10,5 White HQ A2152/A2123/A2153 2019"
ocapro,,Дисплейний модуль,6958.0,UAH,"Дисплей iPad Air 3 10,5 White ORIG A2152/A2123/A2153 2019"
ocapro,,Дисплейний модуль,6461.0,UAH,"Дисплей iPad Air 3 10,5 White ORIG A2152/A2123/A2153 2019"
ocapro,,Дисплейний модуль,9604.0,UAH,"Дисплей iPad Air 4 10,9 ORIG"
ocapro,,Дисплейний модуль,8918.0,UAH,"Дисплей iPad Air 4 10,9 ORIG"
ocapro,,Дисплейний модуль,9604.0,UAH,Дисплей iPad Air 5  ORIG
ocapro,,Дисплейний модуль,8918.0,UAH,Дисплей iPad Air 5  ORIG
ocapro,,Дисплейний модуль,2058.0,UAH,Дисплей iPad mini 1
ocapro,,Дисплейний модуль,1911.0,UAH,Дисплей iPad mini 1
ocapro,,Дисплейний модуль,1078.0,UAH,Дисплей iPad mini 2/3
ocapro,,Дисплейний модуль,1001.0,UAH,Дисплей iPad mini 2/3
ocapro,,Дисплейний модуль,4214.0,UAH,Дисплей iPad mini 4 Black Orig
ocapro,,Дисплейний модуль,3913.0,UAH,Дисплей iPad mini 4 Black Orig
ocapro,,Дисплейний модуль,4214.0,UAH,Дисплей iPad mini 4 White Orig
ocapro,,Дисплейний модуль,3913.0,UAH,Дисплей iPad mini 4 White Orig
ocapro,,Дисплейний модуль,4116.0,UAH,Дисплей iPad mini 5 Black Orig
ocapro,,Дисплейний модуль,3822.0,UAH,Дисплей iPad mini 5 Black Orig
ocapro,,Дисплейний модуль,4655.0,UAH,Дисплей iPad mini 5 White Orig
ocapro,,Дисплейний модуль,4322.5,UAH,Дисплей iPad mini 5 White Orig
ocapro,,Дисплейний модуль,9310.0,UAH,Дисплей iPad mini 6 HQ
ocapro,,Дисплейний модуль,8645.0,UAH,Дисплей iPad mini 6 HQ
ocapro,,Дисплейний модуль,7644.0,UAH,Дисплей iPad mini 6 ORIG 100%
ocapro,,Дисплейний модуль,7098.0,UAH,Дисплей iPad mini 6 ORIG 100%
ocapro,,Дисплейний модуль,7644.0,UAH,Дисплей iPad mini 7 ORIG 100%
ocapro,,Дисплейний модуль,7098.0,UAH,Дисплей iPad mini 7 ORIG 100%
ocapro,,Дисплейний модуль,7448.0,UAH,"Дисплей iPad Pro 9,7  Black ORIG"
ocapro,,Дисплейний модуль,6916.0,UAH,"Дисплей iPad Pro 9,7  Black ORIG"
ocapro,,Дисплейний модуль,7742.0,UAH,"Дисплей iPad Pro 9,7 White ORIG"
ocapro,,Дисплейний модуль,7189.0,UAH,"Дисплей iPad Pro 9,7 White ORIG"
ocapro,,,5194.0,UAH,Корпус iPad 11 2018 4G
ocapro,,,4823.0,UAH,Корпус iPad 11 2018 4G
ocapro,,,4704.0,UAH,Корпус iPad 11 2018 А1980 wi fi  ORIG
ocapro,,,4368.0,UAH,Корпус iPad 11 2018 А1980 wi fi  ORIG
ocapro,,,3675.0,UAH,Корпус iPad 11 2021 ORIG
ocapro,,,3412.5,UAH,Корпус iPad 11 2021 ORIG
ocapro,,,5194.0,UAH,"Корпус iPad 12,9 Silver 2018 ORIG (знятий)"
ocapro,,,4823.0,UAH,"Корпус iPad 12,9 Silver 2018 ORIG (знятий)"
ocapro,,,1960.0,UAH,"Корпус iPad iPad 10,2 black 4G ORIG (знятий)"
ocapro,,,1820.0,UAH,"Корпус iPad iPad 10,2 black 4G ORIG (знятий)"
ocapro,,,1960.0,UAH,"Корпус iPad iPad 10,2 black wi fi ORIG (знятий)"
ocapro,,,1820.0,UAH,"Корпус iPad iPad 10,2 black wi fi ORIG (знятий)"
ocapro,,,1960.0,UAH,"Корпус iPad iPad 10,2 White  wi fi ORIG (знятий)"
ocapro,,,1820.0,UAH,"Корпус iPad iPad 10,2 White  wi fi ORIG (знятий)"
ocapro,,,2254.0,UAH,"Корпус iPad iPad 9 10,2 2021 black wi fi ORIG"
ocapro,,,2093.0,UAH,"Корпус iPad iPad 9 10,2 2021 black wi fi ORIG"
ocapro,,,630.0,UAH,"Підсвітка iPad 10,5"
ocapro,,,588.0,UAH,"Підсвітка iPad 10,5"
ocapro,,,682.5,UAH,"Підсвітка iPad 10,9 Air 4/5 ORIG"
ocapro,,,637.0,UAH,"Підсвітка iPad 10,9 Air 4/5 ORIG"
ocapro,,,682.5,UAH,Підсвітка iPad 11 1/2/3g ORIG
ocapro,,,637.0,UAH,Підсвітка iPad 11 1/2/3g ORIG
ocapro,,,1207.5,UAH,"Підсвітка iPad 12,9 1 gen"
ocapro,,,1127.0,UAH,"Підсвітка iPad 12,9 1 gen"
ocapro,,,892.5,UAH,"Підсвітка iPad 12,9 2 gen ORIG"
ocapro,,,833.0,UAH,"Підсвітка iPad 12,9 2 gen ORIG"
ocapro,,,1449.0,UAH,"Підсвітка iPad 12,9 3 gen"
ocapro,,,1352.5,UAH,"Підсвітка iPad 12,9 3 gen"
ocapro,,,2520.0,UAH,"Підсвітка iPad 12,9 M1 ORIG"
ocapro,,,2352.0,UAH,"Підсвітка iPad 12,9 M1 ORIG"
ocapro,,,441.0,UAH,Підсвітка iPad Air 1
ocapro,,,412.0,UAH,Підсвітка iPad Air 1
ocapro,,,367.5,UAH,Підсвітка iPad Air 2
ocapro,,,343.0,UAH,Підсвітка iPad Air 2
ocapro,,,388.5,UAH,Підсвітка iPad mini 4 ORIG
ocapro,,,363.0,UAH,Підсвітка iPad mini 4 ORIG
ocapro,,,283.5,UAH,Підсвітка iPad mini 5
ocapro,,,265.0,UAH,Підсвітка iPad mini 5
ocapro,,,367.5,UAH,"Підсвітка iPad Pro 9,7"
ocapro,,,343.0,UAH,"Підсвітка iPad Pro 9,7"
ocapro,,,44.0,UAH,"Поляризатор iPad 10,2"
ocapro,,,41.0,UAH,"Поляризатор iPad 10,2"
ocapro,,,49.5,UAH,"Поляризатор iPad 10,5"
ocapro,,,46.5,UAH,"Поляризатор iPad 10,5"
ocapro,,,44.0,UAH,"Поляризатор iPad 9,7"
ocapro,,,41.0,UAH,"Поляризатор iPad 9,7"
ocapro,,,34.0,UAH,Поляризатор iPad mini 5
ocapro,,,31.5,UAH,Поляризатор iPad mini 5
ocapro,,,34.0,UAH,Поляризатор iPad mini 6
ocapro,,,31.5,UAH,Поляризатор iPad mini 6
ocapro,,,49.5,UAH,Поляризатор iPad Pro 11
ocapro,,,46.5,UAH,Поляризатор iPad Pro 11
ocapro,,,55.0,UAH,"Поляризатор iPad Pro 12,9"
ocapro,,,51.5,UAH,"Поляризатор iPad Pro 12,9"
ocapro,,Витратні матеріали для монтажу,39.5,UAH,"Проклейка дисплея iPad 10,2"
ocapro,,Витратні матеріали для монтажу,37.0,UAH,"Проклейка дисплея iPad 10,2"
ocapro,,Витратні матеріали для монтажу,39.5,UAH,"Проклейка дисплея iPad 10,5"
ocapro,,Витратні матеріали для монтажу,37.0,UAH,"Проклейка дисплея iPad 10,5"
ocapro,,Витратні матеріали для монтажу,39.5,UAH,Проклейка дисплея iPad 11
ocapro,,Витратні матеріали для монтажу,37.0,UAH,Проклейка дисплея iPad 11
ocapro,,Витратні матеріали для монтажу,62.0,UAH,"Проклейка дисплея iPad 12,9 1/2 g"
ocapro,,Витратні матеріали для монтажу,58.0,UAH,"Проклейка дисплея iPad 12,9 1/2 g"
ocapro,,Витратні матеріали для монтажу,84.0,UAH,"Проклейка дисплея iPad 12,9 2018"
ocapro,,Витратні матеріали для монтажу,79.0,UAH,"Проклейка дисплея iPad 12,9 2018"
ocapro,,Витратні матеріали для монтажу,28.0,UAH,Проклейка дисплея iPad 3
ocapro,,Витратні матеріали для монтажу,26.5,UAH,Проклейка дисплея iPad 3
ocapro,,Витратні матеріали для монтажу,25.0,UAH,Проклейка дисплея iPad Air 1
ocapro,,Витратні матеріали для монтажу,23.5,UAH,Проклейка дисплея iPad Air 1
ocapro,,Витратні матеріали для монтажу,36.0,UAH,Проклейка дисплея iPad Air 2
ocapro,,Витратні матеріали для монтажу,34.0,UAH,Проклейка дисплея iPad Air 2
ocapro,,Витратні матеріали для монтажу,39.5,UAH,Проклейка дисплея iPad Air 4
ocapro,,Витратні матеріали для монтажу,37.0,UAH,Проклейка дисплея iPad Air 4
ocapro,,Витратні матеріали для монтажу,30.5,UAH,Проклейка дисплея iPad mini 1
ocapro,,Витратні матеріали для монтажу,28.5,UAH,Проклейка дисплея iPad mini 1
ocapro,,Витратні матеріали для монтажу,34.0,UAH,Проклейка дисплея iPad mini 4/5
ocapro,,Витратні матеріали для монтажу,31.5,UAH,Проклейка дисплея iPad mini 4/5
ocapro,,Витратні матеріали для монтажу,73.0,UAH,Проклейка дисплея iPad mini 6
ocapro,,Витратні матеріали для монтажу,68.5,UAH,Проклейка дисплея iPad mini 6
ocapro,,Скло дисплейного модулю,609.0,UAH,"Скло дисплея iPad Air 4 10,9 OCA ORIG 100%"
ocapro,,Скло дисплейного модулю,568.5,UAH,"Скло дисплея iPad Air 4 10,9 OCA ORIG 100%"
ocapro,,Скло дисплейного модулю,178.5,UAH,"Скло дисплея iPad Air 4 OCA 10,9 HQ"
ocapro,,Скло дисплейного модулю,167.0,UAH,"Скло дисплея iPad Air 4 OCA 10,9 HQ"
ocapro,,Скло дисплейного модулю,609.0,UAH,"Скло дисплея iPad Air 5 10,9 OCA ORIG 100%"
ocapro,,Скло дисплейного модулю,568.5,UAH,"Скло дисплея iPad Air 5 10,9 OCA ORIG 100%"
ocapro,,Скло дисплейного модулю,178.5,UAH,Скло дисплея iPad Air 5 OCA 2022 HQ
ocapro,,Скло дисплейного модулю,167.0,UAH,Скло дисплея iPad Air 5 OCA 2022 HQ
ocapro,,Скло дисплейного модулю,168.0,UAH,Скло дисплея iPad Air 6 11 + OCA 2024
ocapro,,Скло дисплейного модулю,157.0,UAH,Скло дисплея iPad Air 6 11 + OCA 2024
ocapro,,Скло дисплейного модулю,189.0,UAH,"Скло дисплея iPad Air 6 12,9 + OCA 2024"
ocapro,,Скло дисплейного модулю,176.5,UAH,"Скло дисплея iPad Air 6 12,9 + OCA 2024"
ocapro,,Скло дисплейного модулю,105.0,UAH,Скло дисплея iPad Mini 4 OCA Black
ocapro,,Скло дисплейного модулю,98.0,UAH,Скло дисплея iPad Mini 4 OCA Black
ocapro,,Скло дисплейного модулю,126.0,UAH,Скло дисплея iPad Mini 4 OCA White
ocapro,,Скло дисплейного модулю,118.0,UAH,Скло дисплея iPad Mini 4 OCA White
ocapro,,Скло дисплейного модулю,115.5,UAH,Скло дисплея iPad Mini 5 OCA Black
ocapro,,Скло дисплейного модулю,108.0,UAH,Скло дисплея iPad Mini 5 OCA Black
ocapro,,Скло дисплейного модулю,136.5,UAH,Скло дисплея iPad Mini 5 OCA White
ocapro,,Скло дисплейного модулю,127.5,UAH,Скло дисплея iPad Mini 5 OCA White
ocapro,,Скло дисплейного модулю,126.0,UAH,Скло дисплея iPad Mini 6/7 OCA
ocapro,,Скло дисплейного модулю,118.0,UAH,Скло дисплея iPad Mini 6/7 OCA
ocapro,,Скло дисплейного модулю,126.0,UAH,"Скло дисплея iPad Pro 10,5 OCA Black"
ocapro,,Скло дисплейного модулю,118.0,UAH,"Скло дисплея iPad Pro 10,5 OCA Black"
ocapro,,Скло дисплейного модулю,147.0,UAH,"Скло дисплея iPad Pro 10,5 OCA White"
ocapro,,Скло дисплейного модулю,137.5,UAH,"Скло дисплея iPad Pro 10,5 OCA White"
ocapro,,Скло дисплейного модулю,273.0,UAH,Скло дисплея iPad Pro 11 + OCA M4/M5
ocapro,,Скло дисплейного модулю,255.0,UAH,Скло дисплея iPad Pro 11 + OCA M4/M5
ocapro,,Скло дисплейного модулю,199.5,UAH,Скло дисплея iPad Pro 11 2018 OCA
ocapro,,Скло дисплейного модулю,186.5,UAH,Скло дисплея iPad Pro 11 2018 OCA
ocapro,,Скло дисплейного модулю,714.0,UAH,Скло дисплея iPad Pro 11 M1/M2 OCA ORIG 100%
ocapro,,Скло дисплейного модулю,666.5,UAH,Скло дисплея iPad Pro 11 M1/M2 OCA ORIG 100%
ocapro,,Скло дисплейного модулю,199.5,UAH,Скло дисплея iPad Pro 11 OCA M1/M2
ocapro,,Скло дисплейного модулю,186.5,UAH,Скло дисплея iPad Pro 11 OCA M1/M2
ocapro,,Скло дисплейного модулю,210.0,UAH,"Скло дисплея iPad Pro 12,9 + OCA M4/M5"
ocapro,,Скло дисплейного модулю,196.0,UAH,"Скло дисплея iPad Pro 12,9 + OCA M4/M5"
ocapro,,Скло дисплейного модулю,220.5,UAH,"Скло дисплея iPad Pro 12,9 OCA 2018 Copy"
ocapro,,Скло дисплейного модулю,206.0,UAH,"Скло дисплея iPad Pro 12,9 OCA 2018 Copy"
ocapro,,Скло дисплейного модулю,231.0,UAH,"Скло дисплея iPad Pro 12,9 OCA Black 1/2 gen"
ocapro,,Скло дисплейного модулю,216.0,UAH,"Скло дисплея iPad Pro 12,9 OCA Black 1/2 gen"
ocapro,,Скло дисплейного модулю,220.5,UAH,"Скло дисплея iPad Pro 12,9 OCA M1/M2 2021 (5 gen)"
ocapro,,Скло дисплейного модулю,206.0,UAH,"Скло дисплея iPad Pro 12,9 OCA M1/M2 2021 (5 gen)"
ocapro,,Скло дисплейного модулю,210.0,UAH,"Скло дисплея iPad Pro 12,9 OCA White 1/2 gen"
ocapro,,Скло дисплейного модулю,196.0,UAH,"Скло дисплея iPad Pro 12,9 OCA White 1/2 gen"
ocapro,,Скло дисплейного модулю,178.5,UAH,"Скло дисплея iPad Pro 9,7 OCA Black"
ocapro,,Скло дисплейного модулю,167.0,UAH,"Скло дисплея iPad Pro 9,7 OCA Black"
ocapro,,Скло дисплейного модулю,178.5,UAH,"Скло дисплея iPad Pro 9,7 OCA White"
ocapro,,Скло дисплейного модулю,167.0,UAH,"Скло дисплея iPad Pro 9,7 OCA White"
ocapro,,Скло дисплейного модулю,115.5,UAH,Скло дисплея iPad Air 2 Black
ocapro,,Скло дисплейного модулю,108.0,UAH,Скло дисплея iPad Air 2 Black
ocapro,,Скло дисплейного модулю,136.5,UAH,"Скло дисплея iPad Air 4 10,9 HQ"
ocapro,,Скло дисплейного модулю,127.5,UAH,"Скло дисплея iPad Air 4 10,9 HQ"
ocapro,,Скло дисплейного модулю,136.5,UAH,Скло дисплея iPad Air 5 2022 HQ
ocapro,,Скло дисплейного модулю,127.5,UAH,Скло дисплея iPad Air 5 2022 HQ
ocapro,,Скло дисплейного модулю,262.5,UAH,Скло дисплея iPad Air 6 2024 HQ
ocapro,,Скло дисплейного модулю,245.0,UAH,Скло дисплея iPad Air 6 2024 HQ
ocapro,,Скло дисплейного модулю,115.5,UAH,Скло дисплея iPad Air2 White
ocapro,,Скло дисплейного модулю,108.0,UAH,Скло дисплея iPad Air2 White
ocapro,,Скло дисплейного модулю,315.0,UAH,Скло дисплея iPad Air2 White ORIG
ocapro,,Скло дисплейного модулю,294.0,UAH,Скло дисплея iPad Air2 White ORIG
ocapro,,Скло дисплейного модулю,94.5,UAH,Скло дисплея iPad Mini 4 Black
ocapro,,Скло дисплейного модулю,88.5,UAH,Скло дисплея iPad Mini 4 Black
ocapro,,Скло дисплейного модулю,94.5,UAH,Скло дисплея iPad Mini 4 White
ocapro,,Скло дисплейного модулю,88.5,UAH,Скло дисплея iPad Mini 4 White
ocapro,,Скло дисплейного модулю,115.5,UAH,Скло дисплея iPad Mini 5 Black
ocapro,,Скло дисплейного модулю,108.0,UAH,Скло дисплея iPad Mini 5 Black
ocapro,,Скло дисплейного модулю,115.5,UAH,Скло дисплея iPad Mini 5 White
ocapro,,Скло дисплейного модулю,108.0,UAH,Скло дисплея iPad Mini 5 White
ocapro,,Скло дисплейного модулю,178.5,UAH,Скло дисплея iPad Mini 6/7
ocapro,,Скло дисплейного модулю,167.0,UAH,Скло дисплея iPad Mini 6/7
ocapro,,Скло дисплейного модулю,115.5,UAH,"Скло дисплея iPad Pro 10,5 Black"
ocapro,,Скло дисплейного модулю,108.0,UAH,"Скло дисплея iPad Pro 10,5 Black"
ocapro,,Скло дисплейного модулю,147.0,UAH,"Скло дисплея iPad Pro 10,5 White"
ocapro,,Скло дисплейного модулю,137.5,UAH,"Скло дисплея iPad Pro 10,5 White"
ocapro,,Скло дисплейного модулю,168.0,UAH,Скло дисплея iPad Pro 11
ocapro,,Скло дисплейного модулю,157.0,UAH,Скло дисплея iPad Pro 11
ocapro,,Скло дисплейного модулю,168.0,UAH,Скло дисплея iPad Pro 11 M1/M2
ocapro,,Скло дисплейного модулю,157.0,UAH,Скло дисплея iPad Pro 11 M1/M2
ocapro,,Скло дисплейного модулю,735.0,UAH,Скло дисплея iPad Pro 11 ORIG
ocapro,,Скло дисплейного модулю,686.0,UAH,Скло дисплея iPad Pro 11 ORIG
ocapro,,Скло дисплейного модулю,199.5,UAH,"Скло дисплея iPad Pro 12,9 2018"
ocapro,,Скло дисплейного модулю,186.5,UAH,"Скло дисплея iPad Pro 12,9 2018"
ocapro,,Скло дисплейного модулю,1008.0,UAH,"Скло дисплея iPad Pro 12,9 2018 ORIG"
ocapro,,Скло дисплейного модулю,941.0,UAH,"Скло дисплея iPad Pro 12,9 2018 ORIG"
ocapro,,Скло дисплейного модулю,189.0,UAH,"Скло дисплея iPad Pro 12,9 2021 (5 gen)"
ocapro,,Скло дисплейного модулю,176.5,UAH,"Скло дисплея iPad Pro 12,9 2021 (5 gen)"
ocapro,,Скло дисплейного модулю,357.0,UAH,"Скло дисплея iPad Pro 12,9 Black 1/2 gen"
ocapro,,Скло дисплейного модулю,333.5,UAH,"Скло дисплея iPad Pro 12,9 Black 1/2 gen"
ocapro,,Скло дисплейного модулю,357.0,UAH,"Скло дисплея iPad Pro 12,9 White 1/2 gen"
ocapro,,Скло дисплейного модулю,333.5,UAH,"Скло дисплея iPad Pro 12,9 White 1/2 gen"
ocapro,,Скло дисплейного модулю,105.0,UAH,"Скло дисплея iPad Pro 9,7 Black copy"
ocapro,,Скло дисплейного модулю,98.0,UAH,"Скло дисплея iPad Pro 9,7 Black copy"
ocapro,,Скло дисплейного модулю,262.5,UAH,"Скло дисплея iPad Pro 9,7 Black ORIG"
ocapro,,Скло дисплейного модулю,245.0,UAH,"Скло дисплея iPad Pro 9,7 Black ORIG"
ocapro,,Скло дисплейного модулю,178.5,UAH,"Скло дисплея iPad Pro 9,7 White"
ocapro,,Скло дисплейного модулю,167.0,UAH,"Скло дисплея iPad Pro 9,7 White"
ocapro,,Скло дисплейного модулю,315.0,UAH,"Скло дисплея iPad Pro 9,7 White ORIG"
ocapro,,Скло дисплейного модулю,294.0,UAH,"Скло дисплея iPad Pro 9,7 White ORIG"
ocapro,,,441.0,UAH,Тачскрін iPad 10 A2696/A2757/A2742 HQ
ocapro,,,409.5,UAH,Тачскрін iPad 10 A2696/A2757/A2742 HQ
ocapro,,,1911.0,UAH,Тачскрін iPad 10 A2696/A2757/A2742 ORIG
ocapro,,,1774.5,UAH,Тачскрін iPad 10 A2696/A2757/A2742 ORIG
ocapro,,,343.0,UAH,"Тачскрін iPad 10,2 2021 (A2602, A2603, A2604, A2605) Black HQ"
ocapro,,,318.5,UAH,"Тачскрін iPad 10,2 2021 (A2602, A2603, A2604, A2605) Black HQ"
ocapro,,,1372.0,UAH,"Тачскрін iPad 10,2 2021 (A2602, A2603, A2604, A2605) Black ORIG"
ocapro,,,1274.0,UAH,"Тачскрін iPad 10,2 2021 (A2602, A2603, A2604, A2605) Black ORIG"
ocapro,,,343.0,UAH,"Тачскрін iPad 10,2 2021 (A2602, A2603, A2604, A2605) White HQ"
ocapro,,,318.5,UAH,"Тачскрін iPad 10,2 2021 (A2602, A2603, A2604, A2605) White HQ"
ocapro,,,284.5,UAH,Тачскрін iPad 2 Black HQ
ocapro,,,264.0,UAH,Тачскрін iPad 2 Black HQ
ocapro,,,284.5,UAH,Тачскрін iPad 2 White HQ
ocapro,,,264.0,UAH,Тачскрін iPad 2 White HQ
ocapro,,,294.0,UAH,Тачскрін iPad 3/4 Black HQ
ocapro,,,273.0,UAH,Тачскрін iPad 3/4 Black HQ
ocapro,,,284.5,UAH,Тачскрін iPad 3/4 White HQ
ocapro,,,264.0,UAH,Тачскрін iPad 3/4 White HQ
ocapro,,,490.0,UAH,"Тачскрін iPad 6 9,7 2018 Black (A1893, A1954) HQ"
ocapro,,,455.0,UAH,"Тачскрін iPad 6 9,7 2018 Black (A1893, A1954) HQ"
ocapro,,,931.0,UAH,"Тачскрін iPad 6 9,7 2018 Black (A1893, A1954) ORIG"
ocapro,,,864.5,UAH,"Тачскрін iPad 6 9,7 2018 Black (A1893, A1954) ORIG"
ocapro,,,441.0,UAH,"Тачскрін iPad 6 9,7 2018 White (A1893, A1954) HQ"
ocapro,,,409.5,UAH,"Тачскрін iPad 6 9,7 2018 White (A1893, A1954) HQ"
ocapro,,,931.0,UAH,"Тачскрін iPad 6 9,7 2018 White (A1893, A1954) ORIG"
ocapro,,,864.5,UAH,"Тачскрін iPad 6 9,7 2018 White (A1893, A1954) ORIG"
ocapro,,,1029.0,UAH,"Тачскрін iPad 7/8 10,2 (A2270, A2428, A2429, A2430) (A2197, A2200, A2198)  Black ORIG"
ocapro,,,955.5,UAH,"Тачскрін iPad 7/8 10,2 (A2270, A2428, A2429, A2430) (A2197, A2200, A2198)  Black ORIG"
ocapro,,,304.0,UAH,"Тачскрін iPad 7/8 10,2 (A2270, A2428, A2429, A2430) (A2197, A2200, A2198)  White HQ"
ocapro,,,282.5,UAH,"Тачскрін iPad 7/8 10,2 (A2270, A2428, A2429, A2430) (A2197, A2200, A2198)  White HQ"
ocapro,,,1029.0,UAH,"Тачскрін iPad 7/8 10,2 (A2270, A2428, A2429, A2430) (A2197, A2200, A2198)  White ORIG"
ocapro,,,955.5,UAH,"Тачскрін iPad 7/8 10,2 (A2270, A2428, A2429, A2430) (A2197, A2200, A2198)  White ORIG"
ocapro,,,304.0,UAH,"Тачскрін iPad 7/8 10,2 (A2270, A2428, A2429, A2430) (A2197, A2200, A2198) Black HQ"
ocapro,,,282.5,UAH,"Тачскрін iPad 7/8 10,2 (A2270, A2428, A2429, A2430) (A2197, A2200, A2198) Black HQ"
ocapro,,,539.0,UAH,Тачскрін iPad Air 2 Black ORIG A1566/A1567
ocapro,,,500.5,UAH,Тачскрін iPad Air 2 Black ORIG A1566/A1567
ocapro,,,539.0,UAH,Тачскрін iPad Air 2 White ORIG A1566/A1567
ocapro,,,500.5,UAH,Тачскрін iPad Air 2 White ORIG A1566/A1567
ocapro,,,755.0,UAH,"Тачскрін iPad Air 4 10,9 A2324 A2072 HQ"
ocapro,,,701.0,UAH,"Тачскрін iPad Air 4 10,9 A2324 A2072 HQ"
ocapro,,,1029.0,UAH,"Тачскрін iPad Air 4 10,9 A2324 A2072 ORIG"
ocapro,,,955.5,UAH,"Тачскрін iPad Air 4 10,9 A2324 A2072 ORIG"
ocapro,,,735.0,UAH,Тачскрін iPad Air 5 2022 (A2589/A2591) HQ
ocapro,,,682.5,UAH,Тачскрін iPad Air 5 2022 (A2589/A2591) HQ
ocapro,,,1274.0,UAH,Тачскрін iPad Air 5 2022 (A2589/A2591) ORIG
ocapro,,,1183.0,UAH,Тачскрін iPad Air 5 2022 (A2589/A2591) ORIG
ocapro,,,2499.0,UAH,Тачскрін iPad Air 6 (A2899/A2900/A2898) 2024 ORIG
ocapro,,,2320.5,UAH,Тачскрін iPad Air 6 (A2899/A2900/A2898) 2024 ORIG
ocapro,,,294.0,UAH,Тачскрін iPad Air Black ORIG A1474 А1823
ocapro,,,273.0,UAH,Тачскрін iPad Air Black ORIG A1474 А1823
ocapro,,,294.0,UAH,Тачскрін iPad Air White ORIG A1474 А1823
ocapro,,,273.0,UAH,Тачскрін iPad Air White ORIG A1474 А1823
ocapro,,,274.5,UAH,Тачскрін iPad Mini 1/2 с IC Black ORIG
ocapro,,,255.0,UAH,Тачскрін iPad Mini 1/2 с IC Black ORIG
ocapro,,,255.0,UAH,Тачскрін iPad Mini 1/2 с IC White ORIG
ocapro,,,237.0,UAH,Тачскрін iPad Mini 1/2 с IC White ORIG
ocapro,,,343.0,UAH,Тачскрін iPad Mini 3 с IC Black ORIG
ocapro,,,318.5,UAH,Тачскрін iPad Mini 3 с IC Black ORIG
ocapro,,,343.0,UAH,Тачскрін iPad Mini 3 с IC White ORIG
ocapro,,,318.5,UAH,Тачскрін iPad Mini 3 с IC White ORIG
ocapro,,,441.0,UAH,Тачскрін iPad Mini 4 Black HQ
ocapro,,,409.5,UAH,Тачскрін iPad Mini 4 Black HQ
ocapro,,,931.0,UAH,Тачскрін iPad Mini 4 Black ORIG
ocapro,,,864.5,UAH,Тачскрін iPad Mini 4 Black ORIG
ocapro,,,490.0,UAH,Тачскрін iPad Mini 4 White HQ(A1550)
ocapro,,,455.0,UAH,Тачскрін iPad Mini 4 White HQ(A1550)
ocapro,,,490.0,UAH,Тачскрін iPad Mini 5 Black HQ A2124
ocapro,,,455.0,UAH,Тачскрін iPad Mini 5 Black HQ A2124
ocapro,,,490.0,UAH,Тачскрін iPad Mini 5 White HQ A2124
ocapro,,,455.0,UAH,Тачскрін iPad Mini 5 White HQ A2124
ocapro,,,735.0,UAH,Тачскрін iPad Mini 6 HQ
ocapro,,,682.5,UAH,Тачскрін iPad Mini 6 HQ
ocapro,,,1274.0,UAH,Тачскрін iPad Mini 6 ORIG
ocapro,,,1183.0,UAH,Тачскрін iPad Mini 6 ORIG
ocapro,,,657.0,UAH,"Тачскрін iPad Pro 10,5 a1701 a2152 a2123 a2153 Black"
ocapro,,,610.0,UAH,"Тачскрін iPad Pro 10,5 a1701 a2152 a2123 a2153 Black"
ocapro,,,637.0,UAH,"Тачскрін iPad Pro 10,5a1701 a2152 a2123 a2153 White"
ocapro,,,591.5,UAH,"Тачскрін iPad Pro 10,5a1701 a2152 a2123 a2153 White"
ocapro,,,1911.0,UAH,Тачскрін iPad Pro 11  M1/M2 A2377/A2459/A2301 ORIG
ocapro,,,1774.5,UAH,Тачскрін iPad Pro 11  M1/M2 A2377/A2459/A2301 ORIG
ocapro,,,4606.0,UAH,Тачскрін iPad Pro 11  M4 2024 A2836/A2837/A3006 ORIG
ocapro,,,4277.0,UAH,Тачскрін iPad Pro 11  M4 2024 A2836/A2837/A3006 ORIG
ocapro,,,1323.0,UAH,Тачскрін iPad Pro 11 2018 A1934/A2228/A2068/A2230/A1980/A2013 HQ
ocapro,,,1228.5,UAH,Тачскрін iPad Pro 11 2018 A1934/A2228/A2068/A2230/A1980/A2013 HQ
ocapro,,,2009.0,UAH,Тачскрін iPad Pro 11 2018 A1934/A2228/A2068/A2230/A1980/A2013 ORIG
ocapro,,,1865.5,UAH,Тачскрін iPad Pro 11 2018 A1934/A2228/A2068/A2230/A1980/A2013 ORIG
ocapro,,,1372.0,UAH,"Тачскрін iPad Pro 12,9  M1/M2 2021 (A2378, A2461, A2379, A2462) HQ"
ocapro,,,1274.0,UAH,"Тачскрін iPad Pro 12,9  M1/M2 2021 (A2378, A2461, A2379, A2462) HQ"
ocapro,,,5096.0,UAH,"Тачскрін iPad Pro 12,9  M4 2024 ORIG"
ocapro,,,4732.0,UAH,"Тачскрін iPad Pro 12,9  M4 2024 ORIG"
ocapro,,,1911.0,UAH,"Тачскрін iPad Pro 12,9 2021  M1/M2 (A2378, A2461, A2379, A2462) ORIG"
ocapro,,,1774.5,UAH,"Тачскрін iPad Pro 12,9 2021  M1/M2 (A2378, A2461, A2379, A2462) ORIG"
ocapro,,,1323.0,UAH,"Тачскрін iPad Pro 12,9 a1584 a1652 Black HQ"
ocapro,,,1228.5,UAH,"Тачскрін iPad Pro 12,9 a1584 a1652 Black HQ"
ocapro,,,1323.0,UAH,"Тачскрін iPad Pro 12,9 a1584 a1652 White HQ"
ocapro,,,1228.5,UAH,"Тачскрін iPad Pro 12,9 a1584 a1652 White HQ"
ocapro,,,1274.0,UAH,"Тачскрін iPad Pro 12,9 a1670 a1821 Black 2 gen"
ocapro,,,1183.0,UAH,"Тачскрін iPad Pro 12,9 a1670 a1821 Black 2 gen"
ocapro,,,1421.0,UAH,"Тачскрін iPad Pro 12,9 A1895 А2232 2018 HQ"
ocapro,,,1319.5,UAH,"Тачскрін iPad Pro 12,9 A1895 А2232 2018 HQ"
ocapro,,,2009.0,UAH,"Тачскрін iPad Pro 12,9 A1895 А2232 2018 ORIG"
ocapro,,,1865.5,UAH,"Тачскрін iPad Pro 12,9 A1895 А2232 2018 ORIG"
ocapro,,,1274.0,UAH,"Тачскрін iPad Pro 12,9 White a1670 a1821 2 gen"
ocapro,,,1183.0,UAH,"Тачскрін iPad Pro 12,9 White a1670 a1821 2 gen"
ocapro,,,539.0,UAH,"Тачскрін iPad Pro 9.7 2016 (A1673, A1674, A1675) Black HQ"
ocapro,,,500.5,UAH,"Тачскрін iPad Pro 9.7 2016 (A1673, A1674, A1675) Black HQ"
ocapro,,,539.0,UAH,"Тачскрін iPad Pro 9.7 2016 (A1673, A1674, A1675) White HQ"
ocapro,,,500.5,UAH,"Тачскрін iPad Pro 9.7 2016 (A1673, A1674, A1675) White HQ"
ocapro,,,136.5,UAH,Force touch s3 38 mm GPS ORIG
ocapro,,,127.5,UAH,Force touch s3 38 mm GPS ORIG
ocapro,,,136.5,UAH,Force touch s3 38 mm LTE ORIG
ocapro,,,127.5,UAH,Force touch s3 38 mm LTE ORIG
ocapro,,,136.5,UAH,Force touch s3 42 mm GPS ORIG
ocapro,,,127.5,UAH,Force touch s3 42 mm GPS ORIG
ocapro,,,73.5,UAH,Force touch s3 42 mm LTE ORIG
ocapro,,,69.0,UAH,Force touch s3 42 mm LTE ORIG
ocapro,,,58.0,UAH,Force touch s4 40 mm ORIG
ocapro,,,54.0,UAH,Force touch s4 40 mm ORIG
ocapro,,,58.0,UAH,Force touch s4 44 mm ORIG
ocapro,,,54.0,UAH,Force touch s4 44 mm ORIG
ocapro,,,89.5,UAH,Force touch s5 40 mm ORIG
ocapro,,,83.5,UAH,Force touch s5 40 mm ORIG
ocapro,,,79.0,UAH,Force touch s5 40 mm ORIG разборка
ocapro,,,73.5,UAH,Force touch s5 40 mm ORIG разборка
ocapro,,,68.5,UAH,Force touch s5 44 mm ORIG
ocapro,,,64.0,UAH,Force touch s5 44 mm ORIG
ocapro,,,79.0,UAH,Force touch s5 44 mm ORIG разборка
ocapro,,,73.5,UAH,Force touch s5 44 mm ORIG разборка
ocapro,,,6.5,UAH,OCA Apple Watch 38mm
ocapro,,,6.0,UAH,OCA Apple Watch 38mm
ocapro,,,6.5,UAH,OCA Apple Watch 41 mm
ocapro,,,6.0,UAH,OCA Apple Watch 41 mm
ocapro,,,7.5,UAH,OCA Apple Watch 42 mm
ocapro,,,7.0,UAH,OCA Apple Watch 42 mm
ocapro,,,6.5,UAH,OCA Apple Watch 45 mm
ocapro,,,6.0,UAH,OCA Apple Watch 45 mm
ocapro,,,6.5,UAH,OCA Apple Watch s4 40 mm
ocapro,,,6.0,UAH,OCA Apple Watch s4 40 mm
ocapro,,,7.5,UAH,OCA Apple Watch s4 44 mm
ocapro,,,7.0,UAH,OCA Apple Watch s4 44 mm
ocapro,,,7.5,UAH,OCA Apple Watch Ultra 49 mm
ocapro,,,7.0,UAH,OCA Apple Watch Ultra 49 mm
ocapro,,АКБ з калібруванням,1113.0,UAH,Акумулятор Apple Watch S10 42 mm  ORIG
ocapro,,АКБ з калібруванням,1039.0,UAH,Акумулятор Apple Watch S10 42 mm  ORIG
ocapro,,АКБ з калібруванням,1071.0,UAH,Акумулятор Apple Watch S10 46 mm  ORIG
ocapro,,АКБ з калібруванням,1000.0,UAH,Акумулятор Apple Watch S10 46 mm  ORIG
ocapro,,АКБ з калібруванням,210.0,UAH,Акумулятор Apple Watch S2 38 mm ORIG
ocapro,,АКБ з калібруванням,196.0,UAH,Акумулятор Apple Watch S2 38 mm ORIG
ocapro,,АКБ з калібруванням,210.0,UAH,Акумулятор Apple Watch S2 42 mm ORIG
ocapro,,АКБ з калібруванням,196.0,UAH,Акумулятор Apple Watch S2 42 mm ORIG
ocapro,,АКБ з калібруванням,147.0,UAH,Акумулятор Apple Watch S3 38 mm ORIG
ocapro,,АКБ з калібруванням,137.5,UAH,Акумулятор Apple Watch S3 38 mm ORIG
ocapro,,АКБ з калібруванням,147.0,UAH,Акумулятор Apple Watch S3 42 mm ORIG
ocapro,,АКБ з калібруванням,137.5,UAH,Акумулятор Apple Watch S3 42 mm ORIG
ocapro,,АКБ з калібруванням,178.5,UAH,Акумулятор Apple Watch S4 40 mm  ORIG
ocapro,,АКБ з калібруванням,167.0,UAH,Акумулятор Apple Watch S4 40 mm  ORIG
ocapro,,АКБ з калібруванням,178.5,UAH,Акумулятор Apple Watch S4 44 mm  ORIG
ocapro,,АКБ з калібруванням,167.0,UAH,Акумулятор Apple Watch S4 44 mm  ORIG
ocapro,,АКБ з калібруванням,168.0,UAH,Акумулятор Apple Watch S5 40 mm  ORIG
ocapro,,АКБ з калібруванням,157.0,UAH,Акумулятор Apple Watch S5 40 mm  ORIG
ocapro,,АКБ з калібруванням,157.5,UAH,Акумулятор Apple Watch S5 44 mm  ORIG
ocapro,,АКБ з калібруванням,147.0,UAH,Акумулятор Apple Watch S5 44 mm  ORIG
ocapro,,АКБ з калібруванням,357.0,UAH,Акумулятор Apple Watch S6 40 mm  ORIG
ocapro,,АКБ з калібруванням,333.5,UAH,Акумулятор Apple Watch S6 40 mm  ORIG
ocapro,,АКБ з калібруванням,168.0,UAH,Акумулятор Apple Watch S6 44 mm  ORIG
ocapro,,АКБ з калібруванням,157.0,UAH,Акумулятор Apple Watch S6 44 mm  ORIG
ocapro,,АКБ з калібруванням,745.5,UAH,Акумулятор Apple Watch S7 41 mm  ORIG
ocapro,,АКБ з калібруванням,696.0,UAH,Акумулятор Apple Watch S7 41 mm  ORIG
ocapro,,АКБ з калібруванням,168.0,UAH,Акумулятор Apple Watch S7 45 mm  ORIG
ocapro,,АКБ з калібруванням,157.0,UAH,Акумулятор Apple Watch S7 45 mm  ORIG
ocapro,,АКБ з калібруванням,966.0,UAH,Акумулятор Apple Watch S8/S9 41 mm  ORIG
ocapro,,АКБ з калібруванням,902.0,UAH,Акумулятор Apple Watch S8/S9 41 mm  ORIG
ocapro,,АКБ з калібруванням,168.0,UAH,Акумулятор Apple Watch S8/S9 45 mm  ORIG
ocapro,,АКБ з калібруванням,157.0,UAH,Акумулятор Apple Watch S8/S9 45 mm  ORIG
ocapro,,АКБ з калібруванням,157.5,UAH,Акумулятор Apple Watch SE 2 40 mm  ORIG
ocapro,,АКБ з калібруванням,147.0,UAH,Акумулятор Apple Watch SE 2 40 mm  ORIG
ocapro,,АКБ з калібруванням,157.5,UAH,Акумулятор Apple Watch SE 2 44 mm  ORIG
ocapro,,АКБ з калібруванням,147.0,UAH,Акумулятор Apple Watch SE 2 44 mm  ORIG
ocapro,,Кришка корпусу задня без обвісу,357.0,UAH,Задня кришка Apple Watch S4 40 mm ORIG
ocapro,,Кришка корпусу задня без обвісу,333.5,UAH,Задня кришка Apple Watch S4 40 mm ORIG
ocapro,,Кришка корпусу задня без обвісу,147.0,UAH,Задня кришка корпуса Apple Watch S4 44 mm ORIG
ocapro,,Кришка корпусу задня без обвісу,137.5,UAH,Задня кришка корпуса Apple Watch S4 44 mm ORIG
ocapro,,Кришка корпусу задня без обвісу,420.0,UAH,Задня кришка корпуса Apple Watch S5 40 mm ORIG
ocapro,,Кришка корпусу задня без обвісу,392.0,UAH,Задня кришка корпуса Apple Watch S5 40 mm ORIG
ocapro,,Кришка корпусу задня без обвісу,147.0,UAH,Задня кришка корпуса Apple Watch S5 44 mm ORIG
ocapro,,Кришка корпусу задня без обвісу,137.5,UAH,Задня кришка корпуса Apple Watch S5 44 mm ORIG
ocapro,,Кришка корпусу задня без обвісу,546.0,UAH,Задня кришка корпуса Apple Watch S6 40 mm ORIG
ocapro,,Кришка корпусу задня без обвісу,510.0,UAH,Задня кришка корпуса Apple Watch S6 40 mm ORIG
ocapro,,Кришка корпусу задня без обвісу,546.0,UAH,Задня кришка корпуса Apple Watch S6 44 mm ORIG
ocapro,,Кришка корпусу задня без обвісу,510.0,UAH,Задня кришка корпуса Apple Watch S6 44 mm ORIG
ocapro,,Кришка корпусу задня без обвісу,1522.5,UAH,Задня кришка корпуса Apple Watch S7 41 mm GPS ORIG
ocapro,,Кришка корпусу задня без обвісу,1421.0,UAH,Задня кришка корпуса Apple Watch S7 41 mm GPS ORIG
ocapro,,Кришка корпусу задня без обвісу,1837.5,UAH,Задня кришка корпуса Apple Watch S7 41 mm LTE ORIG
ocapro,,Кришка корпусу задня без обвісу,1715.0,UAH,Задня кришка корпуса Apple Watch S7 41 mm LTE ORIG
ocapro,,Кришка корпусу задня без обвісу,682.5,UAH,Задня кришка корпуса Apple Watch S7 45 mm GPS ORIG
ocapro,,Кришка корпусу задня без обвісу,637.0,UAH,Задня кришка корпуса Apple Watch S7 45 mm GPS ORIG
ocapro,,Кришка корпусу задня без обвісу,2520.0,UAH,Задня кришка корпуса Apple Watch S7 45 mm LTE ORIG
ocapro,,Кришка корпусу задня без обвісу,2352.0,UAH,Задня кришка корпуса Apple Watch S7 45 mm LTE ORIG
ocapro,,Кришка корпусу задня без обвісу,577.5,UAH,Задня кришка корпуса Apple Watch SE 40 mm ORIG
ocapro,,Кришка корпусу задня без обвісу,539.0,UAH,Задня кришка корпуса Apple Watch SE 40 mm ORIG
ocapro,,Кришка корпусу задня без обвісу,682.5,UAH,Задня кришка корпуса Apple Watch SE 44 mm ORIG
ocapro,,Кришка корпусу задня без обвісу,637.0,UAH,Задня кришка корпуса Apple Watch SE 44 mm ORIG
ocapro,,Кришка корпусу задня без обвісу,4168.5,UAH,Задня кришка корпуса Apple Watch Ultra 2 49 mm Black ORIG
ocapro,,Кришка корпусу задня без обвісу,3891.0,UAH,Задня кришка корпуса Apple Watch Ultra 2 49 mm Black ORIG
ocapro,,Кришка корпусу задня без обвісу,3853.5,UAH,Задня кришка корпуса Apple Watch Ultra 49 mm ORIG
ocapro,,Кришка корпусу задня без обвісу,3597.0,UAH,Задня кришка корпуса Apple Watch Ultra 49 mm ORIG
ocapro,,,13.0,UAH,Поляризатор 38 mm
ocapro,,,12.0,UAH,Поляризатор 38 mm
ocapro,,,13.0,UAH,Поляризатор 40 mm
ocapro,,,12.0,UAH,Поляризатор 40 mm
ocapro,,,13.0,UAH,Поляризатор 41 mm
ocapro,,,12.0,UAH,Поляризатор 41 mm
ocapro,,,13.0,UAH,Поляризатор 42 mm
ocapro,,,12.0,UAH,Поляризатор 42 mm
ocapro,,,13.0,UAH,Поляризатор 44 mm
ocapro,,,12.0,UAH,Поляризатор 44 mm
ocapro,,,13.0,UAH,Поляризатор 45 mm
ocapro,,,12.0,UAH,Поляризатор 45 mm
ocapro,,Витратні матеріали для монтажу,26.5,UAH,Проклейка дисплея Apple Watch 41 mm ORIG
ocapro,,Витратні матеріали для монтажу,24.5,UAH,Проклейка дисплея Apple Watch 41 mm ORIG
ocapro,,Витратні матеріали для монтажу,26.5,UAH,Проклейка дисплея Apple Watch 45 mm ORIG
ocapro,,Витратні матеріали для монтажу,24.5,UAH,Проклейка дисплея Apple Watch 45 mm ORIG
ocapro,,Витратні матеріали для монтажу,21.0,UAH,Проклейка дисплея Apple Watch s4/5/6 40 mm ORIG
ocapro,,Витратні матеріали для монтажу,20.0,UAH,Проклейка дисплея Apple Watch s4/5/6 40 mm ORIG
ocapro,,Витратні матеріали для монтажу,21.0,UAH,Проклейка дисплея Apple Watch s4/5/6 44 mm ORIG
ocapro,,Витратні матеріали для монтажу,20.0,UAH,Проклейка дисплея Apple Watch s4/5/6 44 mm ORIG
ocapro,,,157.5,UAH,скло Apple Watch s1 38mm Sapphire
ocapro,,,147.0,UAH,скло Apple Watch s1 38mm Sapphire
ocapro,,,94.5,UAH,скло Apple Watch s1 42mm Sapphire
ocapro,,,88.5,UAH,скло Apple Watch s1 42mm Sapphire
ocapro,,,105.0,UAH,скло Apple Watch s10+OCA 42 mm ОСА ORIG
ocapro,,,98.0,UAH,скло Apple Watch s10+OCA 42 mm ОСА ORIG
ocapro,,,115.5,UAH,скло Apple Watch s10+OCA 46 mm ОСА ORIG
ocapro,,,108.0,UAH,скло Apple Watch s10+OCA 46 mm ОСА ORIG
ocapro,,,147.0,UAH,скло Apple Watch s2/3 38mm
ocapro,,,137.5,UAH,скло Apple Watch s2/3 38mm
ocapro,,,147.0,UAH,скло Apple Watch s2/3 42mm
ocapro,,,137.5,UAH,скло Apple Watch s2/3 42mm
ocapro,,,441.0,UAH,скло Apple Watch s4/5 40 mm ORIG Sapphire
ocapro,,,412.0,UAH,скло Apple Watch s4/5 40 mm ORIG Sapphire
ocapro,,,441.0,UAH,скло Apple Watch s4/5 44 mm ORIG Sapphire
ocapro,,,412.0,UAH,скло Apple Watch s4/5 44 mm ORIG Sapphire
ocapro,,,94.5,UAH,скло Apple Watch s4/5/6 40 mm ORIG
ocapro,,,88.5,UAH,скло Apple Watch s4/5/6 40 mm ORIG
ocapro,,,105.0,UAH,скло Apple Watch s4/5/6 40 mm ОСА ORIG
ocapro,,,98.0,UAH,скло Apple Watch s4/5/6 40 mm ОСА ORIG
ocapro,,,94.5,UAH,скло Apple Watch s4/5/6 44 mm ORIG
ocapro,,,88.5,UAH,скло Apple Watch s4/5/6 44 mm ORIG
ocapro,,,105.0,UAH,скло Apple Watch s4/5/6 44 mm ОСА ORIG
ocapro,,,98.0,UAH,скло Apple Watch s4/5/6 44 mm ОСА ORIG
ocapro,,,52.5,UAH,скло Apple Watch s7/8/9 41 mm HQ
ocapro,,,49.0,UAH,скло Apple Watch s7/8/9 41 mm HQ
ocapro,,,52.5,UAH,скло Apple Watch s7/8/9 41 mm ОСА HQ
ocapro,,,49.0,UAH,скло Apple Watch s7/8/9 41 mm ОСА HQ
ocapro,,,52.5,UAH,скло Apple Watch s7/8/9 45 mm HQ
ocapro,,,49.0,UAH,скло Apple Watch s7/8/9 45 mm HQ
ocapro,,,52.5,UAH,скло Apple Watch s7/8/9 45 mm ОСА HQ
ocapro,,,49.0,UAH,скло Apple Watch s7/8/9 45 mm ОСА HQ
ocapro,,,262.5,UAH,скло Apple Watch Ultra 1/2 49 mm ORIG
ocapro,,,245.0,UAH,скло Apple Watch Ultra 1/2 49 mm ORIG
ocapro,,,52.5,UAH,скло Apple Watch Ultra 1/2 49 mm+ОСА ORIG
ocapro,,,49.0,UAH,скло Apple Watch Ultra 1/2 49 mm+ОСА ORIG
ocapro,,,210.0,UAH,тачскрін Apple Watch s1 38mm
ocapro,,,196.0,UAH,тачскрін Apple Watch s1 38mm
ocapro,,,210.0,UAH,тачскрін Apple Watch s1 42mm
ocapro,,,196.0,UAH,тачскрін Apple Watch s1 42mm
ocapro,,,315.0,UAH,тачскрін Apple Watch s2/3 38 mm Copy
ocapro,,,294.0,UAH,тачскрін Apple Watch s2/3 38 mm Copy
ocapro,,,336.0,UAH,тачскрін Apple Watch s2/3 42mm Copy
ocapro,,,314.0,UAH,тачскрін Apple Watch s2/3 42mm Copy
ocapro,,,1659.0,UAH,тачскрін Apple Watch s2/3 42mm ORIG
ocapro,,,1548.5,UAH,тачскрін Apple Watch s2/3 42mm ORIG
ocapro,,,441.0,UAH,тачскрін Apple Watch s4  44mm +ОСА ORIG
ocapro,,,412.0,UAH,тачскрін Apple Watch s4  44mm +ОСА ORIG
ocapro,,,178.5,UAH,тачскрін Apple Watch s4  44mm High Copy
ocapro,,,167.0,UAH,тачскрін Apple Watch s4  44mm High Copy
ocapro,,,598.5,UAH,тачскрін Apple Watch s4  44mm ORIG
ocapro,,,559.0,UAH,тачскрін Apple Watch s4  44mm ORIG
ocapro,,,178.5,UAH,Тачскрін Apple Watch s4 40 mm High Copy
ocapro,,,167.0,UAH,Тачскрін Apple Watch s4 40 mm High Copy
ocapro,,,598.5,UAH,Тачскрін Apple Watch s4 40 mm ORIG
ocapro,,,559.0,UAH,Тачскрін Apple Watch s4 40 mm ORIG
ocapro,,,178.5,UAH,Тачскрін Apple Watch s5/SE/SE2 40 mm High Copy
ocapro,,,167.0,UAH,Тачскрін Apple Watch s5/SE/SE2 40 mm High Copy
ocapro,,,441.0,UAH,Тачскрін Apple Watch s5/SE/SE2 40 mm ORIG
ocapro,,,412.0,UAH,Тачскрін Apple Watch s5/SE/SE2 40 mm ORIG
ocapro,,,441.0,UAH,Тачскрін Apple Watch s5/SE/SE2 40 mm+OCA ORIG
ocapro,,,412.0,UAH,Тачскрін Apple Watch s5/SE/SE2 40 mm+OCA ORIG
ocapro,,,388.5,UAH,Тачскрін Apple Watch s5/SE/SE2 44 mm + OCA ORIG
ocapro,,,363.0,UAH,Тачскрін Apple Watch s5/SE/SE2 44 mm + OCA ORIG
ocapro,,,178.5,UAH,Тачскрін Apple Watch s5/SE/SE2 44 mm High Copy
ocapro,,,167.0,UAH,Тачскрін Apple Watch s5/SE/SE2 44 mm High Copy
ocapro,,,409.5,UAH,Тачскрін Apple Watch s5/SE/SE2 44 mm ORIG
ocapro,,,382.5,UAH,Тачскрін Apple Watch s5/SE/SE2 44 mm ORIG
ocapro,,,231.0,UAH,Тачскрін Apple Watch s6 40 mm High Copy
ocapro,,,216.0,UAH,Тачскрін Apple Watch s6 40 mm High Copy
ocapro,,,546.0,UAH,Тачскрін Apple Watch s6 40 mm ORIG
ocapro,,,510.0,UAH,Тачскрін Apple Watch s6 40 mm ORIG
ocapro,,,220.5,UAH,Тачскрін Apple Watch s6 44 mm High Copy
ocapro,,,206.0,UAH,Тачскрін Apple Watch s6 44 mm High Copy
ocapro,,,441.0,UAH,Тачскрін Apple Watch s6 44 mm ORIG
ocapro,,,412.0,UAH,Тачскрін Apple Watch s6 44 mm ORIG
ocapro,,,472.5,UAH,Тачскрін Apple Watch s6 44 mm+OCA ORIG
ocapro,,,441.0,UAH,Тачскрін Apple Watch s6 44 mm+OCA ORIG
ocapro,,,63.0,UAH,Шлейф дисплея Apple Watch s4 40 ORIG
ocapro,,,59.0,UAH,Шлейф дисплея Apple Watch s4 40 ORIG
ocapro,,,84.0,UAH,Шлейф дисплея Apple Watch s4 40 ORIG(разборка)
ocapro,,,78.5,UAH,Шлейф дисплея Apple Watch s4 40 ORIG(разборка)
ocapro,,,79.0,UAH,Шлейф дисплея Apple Watch s4 44 ORIG
ocapro,,,73.5,UAH,Шлейф дисплея Apple Watch s4 44 ORIG
ocapro,,,84.0,UAH,Шлейф дисплея Apple Watch s5 40 ORIG
ocapro,,,78.5,UAH,Шлейф дисплея Apple Watch s5 40 ORIG
ocapro,,,105.0,UAH,Шлейф дисплея Apple Watch s5 44 ORIG
ocapro,,,98.0,UAH,Шлейф дисплея Apple Watch s5 44 ORIG
ocapro,,,210.0,UAH,Шлейф дисплея Apple Watch s6 40 ORIG
ocapro,,,196.0,UAH,Шлейф дисплея Apple Watch s6 40 ORIG
ocapro,,,189.0,UAH,Шлейф дисплея Apple Watch s6 44 ORIG
ocapro,,,176.5,UAH,Шлейф дисплея Apple Watch s6 44 ORIG
ocapro,,Дисплейний модуль,1813.0,UAH,Дисплей  Apple Watch S3 38 mm GPS
ocapro,,Дисплейний модуль,1683.5,UAH,Дисплей  Apple Watch S3 38 mm GPS
ocapro,,Дисплейний модуль,3087.0,UAH,Дисплей  Apple Watch S3 42 mm GPS
ocapro,,Дисплейний модуль,2866.5,UAH,Дисплей  Apple Watch S3 42 mm GPS
ocapro,,Дисплейний модуль,5370.5,UAH,Дисплей  Apple Watch S3 42 mm LTE
ocapro,,Дисплейний модуль,4987.0,UAH,Дисплей  Apple Watch S3 42 mm LTE
ocapro,,Дисплейний модуль,7742.0,UAH,Дисплей Apple Watch s10 42 mm ORIG
ocapro,,Дисплейний модуль,7189.0,UAH,Дисплей Apple Watch s10 42 mm ORIG
ocapro,,Дисплейний модуль,6860.0,UAH,Дисплей Apple Watch s10 46 mm ORIG
ocapro,,Дисплейний модуль,6370.0,UAH,Дисплей Apple Watch s10 46 mm ORIG
ocapro,,Дисплейний модуль,2597.0,UAH,Дисплей Apple Watch s4 40mm ORIG
ocapro,,Дисплейний модуль,2411.5,UAH,Дисплей Apple Watch s4 40mm ORIG
ocapro,,Дисплейний модуль,3675.0,UAH,Дисплей Apple Watch s4 44mm ORIG
ocapro,,Дисплейний модуль,3412.5,UAH,Дисплей Apple Watch s4 44mm ORIG
ocapro,,Дисплейний модуль,2940.0,UAH,Дисплей Apple Watch s5/SE 40mm ORIG
ocapro,,Дисплейний модуль,2730.0,UAH,Дисплей Apple Watch s5/SE 40mm ORIG
ocapro,,Дисплейний модуль,3920.0,UAH,Дисплей Apple Watch s5/SE 44mm ORIG
ocapro,,Дисплейний модуль,3640.0,UAH,Дисплей Apple Watch s5/SE 44mm ORIG
ocapro,,Дисплейний модуль,3920.0,UAH,Дисплей Apple Watch s6 40mm ORIG
ocapro,,Дисплейний модуль,3640.0,UAH,Дисплей Apple Watch s6 40mm ORIG
ocapro,,Дисплейний модуль,2450.0,UAH,Дисплей Apple Watch s6 44mm ORIG
ocapro,,Дисплейний модуль,2275.0,UAH,Дисплей Apple Watch s6 44mm ORIG
ocapro,,Дисплейний модуль,4949.0,UAH,Дисплей Apple Watch s6 44mm ORIG Sapphire
ocapro,,Дисплейний модуль,4595.5,UAH,Дисплей Apple Watch s6 44mm ORIG Sapphire
ocapro,,Дисплейний модуль,3528.0,UAH,Дисплей Apple Watch s7 41 mm
ocapro,,Дисплейний модуль,3276.0,UAH,Дисплей Apple Watch s7 41 mm
ocapro,,Дисплейний модуль,2450.0,UAH,Дисплей Apple Watch s7 45mm
ocapro,,Дисплейний модуль,2275.0,UAH,Дисплей Apple Watch s7 45mm
ocapro,,Дисплейний модуль,7350.0,UAH,Дисплей Apple Watch s8 41 mm
ocapro,,Дисплейний модуль,6825.0,UAH,Дисплей Apple Watch s8 41 mm
ocapro,,Дисплейний модуль,7350.0,UAH,Дисплей Apple Watch s8 45 mm
ocapro,,Дисплейний модуль,6825.0,UAH,Дисплей Apple Watch s8 45 mm
ocapro,,Дисплейний модуль,5390.0,UAH,Дисплей Apple Watch s9 41 mm
ocapro,,Дисплейний модуль,5005.0,UAH,Дисплей Apple Watch s9 41 mm
ocapro,,Дисплейний модуль,5390.0,UAH,Дисплей Apple Watch s9 45 mm
ocapro,,Дисплейний модуль,5005.0,UAH,Дисплей Apple Watch s9 45 mm
ocapro,,Дисплейний модуль,4165.0,UAH,Дисплей Apple Watch SE 2 40 mm
ocapro,,Дисплейний модуль,3867.5,UAH,Дисплей Apple Watch SE 2 40 mm
ocapro,,Дисплейний модуль,3822.0,UAH,Дисплей Apple Watch SE 2 44 mm
ocapro,,Дисплейний модуль,3549.0,UAH,Дисплей Apple Watch SE 2 44 mm
ocapro,,Дисплейний модуль,6419.0,UAH,Дисплей Apple Watch Ultra 49 mm ORIG
ocapro,,Дисплейний модуль,5960.5,UAH,Дисплей Apple Watch Ultra 49 mm ORIG
ocapro,IPHONE 12 PRO,,77.5,UAH,рамка iPhone 12/12 PRO ORIG (ocapro)
ocapro,IPHONE 12 PRO,,72.5,UAH,рамка iPhone 12/12 PRO ORIG (ocapro)
ocapro,IPHONE XS MAX,Рамка дисплейного модулю,73.5,UAH,Рамка дисплея  iPhone  XS Max ORIG 1:1
ocapro,IPHONE XS MAX,Рамка дисплейного модулю,69.0,UAH,Рамка дисплея  iPhone  XS Max ORIG 1:1
ocapro,IPHONE 11 PRO,Рамка дисплейного модулю,57.0,UAH,рамка дисплея iPhone 11 PRO HQ
ocapro,IPHONE 11 PRO,Рамка дисплейного модулю,53.0,UAH,рамка дисплея iPhone 11 PRO HQ
ocapro,IPHONE 11 PRO MAX,Рамка дисплейного модулю,63.0,UAH,рамка дисплея iPhone 11 PRO MAX ORIG (ocapro)
ocapro,IPHONE 11 PRO MAX,Рамка дисплейного модулю,59.0,UAH,рамка дисплея iPhone 11 PRO MAX ORIG (ocapro)
ocapro,IPHONE 11 PRO MAX,Рамка дисплейного модулю,76.0,UAH,Рамка дисплея iPhone 11 Pro Max ORIG 1:1
ocapro,IPHONE 11 PRO MAX,Рамка дисплейного модулю,71.0,UAH,Рамка дисплея iPhone 11 Pro Max ORIG 1:1
ocapro,IPHONE 11 PRO,Рамка дисплейного модулю,76.0,UAH,Рамка дисплея iPhone 11 Pro ORIG 1:1
ocapro,IPHONE 11 PRO,Рамка дисплейного модулю,71.0,UAH,Рамка дисплея iPhone 11 Pro ORIG 1:1
ocapro,IPHONE 12 MINI,Рамка дисплейного модулю,80.0,UAH,Рамка дисплея iPhone 12 Mini ORIG 1:1
ocapro,IPHONE 12 MINI,Рамка дисплейного модулю,74.5,UAH,Рамка дисплея iPhone 12 Mini ORIG 1:1
ocapro,IPHONE 12 PRO MAX,Рамка дисплейного модулю,77.5,UAH,Рамка дисплея iPhone 12 Pro Max ORIG (ocapro)
ocapro,IPHONE 12 PRO MAX,Рамка дисплейного модулю,72.5,UAH,Рамка дисплея iPhone 12 Pro Max ORIG (ocapro)
ocapro,IPHONE 12 PRO MAX,Рамка дисплейного модулю,89.5,UAH,Рамка дисплея iPhone 12 Pro Max ORIG 1:1
ocapro,IPHONE 12 PRO MAX,Рамка дисплейного модулю,83.5,UAH,Рамка дисплея iPhone 12 Pro Max ORIG 1:1
ocapro,IPHONE 12 PRO,Рамка дисплейного модулю,80.0,UAH,Рамка дисплея iPhone 12/12 Pro ORIG 1:1
ocapro,IPHONE 12 PRO,Рамка дисплейного модулю,74.5,UAH,Рамка дисплея iPhone 12/12 Pro ORIG 1:1
ocapro,IPHONE 13 MINI,Рамка дисплейного модулю,84.0,UAH,Рамка дисплея iPhone 13 mini ORIG (ocapro)
ocapro,IPHONE 13 MINI,Рамка дисплейного модулю,78.5,UAH,Рамка дисплея iPhone 13 mini ORIG (ocapro)
ocapro,IPHONE 13 MINI,Рамка дисплейного модулю,105.0,UAH,Рамка дисплея iPhone 13 mini ORIG 1:1
ocapro,IPHONE 13 MINI,Рамка дисплейного модулю,98.0,UAH,Рамка дисплея iPhone 13 mini ORIG 1:1
ocapro,IPHONE 13,Рамка дисплейного модулю,84.0,UAH,Рамка дисплея iPhone 13 ORIG (ocapro)
ocapro,IPHONE 13,Рамка дисплейного модулю,78.5,UAH,Рамка дисплея iPhone 13 ORIG (ocapro)
ocapro,IPHONE 13,Рамка дисплейного модулю,89.5,UAH,Рамка дисплея iPhone 13 ORIG 1:1
ocapro,IPHONE 13,Рамка дисплейного модулю,83.5,UAH,Рамка дисплея iPhone 13 ORIG 1:1
ocapro,IPHONE 13 PRO MAX,Рамка дисплейного модулю,84.0,UAH,Рамка дисплея iPhone 13 Pro Max ORIG (ocapro)
ocapro,IPHONE 13 PRO MAX,Рамка дисплейного модулю,78.5,UAH,Рамка дисплея iPhone 13 Pro Max ORIG (ocapro)
ocapro,IPHONE 13 PRO MAX,Рамка дисплейного модулю,89.5,UAH,Рамка дисплея iPhone 13 Pro Max ORIG 1:1
ocapro,IPHONE 13 PRO MAX,Рамка дисплейного модулю,83.5,UAH,Рамка дисплея iPhone 13 Pro Max ORIG 1:1
ocapro,IPHONE 13 PRO,Рамка дисплейного модулю,84.0,UAH,Рамка дисплея iPhone 13 Pro ORIG (ocapro)
ocapro,IPHONE 13 PRO,Рамка дисплейного модулю,78.5,UAH,Рамка дисплея iPhone 13 Pro ORIG (ocapro)
ocapro,IPHONE 13 PRO,Рамка дисплейного модулю,86.5,UAH,Рамка дисплея iPhone 13 Pro ORIG 1:1
ocapro,IPHONE 13 PRO,Рамка дисплейного модулю,80.5,UAH,Рамка дисплея iPhone 13 Pro ORIG 1:1
ocapro,IPHONE 14,Рамка дисплейного модулю,136.5,UAH,Рамка дисплея iPhone 14 ORIG (ocapro)
ocapro,IPHONE 14,Рамка дисплейного модулю,127.5,UAH,Рамка дисплея iPhone 14 ORIG (ocapro)
ocapro,IPHONE 14,Рамка дисплейного модулю,105.0,UAH,Рамка дисплея iPhone 14 ORIG 1:1
ocapro,IPHONE 14,Рамка дисплейного модулю,98.0,UAH,Рамка дисплея iPhone 14 ORIG 1:1
ocapro,IPHONE 14 PLUS,Рамка дисплейного модулю,105.0,UAH,Рамка дисплея iPhone 14 Plus ORIG 1:1
ocapro,IPHONE 14 PLUS,Рамка дисплейного модулю,98.0,UAH,Рамка дисплея iPhone 14 Plus ORIG 1:1
ocapro,IPHONE 14 PRO MAX,Рамка дисплейного модулю,126.0,UAH,Рамка дисплея iPhone 14 PRO MAX ORIG (ocapro)
ocapro,IPHONE 14 PRO MAX,Рамка дисплейного модулю,118.0,UAH,Рамка дисплея iPhone 14 PRO MAX ORIG (ocapro)
ocapro,IPHONE 14 PRO MAX,Рамка дисплейного модулю,94.5,UAH,Рамка дисплея iPhone 14 Pro Max ORIG 1:1
ocapro,IPHONE 14 PRO MAX,Рамка дисплейного модулю,88.5,UAH,Рамка дисплея iPhone 14 Pro Max ORIG 1:1
ocapro,IPHONE 14 PRO,Рамка дисплейного модулю,94.5,UAH,Рамка дисплея iPhone 14 PRO ORIG (ocapro)
ocapro,IPHONE 14 PRO,Рамка дисплейного модулю,88.5,UAH,Рамка дисплея iPhone 14 PRO ORIG (ocapro)
ocapro,IPHONE 14 PRO,Рамка дисплейного модулю,94.5,UAH,Рамка дисплея iPhone 14 PRO ORIG 1:1
ocapro,IPHONE 14 PRO,Рамка дисплейного модулю,88.5,UAH,Рамка дисплея iPhone 14 PRO ORIG 1:1
ocapro,IPHONE 15,Рамка дисплейного модулю,110.5,UAH,Рамка дисплея iPhone 15 ORIG 1:1
ocapro,IPHONE 15,Рамка дисплейного модулю,103.0,UAH,Рамка дисплея iPhone 15 ORIG 1:1
ocapro,IPHONE 15 PLUS,Рамка дисплейного модулю,97.0,UAH,Рамка дисплея iPhone 15 Plus ORIG 1:1
ocapro,IPHONE 15 PLUS,Рамка дисплейного модулю,90.5,UAH,Рамка дисплея iPhone 15 Plus ORIG 1:1
ocapro,IPHONE 15 PRO MAX,Рамка дисплейного модулю,110.5,UAH,Рамка дисплея iPhone 15 Pro Max  ORIG 1:1
ocapro,IPHONE 15 PRO MAX,Рамка дисплейного модулю,103.0,UAH,Рамка дисплея iPhone 15 Pro Max  ORIG 1:1
ocapro,IPHONE 15 PRO,Рамка дисплейного модулю,110.5,UAH,Рамка дисплея iPhone 15 Pro ORIG 1:1
ocapro,IPHONE 15 PRO,Рамка дисплейного модулю,103.0,UAH,Рамка дисплея iPhone 15 Pro ORIG 1:1
ocapro,IPHONE 16,Рамка дисплейного модулю,115.5,UAH,Рамка дисплея iPhone 16 ORIG 1:1
ocapro,IPHONE 16,Рамка дисплейного модулю,108.0,UAH,Рамка дисплея iPhone 16 ORIG 1:1
ocapro,IPHONE 16 PLUS,Рамка дисплейного модулю,102.0,UAH,Рамка дисплея iPhone 16 Plus ORIG 1:1
ocapro,IPHONE 16 PLUS,Рамка дисплейного модулю,95.5,UAH,Рамка дисплея iPhone 16 Plus ORIG 1:1
ocapro,IPHONE 16 PRO MAX,Рамка дисплейного модулю,110.5,UAH,Рамка дисплея iPhone 16 Pro Max ORIG 1:1
ocapro,IPHONE 16 PRO MAX,Рамка дисплейного модулю,103.0,UAH,Рамка дисплея iPhone 16 Pro Max ORIG 1:1
ocapro,IPHONE 16 PRO,Рамка дисплейного модулю,110.5,UAH,Рамка дисплея iPhone 16 Pro ORIG 1:1
ocapro,IPHONE 16 PRO,Рамка дисплейного модулю,103.0,UAH,Рамка дисплея iPhone 16 Pro ORIG 1:1
ocapro,,Рамка дисплейного модулю,84.0,UAH,Рамка дисплея iPhone 16E ORIG 1:1
ocapro,,Рамка дисплейного модулю,78.5,UAH,Рамка дисплея iPhone 16E ORIG 1:1
ocapro,IPHONE 17 AIR,Рамка дисплейного модулю,147.0,UAH,Рамка дисплея iPhone 17 Air ORIG 1:1
ocapro,IPHONE 17 AIR,Рамка дисплейного модулю,137.5,UAH,Рамка дисплея iPhone 17 Air ORIG 1:1
ocapro,IPHONE 17,Рамка дисплейного модулю,147.0,UAH,Рамка дисплея iPhone 17 ORIG 1:1
ocapro,IPHONE 17,Рамка дисплейного модулю,137.5,UAH,Рамка дисплея iPhone 17 ORIG 1:1
ocapro,IPHONE 17 PRO MAX,Рамка дисплейного модулю,147.0,UAH,Рамка дисплея iPhone 17 Pro Max ORIG 1:1
ocapro,IPHONE 17 PRO MAX,Рамка дисплейного модулю,137.5,UAH,Рамка дисплея iPhone 17 Pro Max ORIG 1:1
ocapro,IPHONE 17 PRO,Рамка дисплейного модулю,147.0,UAH,Рамка дисплея iPhone 17 Pro ORIG 1:1
ocapro,IPHONE 17 PRO,Рамка дисплейного модулю,137.5,UAH,Рамка дисплея iPhone 17 Pro ORIG 1:1
ocapro,IPHONE X,Рамка дисплейного модулю,49.5,UAH,рамка дисплея iPhone X ORIG (ocapro)
ocapro,IPHONE X,Рамка дисплейного модулю,46.5,UAH,рамка дисплея iPhone X ORIG (ocapro)
ocapro,IPHONE X,Рамка дисплейного модулю,58.0,UAH,рамка дисплея iPhone X ORIG 1:1
ocapro,IPHONE X,Рамка дисплейного модулю,54.0,UAH,рамка дисплея iPhone X ORIG 1:1
ocapro,IPHONE XS MAX,Рамка дисплейного модулю,49.5,UAH,рамка дисплея iPhone XS MAX HQ
ocapro,IPHONE XS MAX,Рамка дисплейного модулю,46.5,UAH,рамка дисплея iPhone XS MAX HQ
ocapro,IPHONE XS,Рамка дисплейного модулю,55.0,UAH,Рамка дисплея iPhone XS ORIG (ocapro)
ocapro,IPHONE XS,Рамка дисплейного модулю,51.0,UAH,Рамка дисплея iPhone XS ORIG (ocapro)
ocapro,IPHONE XS,Рамка дисплейного модулю,58.0,UAH,Рамка дисплея iPhone XS ORIG 1:1
ocapro,IPHONE XS,Рамка дисплейного модулю,54.0,UAH,Рамка дисплея iPhone XS ORIG 1:1
ocapro,IPHONE 12 PRO MAX,,55.0,UAH,Рамка для тачскрину iPhone 12 Pro Max
ocapro,IPHONE 12 PRO MAX,,51.0,UAH,Рамка для тачскрину iPhone 12 Pro Max
ocapro,IPHONE 13 PRO MAX,,60.0,UAH,Рамка для тачскрину iPhone 13 Pro Max
ocapro,IPHONE 13 PRO MAX,,56.0,UAH,Рамка для тачскрину iPhone 13 Pro Max
ocapro,IPHONE 14 PRO,,65.5,UAH,Рамка для тачскрину iPhone 14 Pro
ocapro,IPHONE 14 PRO,,61.0,UAH,Рамка для тачскрину iPhone 14 Pro
ocapro,IPHONE 14 PRO MAX,,65.5,UAH,Рамка для тачскрину iPhone 14 Pro Max
ocapro,IPHONE 14 PRO MAX,,61.0,UAH,Рамка для тачскрину iPhone 14 Pro Max
ocapro,IPHONE X,,47.5,UAH,рамка iPhone X HQ
ocapro,IPHONE X,,44.5,UAH,рамка iPhone X HQ
ocapro,IPHONE XS,,52.5,UAH,рамка iPhone XS HQ
ocapro,IPHONE XS,,49.0,UAH,рамка iPhone XS HQ
ocapro,IPHONE XS MAX,,58.0,UAH,рамка iPhone XS MAX HQ
ocapro,IPHONE XS MAX,,54.0,UAH,рамка iPhone XS MAX HQ
ocapro,IPHONE 14 PRO,Рамка дисплейного модулю,73.5,UAH,Рамка дисплея iPhone 14 PRO
ocapro,IPHONE 14 PRO,Рамка дисплейного модулю,69.0,UAH,Рамка дисплея iPhone 14 PRO
ocapro,IPHONE 14 PRO MAX,Рамка дисплейного модулю,73.5,UAH,Рамка дисплея iPhone 14 Pro Max
ocapro,IPHONE 14 PRO MAX,Рамка дисплейного модулю,69.0,UAH,Рамка дисплея iPhone 14 Pro Max
ocapro,IPHONE 11 PRO MAX,Рамка дисплейного модулю,84.0,UAH,Рамка дисплея iPhone 11 Pro Max ORIG 1:1 Feaglet
ocapro,IPHONE 11 PRO MAX,Рамка дисплейного модулю,78.5,UAH,Рамка дисплея iPhone 11 Pro Max ORIG 1:1 Feaglet
ocapro,IPHONE 11 PRO,Рамка дисплейного модулю,84.0,UAH,Рамка дисплея iPhone 11 Pro ORIG 1:1 Feaglet
ocapro,IPHONE 11 PRO,Рамка дисплейного модулю,78.5,UAH,Рамка дисплея iPhone 11 Pro ORIG 1:1 Feaglet
ocapro,IPHONE 12 PRO MAX,Рамка дисплейного модулю,94.5,UAH,Рамка дисплея iPhone 12 Pro Max ORIG 1:1 Feaglet
ocapro,IPHONE 12 PRO MAX,Рамка дисплейного модулю,88.5,UAH,Рамка дисплея iPhone 12 Pro Max ORIG 1:1 Feaglet
ocapro,IPHONE 12 PRO,Рамка дисплейного модулю,94.5,UAH,Рамка дисплея iPhone 12/12 Pro ORIG 1:1 Feaglet
ocapro,IPHONE 12 PRO,Рамка дисплейного модулю,88.5,UAH,Рамка дисплея iPhone 12/12 Pro ORIG 1:1 Feaglet
ocapro,IPHONE 13,Рамка дисплейного модулю,105.0,UAH,Рамка дисплея iPhone 13 ORIG 1:1 Feaglet
ocapro,IPHONE 13,Рамка дисплейного модулю,98.0,UAH,Рамка дисплея iPhone 13 ORIG 1:1 Feaglet
ocapro,IPHONE 13 PRO MAX,Рамка дисплейного модулю,94.5,UAH,Рамка дисплея iPhone 13 Pro Max ORIG 1:1 Feaglet
ocapro,IPHONE 13 PRO MAX,Рамка дисплейного модулю,88.5,UAH,Рамка дисплея iPhone 13 Pro Max ORIG 1:1 Feaglet
ocapro,IPHONE 13 PRO,Рамка дисплейного модулю,94.5,UAH,Рамка дисплея iPhone 13 Pro ORIG 1:1 Feaglet
ocapro,IPHONE 13 PRO,Рамка дисплейного модулю,88.5,UAH,Рамка дисплея iPhone 13 Pro ORIG 1:1 Feaglet
ocapro,IPHONE 14,Рамка дисплейного модулю,110.5,UAH,Рамка дисплея iPhone 14 ORIG 1:1 Feaglet
ocapro,IPHONE 14,Рамка дисплейного модулю,103.0,UAH,Рамка дисплея iPhone 14 ORIG 1:1 Feaglet
ocapro,IPHONE 14 PRO MAX,Рамка дисплейного модулю,94.5,UAH,Рамка дисплея iPhone 14 Pro Max ORIG 1:1 Feaglet
ocapro,IPHONE 14 PRO MAX,Рамка дисплейного модулю,88.5,UAH,Рамка дисплея iPhone 14 Pro Max ORIG 1:1 Feaglet
ocapro,IPHONE 14 PRO,Рамка дисплейного модулю,110.5,UAH,Рамка дисплея iPhone 14 Pro ORIG 1:1 Feaglet
ocapro,IPHONE 14 PRO,Рамка дисплейного модулю,103.0,UAH,Рамка дисплея iPhone 14 Pro ORIG 1:1 Feaglet
ocapro,IPHONE 15,Рамка дисплейного модулю,136.5,UAH,Рамка дисплея iPhone 15 ORIG 1:1 Feaglet
ocapro,IPHONE 15,Рамка дисплейного модулю,127.5,UAH,Рамка дисплея iPhone 15 ORIG 1:1 Feaglet
ocapro,IPHONE 15 PRO MAX,Рамка дисплейного модулю,136.5,UAH,Рамка дисплея iPhone 15 Pro Max ORIG 1:1 Feaglet
ocapro,IPHONE 15 PRO MAX,Рамка дисплейного модулю,127.5,UAH,Рамка дисплея iPhone 15 Pro Max ORIG 1:1 Feaglet
ocapro,IPHONE 15 PRO,Рамка дисплейного модулю,136.5,UAH,Рамка дисплея iPhone 15 Pro ORIG 1:1 Feaglet
ocapro,IPHONE 15 PRO,Рамка дисплейного модулю,127.5,UAH,Рамка дисплея iPhone 15 Pro ORIG 1:1 Feaglet
ocapro,IPHONE 16,Рамка дисплейного модулю,157.5,UAH,Рамка дисплея iPhone 16 ORIG 1:1 Feaglet
ocapro,IPHONE 16,Рамка дисплейного модулю,147.0,UAH,Рамка дисплея iPhone 16 ORIG 1:1 Feaglet
ocapro,IPHONE 16 PRO MAX,Рамка дисплейного модулю,115.5,UAH,Рамка дисплея iPhone 16 Pro Max ORIG 1:1 Feaglet
ocapro,IPHONE 16 PRO MAX,Рамка дисплейного модулю,108.0,UAH,Рамка дисплея iPhone 16 Pro Max ORIG 1:1 Feaglet
ocapro,IPHONE 16 PRO,Рамка дисплейного модулю,115.5,UAH,Рамка дисплея iPhone 16 Pro ORIG 1:1 Feaglet
ocapro,IPHONE 16 PRO,Рамка дисплейного модулю,108.0,UAH,Рамка дисплея iPhone 16 Pro ORIG 1:1 Feaglet
ocapro,IPHONE 17 AIR,Рамка дисплейного модулю,189.0,UAH,Рамка дисплея iPhone 17 Air ORIG 1:1 Feaglet
ocapro,IPHONE 17 AIR,Рамка дисплейного модулю,176.5,UAH,Рамка дисплея iPhone 17 Air ORIG 1:1 Feaglet
ocapro,IPHONE 17,Рамка дисплейного модулю,189.0,UAH,Рамка дисплея iPhone 17 ORIG 1:1 Feaglet
ocapro,IPHONE 17,Рамка дисплейного модулю,176.5,UAH,Рамка дисплея iPhone 17 ORIG 1:1 Feaglet
ocapro,IPHONE 17 PRO MAX,Рамка дисплейного модулю,189.0,UAH,Рамка дисплея iPhone 17 Pro Max ORIG 1:1 Feaglet
ocapro,IPHONE 17 PRO MAX,Рамка дисплейного модулю,176.5,UAH,Рамка дисплея iPhone 17 Pro Max ORIG 1:1 Feaglet
ocapro,IPHONE 17 PRO,Рамка дисплейного модулю,189.0,UAH,Рамка дисплея iPhone 17 Pro ORIG 1:1 Feaglet
ocapro,IPHONE 17 PRO,Рамка дисплейного модулю,176.5,UAH,Рамка дисплея iPhone 17 Pro ORIG 1:1 Feaglet
ocapro,,,126.0,UAH,Apple Pencil 1g magnetic hat
ocapro,,,118.0,UAH,Apple Pencil 1g magnetic hat
ocapro,,,142.0,UAH,Apple Pencil 1g usb charging interface
ocapro,,,132.5,UAH,Apple Pencil 1g usb charging interface
ocapro,,,231.0,UAH,Apple Pencil gap adjustment tool
ocapro,,,216.0,UAH,Apple Pencil gap adjustment tool
ocapro,,АКБ з калібруванням,252.0,UAH,Battery Apple Pencil 1g
ocapro,,АКБ з калібруванням,235.5,UAH,Battery Apple Pencil 1g
ocapro,,АКБ з калібруванням,252.0,UAH,Battery Apple Pencil 2g
ocapro,,АКБ з калібруванням,235.5,UAH,Battery Apple Pencil 2g
ocapro,,,126.0,UAH,Case Apple Pencil 1g
ocapro,,,118.0,UAH,Case Apple Pencil 1g
ocapro,,,262.5,UAH,Case Apple Pencil 2g
ocapro,,,245.0,UAH,Case Apple Pencil 2g
ocapro,,,58.0,UAH,Signal line Apple Pencil 1g
ocapro,,,54.0,UAH,Signal line Apple Pencil 1g
ocapro,,,58.0,UAH,Signal line Apple Pencil 2g
ocapro,,,54.0,UAH,Signal line Apple Pencil 2g
ocapro,,,58.0,UAH,Tip Apple Pencil 1g
ocapro,,,54.0,UAH,Tip Apple Pencil 1g
ocapro,,,58.0,UAH,Tip Apple Pencil 2g
ocapro,,,54.0,UAH,Tip Apple Pencil 2g
ocapro,,,73.5,UAH,White pen tip Apple Pencil 1/2g
ocapro,,,69.0,UAH,White pen tip Apple Pencil 1/2g
ocapro,,АКБ з калібруванням,966.0,UAH,JCID battery adaptor V1SE 7-14 PM
ocapro,,АКБ з калібруванням,902.0,UAH,JCID battery adaptor V1SE 7-14 PM
ocapro,IPHONE X,,1438.5,UAH,JCID Face ID Activation/ R&W Adaptor/ iPhone X-14PM
ocapro,IPHONE X,,1343.0,UAH,JCID Face ID Activation/ R&W Adaptor/ iPhone X-14PM
ocapro,IPHONE 11,Шлейф акумулятора,420.0,UAH,JCID Face ID Tag-On Repair iPhone 11
ocapro,IPHONE 11,Шлейф акумулятора,392.0,UAH,JCID Face ID Tag-On Repair iPhone 11
ocapro,IPHONE 11 PRO MAX,Шлейф акумулятора,520.0,UAH,JCID Face ID Tag-On Repair iPhone 11 Pro/11 ProMax
ocapro,IPHONE 11 PRO MAX,Шлейф акумулятора,485.5,UAH,JCID Face ID Tag-On Repair iPhone 11 Pro/11 ProMax
ocapro,IPHONE 12 PRO,Шлейф акумулятора,614.5,UAH,JCID Face ID Tag-On Repair iPhone 12/12 Pro
ocapro,IPHONE 12 PRO,Шлейф акумулятора,573.5,UAH,JCID Face ID Tag-On Repair iPhone 12/12 Pro
ocapro,IPHONE 13,Шлейф акумулятора,614.5,UAH,JCID Face ID Tag-On Repair iPhone 13
ocapro,IPHONE 13,Шлейф акумулятора,573.5,UAH,JCID Face ID Tag-On Repair iPhone 13
ocapro,IPHONE 13 PRO,Шлейф акумулятора,614.5,UAH,JCID Face ID Tag-On Repair iPhone 13 Pro
ocapro,IPHONE 13 PRO,Шлейф акумулятора,573.5,UAH,JCID Face ID Tag-On Repair iPhone 13 Pro
ocapro,IPHONE 14,Шлейф акумулятора,724.5,UAH,JCID Face ID Tag-On Repair iPhone 14
ocapro,IPHONE 14,Шлейф акумулятора,676.5,UAH,JCID Face ID Tag-On Repair iPhone 14
ocapro,IPHONE 14 PRO,Шлейф акумулятора,724.5,UAH,JCID Face ID Tag-On Repair iPhone 14 Pro
ocapro,IPHONE 14 PRO,Шлейф акумулятора,676.5,UAH,JCID Face ID Tag-On Repair iPhone 14 Pro
ocapro,IPHONE 14 PRO MAX,Шлейф акумулятора,724.5,UAH,JCID Face ID Tag-On Repair iPhone 14 Pro Max
ocapro,IPHONE 14 PRO MAX,Шлейф акумулятора,676.5,UAH,JCID Face ID Tag-On Repair iPhone 14 Pro Max
ocapro,IPHONE X,Шлейф акумулятора,357.0,UAH,JCID Face ID Tag-On Repair iPhone X
ocapro,IPHONE X,Шлейф акумулятора,333.5,UAH,JCID Face ID Tag-On Repair iPhone X
ocapro,IPHONE XS,Шлейф акумулятора,362.5,UAH,JCID Face ID Tag-On Repair iPhone XS/XR/XSM
ocapro,IPHONE XS,Шлейф акумулятора,338.5,UAH,JCID Face ID Tag-On Repair iPhone XS/XR/XSM
ocapro,,,5176.5,UAH,JCID Smart Programmer V1SE WIFI
ocapro,,,4831.5,UAH,JCID Smart Programmer V1SE WIFI
ocapro,IPHONE 11,Шлейф акумулятора,341.5,UAH,JCID Tag-On Battery Repair iPhone 11
ocapro,IPHONE 11,Шлейф акумулятора,318.5,UAH,JCID Tag-On Battery Repair iPhone 11
ocapro,IPHONE 11 PRO MAX,Шлейф акумулятора,341.5,UAH,JCID Tag-On Battery Repair iPhone 11 Pro/11 Pro Max
ocapro,IPHONE 11 PRO MAX,Шлейф акумулятора,318.5,UAH,JCID Tag-On Battery Repair iPhone 11 Pro/11 Pro Max
ocapro,IPHONE 12 MINI,Шлейф акумулятора,346.5,UAH,JCID Tag-On Battery Repair iPhone 12/12 Pro/12 mini
ocapro,IPHONE 12 MINI,Шлейф акумулятора,323.5,UAH,JCID Tag-On Battery Repair iPhone 12/12 Pro/12 mini
ocapro,IPHONE 13 MINI,Шлейф акумулятора,399.0,UAH,JCID Tag-On Battery Repair iPhone 13/13 mini
ocapro,IPHONE 13 MINI,Шлейф акумулятора,372.5,UAH,JCID Tag-On Battery Repair iPhone 13/13 mini
ocapro,IPHONE 14 PRO MAX,Шлейф акумулятора,451.5,UAH,JCID Tag-On Battery Repair iPhone 14 Pro/14 Pro Max
ocapro,IPHONE 14 PRO MAX,Шлейф акумулятора,421.5,UAH,JCID Tag-On Battery Repair iPhone 14 Pro/14 Pro Max
ocapro,IPHONE 13,Шлейф акумулятора,1213.0,UAH,JCID Tag-On camera Repair iPhone 13
ocapro,IPHONE 13,Шлейф акумулятора,1132.0,UAH,JCID Tag-On camera Repair iPhone 13
ocapro,IPHONE 13 PRO,Шлейф акумулятора,1113.0,UAH,JCID Tag-On camera Repair iPhone 13 pro/13 pm
ocapro,IPHONE 13 PRO,Шлейф акумулятора,1039.0,UAH,JCID Tag-On camera Repair iPhone 13 pro/13 pm
ocapro,IPHONE 14 PRO,Шлейф акумулятора,1213.0,UAH,JCID Tag-On camera Repair iPhone 14 pro
ocapro,IPHONE 14 PRO,Шлейф акумулятора,1132.0,UAH,JCID Tag-On camera Repair iPhone 14 pro
ocapro,IPHONE 14 PRO MAX,Шлейф акумулятора,1213.0,UAH,JCID Tag-On camera Repair iPhone 14 pro max
ocapro,IPHONE 14 PRO MAX,Шлейф акумулятора,1132.0,UAH,JCID Tag-On camera Repair iPhone 14 pro max
ocapro,,,126.0,UAH,Ремонтний шлейф для камер 13 Pro / 13 Pm x3
ocapro,,,118.0,UAH,Ремонтний шлейф для камер 13 Pro / 13 Pm x3
ocapro,IPHONE 11 PRO MAX,,136.5,UAH,Шлейф Tag On iPhone 11 pro/11 Pro Max universal 100%
ocapro,IPHONE 11 PRO MAX,,127.5,UAH,Шлейф Tag On iPhone 11 pro/11 Pro Max universal 100%
ocapro,IPHONE 11,,136.5,UAH,Шлейф Tag On iPhone 11 universal 100%
ocapro,IPHONE 11,,127.5,UAH,Шлейф Tag On iPhone 11 universal 100%
ocapro,IPHONE 12 PRO MAX,,136.5,UAH,Шлейф Tag On iPhone 12 Pro Max universal 100%
ocapro,IPHONE 12 PRO MAX,,127.5,UAH,Шлейф Tag On iPhone 12 Pro Max universal 100%
ocapro,IPHONE 12 MINI,,136.5,UAH,Шлейф Tag On iPhone 12/12 Pro/12 mini universal 100%
ocapro,IPHONE 12 MINI,,127.5,UAH,Шлейф Tag On iPhone 12/12 Pro/12 mini universal 100%
ocapro,IPHONE 14 PRO MAX,,136.5,UAH,Шлейф Tag On iPhone 13 Pro/13 Pro Max/14 Pro/14 Pro Max universal 100%
ocapro,IPHONE 14 PRO MAX,,127.5,UAH,Шлейф Tag On iPhone 13 Pro/13 Pro Max/14 Pro/14 Pro Max universal 100%
ocapro,IPHONE 13 MINI,,136.5,UAH,Шлейф Tag On iPhone 13/13 mini universal 100%
ocapro,IPHONE 13 MINI,,127.5,UAH,Шлейф Tag On iPhone 13/13 mini universal 100%
ocapro,IPHONE 14 PLUS,,136.5,UAH,Шлейф Tag On iPhone 14/14 Plus universal 100%
ocapro,IPHONE 14 PLUS,,127.5,UAH,Шлейф Tag On iPhone 14/14 Plus universal 100%
ocapro,IPHONE 15 PRO,,136.5,UAH,Шлейф Tag On iPhone 15 pro/15 pm universal 100%
ocapro,IPHONE 15 PRO,,127.5,UAH,Шлейф Tag On iPhone 15 pro/15 pm universal 100%
ocapro,IPHONE 15 PLUS,,136.5,UAH,Шлейф Tag On iPhone 15/15 plus universal 100%
ocapro,IPHONE 15 PLUS,,127.5,UAH,Шлейф Tag On iPhone 15/15 plus universal 100%
ocapro,IPHONE 11,,27.5,UAH,OCA (T-OCA) iPhone 11 125U ORIG 1:1
ocapro,IPHONE 11,,25.5,UAH,OCA (T-OCA) iPhone 11 125U ORIG 1:1
ocapro,IPHONE 11 PRO,,27.5,UAH,OCA (T-OCA) iPhone 11 PRO 125U ORIG 1:1
ocapro,IPHONE 11 PRO,,25.5,UAH,OCA (T-OCA) iPhone 11 PRO 125U ORIG 1:1
ocapro,IPHONE 11 PRO MAX,,27.5,UAH,OCA (T-OCA) iPhone 11 PRO MAX 125U ORIG 1:1
ocapro,IPHONE 11 PRO MAX,,25.5,UAH,OCA (T-OCA) iPhone 11 PRO MAX 125U ORIG 1:1
ocapro,IPHONE 12 PRO MAX,,27.5,UAH,OCA (T-OCA) iPhone 12 PRO MAX 125U ORIG 1:1
ocapro,IPHONE 12 PRO MAX,,25.5,UAH,OCA (T-OCA) iPhone 12 PRO MAX 125U ORIG 1:1
ocapro,IPHONE 12 PRO,,27.5,UAH,OCA (T-OCA) iPhone 12/12 PRO 125U ORIG 1:1
ocapro,IPHONE 12 PRO,,25.5,UAH,OCA (T-OCA) iPhone 12/12 PRO 125U ORIG 1:1
ocapro,IPHONE 13 PRO,,27.5,UAH,OCA (T-OCA) iPhone 13 PRO 125U ORIG 1:1
ocapro,IPHONE 13 PRO,,25.5,UAH,OCA (T-OCA) iPhone 13 PRO 125U ORIG 1:1
ocapro,IPHONE 13 PRO MAX,,29.5,UAH,OCA (T-OCA) iPhone 13 PRO MAX 125U ORIG 1:1
ocapro,IPHONE 13 PRO MAX,,27.5,UAH,OCA (T-OCA) iPhone 13 PRO MAX 125U ORIG 1:1
ocapro,IPHONE 14 PRO,,27.5,UAH,OCA (T-OCA) iPhone 14 PRO 125U ORIG 1:1
ocapro,IPHONE 14 PRO,,25.5,UAH,OCA (T-OCA) iPhone 14 PRO 125U ORIG 1:1
ocapro,IPHONE 14 PRO MAX,,29.5,UAH,OCA (T-OCA) iPhone 14 PRO MAX 125U ORIG 1:1
ocapro,IPHONE 14 PRO MAX,,27.5,UAH,OCA (T-OCA) iPhone 14 PRO MAX 125U ORIG 1:1
ocapro,IPHONE 15 PRO MAX,,29.5,UAH,OCA (T-OCA) iPhone 15 PRO MAX 125U ORIG 1:1
ocapro,IPHONE 15 PRO MAX,,27.5,UAH,OCA (T-OCA) iPhone 15 PRO MAX 125U ORIG 1:1
ocapro,IPHONE 16 PRO,,28.5,UAH,OCA (T-OCA) iPhone 16 PRO 125U ORIG 1:1
ocapro,IPHONE 16 PRO,,26.5,UAH,OCA (T-OCA) iPhone 16 PRO 125U ORIG 1:1
ocapro,IPHONE 16 PRO MAX,,30.5,UAH,OCA (T-OCA) iPhone 16 PRO MAX 125U ORIG 1:1
ocapro,IPHONE 16 PRO MAX,,28.5,UAH,OCA (T-OCA) iPhone 16 PRO MAX 125U ORIG 1:1
ocapro,IPHONE 15 PRO,,27.5,UAH,OCA (T-OCA) iPhone 16/15 PRO 125U ORIG 1:1
ocapro,IPHONE 15 PRO,,25.5,UAH,OCA (T-OCA) iPhone 16/15 PRO 125U ORIG 1:1
ocapro,IPHONE X,,27.5,UAH,OCA (T-OCA) iPhone X 125U ORIG 1:1
ocapro,IPHONE X,,25.5,UAH,OCA (T-OCA) iPhone X 125U ORIG 1:1
ocapro,,,27.5,UAH,OCA (T-OCA) iPhone XSM 125U ORIG 1:1
ocapro,,,25.5,UAH,OCA (T-OCA) iPhone XSM 125U ORIG 1:1
ocapro,IPHONE 11,,27.5,UAH,OCA AS iPhone 11 125U ORIG
ocapro,IPHONE 11,,25.5,UAH,OCA AS iPhone 11 125U ORIG
ocapro,IPHONE 11 PRO,,27.5,UAH,OCA AS iPhone 11 PRO 125U ORIG
ocapro,IPHONE 11 PRO,,25.5,UAH,OCA AS iPhone 11 PRO 125U ORIG
ocapro,IPHONE 11 PRO MAX,,27.5,UAH,OCA AS iPhone 11 PRO MAX 125U ORIG 1:1
ocapro,IPHONE 11 PRO MAX,,25.5,UAH,OCA AS iPhone 11 PRO MAX 125U ORIG 1:1
ocapro,IPHONE 12 MINI,,27.5,UAH,OCA AS iPhone 12 mini 125U ORIG 1:1
ocapro,IPHONE 12 MINI,,25.5,UAH,OCA AS iPhone 12 mini 125U ORIG 1:1
ocapro,IPHONE 12 PRO,,27.5,UAH,OCA AS iPhone 12/12 PRO 125U ORIG 1:1
ocapro,IPHONE 12 PRO,,25.5,UAH,OCA AS iPhone 12/12 PRO 125U ORIG 1:1
ocapro,IPHONE 13 MINI,,27.5,UAH,OCA AS iPhone 13 mini 125U ORIG 1:1
ocapro,IPHONE 13 MINI,,25.5,UAH,OCA AS iPhone 13 mini 125U ORIG 1:1
ocapro,IPHONE 13 PRO,,27.5,UAH,OCA AS iPhone 13/13 PRO 125U ORIG 1:1
ocapro,IPHONE 13 PRO,,25.5,UAH,OCA AS iPhone 13/13 PRO 125U ORIG 1:1
ocapro,IPHONE 14,,27.5,UAH,OCA AS iPhone 14 125U ORIG 1:1
ocapro,IPHONE 14,,25.5,UAH,OCA AS iPhone 14 125U ORIG 1:1
ocapro,IPHONE 14 PLUS,,27.5,UAH,OCA AS iPhone 14 Plus 125U ORIG 1:1
ocapro,IPHONE 14 PLUS,,25.5,UAH,OCA AS iPhone 14 Plus 125U ORIG 1:1
ocapro,IPHONE 14 PRO,,27.5,UAH,OCA AS iPhone 14 PRO 125U ORIG 1:1
ocapro,IPHONE 14 PRO,,25.5,UAH,OCA AS iPhone 14 PRO 125U ORIG 1:1
ocapro,IPHONE 14 PRO MAX,,27.5,UAH,OCA AS iPhone 14 PRO MAX 125U ORIG 1:1
ocapro,IPHONE 14 PRO MAX,,25.5,UAH,OCA AS iPhone 14 PRO MAX 125U ORIG 1:1
ocapro,IPHONE 15,,27.5,UAH,OCA AS iPhone 15 125U ORIG 1:1
ocapro,IPHONE 15,,25.5,UAH,OCA AS iPhone 15 125U ORIG 1:1
ocapro,IPHONE 15 PLUS,,27.5,UAH,OCA AS iPhone 15 Plus 125U ORIG 1:1
ocapro,IPHONE 15 PLUS,,25.5,UAH,OCA AS iPhone 15 Plus 125U ORIG 1:1
ocapro,IPHONE 15 PRO,,27.5,UAH,OCA AS iPhone 15 PRO 125U ORIG 1:1
ocapro,IPHONE 15 PRO,,25.5,UAH,OCA AS iPhone 15 PRO 125U ORIG 1:1
ocapro,IPHONE 15 PRO MAX,,27.5,UAH,OCA AS iPhone 15 PRO MAX 125U ORIG 1:1
ocapro,IPHONE 15 PRO MAX,,25.5,UAH,OCA AS iPhone 15 PRO MAX 125U ORIG 1:1
ocapro,IPHONE X,,27.5,UAH,OCA AS iPhone X 125U ORIG 1:1
ocapro,IPHONE X,,25.5,UAH,OCA AS iPhone X 125U ORIG 1:1
ocapro,IPHONE XR,,27.5,UAH,OCA AS iPhone XR 125U ORIG 1:1
ocapro,IPHONE XR,,25.5,UAH,OCA AS iPhone XR 125U ORIG 1:1
ocapro,,,27.5,UAH,OCA AS iPhone XSM 125U ORIG 1:1
ocapro,,,25.5,UAH,OCA AS iPhone XSM 125U ORIG 1:1
ocapro,,,27.5,UAH,OCA AS iPhone12 PRO MAX 125U ORIG 1:1
ocapro,,,25.5,UAH,OCA AS iPhone12 PRO MAX 125U ORIG 1:1
ocapro,,,27.5,UAH,OCA AS iPhone13 PRO MAX 125U ORIG 1:1
ocapro,,,25.5,UAH,OCA AS iPhone13 PRO MAX 125U ORIG 1:1
ocapro,IPHONE 12 MINI,,14.0,UAH,OCA iPhone 12 Mini Mitsubishi 250U
ocapro,IPHONE 12 MINI,,13.0,UAH,OCA iPhone 12 Mini Mitsubishi 250U
ocapro,IPHONE 12 PRO MAX,,12.5,UAH,OCA iPhone 12 PRO MAX Mitsubishi 250U
ocapro,IPHONE 12 PRO MAX,,11.5,UAH,OCA iPhone 12 PRO MAX Mitsubishi 250U
ocapro,IPHONE 12 PRO,,12.0,UAH,OCA iPhone 12/12 PRO Mitsubishi 250U
ocapro,IPHONE 12 PRO,,11.0,UAH,OCA iPhone 12/12 PRO Mitsubishi 250U
ocapro,IPHONE 13 PRO MAX,,15.0,UAH,OCA iPhone 13 PRO MAX Mitsubishi 250U
ocapro,IPHONE 13 PRO MAX,,14.0,UAH,OCA iPhone 13 PRO MAX Mitsubishi 250U
ocapro,IPHONE 13 PRO,,13.0,UAH,OCA iPhone 13 PRO Mitsubishi 250U
ocapro,IPHONE 13 PRO,,12.0,UAH,OCA iPhone 13 PRO Mitsubishi 250U
ocapro,IPHONE 14,,14.0,UAH,OCA iPhone 14 Mitsubishi 250U
ocapro,IPHONE 14,,13.0,UAH,OCA iPhone 14 Mitsubishi 250U
ocapro,IPHONE 14 PLUS,,16.0,UAH,OCA iPhone 14 Plus Mitsubishi 250U
ocapro,IPHONE 14 PLUS,,15.0,UAH,OCA iPhone 14 Plus Mitsubishi 250U
ocapro,IPHONE 14 PRO MAX,,16.0,UAH,OCA iPhone 14 PRO MAX Mitsubishi 250U
ocapro,IPHONE 14 PRO MAX,,15.0,UAH,OCA iPhone 14 PRO MAX Mitsubishi 250U
ocapro,IPHONE 14 PRO,,14.0,UAH,OCA iPhone 14 PRO Mitsubishi 250U
ocapro,IPHONE 14 PRO,,13.0,UAH,OCA iPhone 14 PRO Mitsubishi 250U
ocapro,IPHONE 15,,13.0,UAH,OCA iPhone 15 Mitsubishi 250U
ocapro,IPHONE 15,,12.0,UAH,OCA iPhone 15 Mitsubishi 250U
ocapro,IPHONE 15 PRO MAX,,13.0,UAH,OCA iPhone 15 Pro Max Mitsubishi 250U
ocapro,IPHONE 15 PRO MAX,,12.0,UAH,OCA iPhone 15 Pro Max Mitsubishi 250U
ocapro,IPHONE 15 PRO,,13.0,UAH,OCA iPhone 15 Pro Mitsubishi 250U
ocapro,IPHONE 15 PRO,,12.0,UAH,OCA iPhone 15 Pro Mitsubishi 250U
ocapro,,,9.5,UAH,"OCA iPhone 4,7 Mitsubishi 250"
ocapro,,,9.0,UAH,"OCA iPhone 4,7 Mitsubishi 250"
ocapro,,,12.5,UAH,"OCA iPhone 5,5 Mitsubishi 250"
ocapro,,,11.5,UAH,"OCA iPhone 5,5 Mitsubishi 250"
ocapro,IPHONE 5S,,7.5,UAH,OCA iPhone 5/5s Mitsubishi 250
ocapro,IPHONE 5S,,7.0,UAH,OCA iPhone 5/5s Mitsubishi 250
ocapro,IPHONE X,,23.5,UAH,OCA iPhone X 100U ORIG
ocapro,IPHONE X,,22.0,UAH,OCA iPhone X 100U ORIG
ocapro,IPHONE 11 PRO,,10.5,UAH,OCA iPhone X/XS/11 Pro Mitsubishi 250U
ocapro,IPHONE 11 PRO,,10.0,UAH,OCA iPhone X/XS/11 Pro Mitsubishi 250U
ocapro,IPHONE 11,,12.5,UAH,OCA iPhone XR/11 Mitsubishi 250U
ocapro,IPHONE 11,,11.5,UAH,OCA iPhone XR/11 Mitsubishi 250U
ocapro,IPHONE XS MAX,,23.5,UAH,OCA iPhone XS MAX 100U ORIG
ocapro,IPHONE XS MAX,,22.0,UAH,OCA iPhone XS MAX 100U ORIG
ocapro,IPHONE 11 PRO MAX,,13.0,UAH,OCA iPhone XS Max/11 Pro Max Mitsubishi 250U
ocapro,IPHONE 11 PRO MAX,,12.0,UAH,OCA iPhone XS Max/11 Pro Max Mitsubishi 250U
ocapro,,,30.5,UAH,OCA XS MAX ORIG
ocapro,,,28.5,UAH,OCA XS MAX ORIG
ocapro,IPHONE 11 PRO MAX,АКБ з калібруванням,619.5,UAH,Акумулятор iPhone 11 PRO MAX ORIG 4790 mAh
ocapro,IPHONE 11 PRO MAX,АКБ з калібруванням,578.5,UAH,Акумулятор iPhone 11 PRO MAX ORIG 4790 mAh
ocapro,IPHONE 11 PRO,АКБ з калібруванням,588.0,UAH,Акумулятор iPhone 11 PRO ORIG 3640 mAh
ocapro,IPHONE 11 PRO,АКБ з калібруванням,549.0,UAH,Акумулятор iPhone 11 PRO ORIG 3640 mAh
ocapro,IPHONE 12 MINI,АКБ з калібруванням,451.5,UAH,Акумулятор iPhone 12 MINI ORIG 2600 mAh
ocapro,IPHONE 12 MINI,АКБ з калібруванням,421.5,UAH,Акумулятор iPhone 12 MINI ORIG 2600 mAh
ocapro,IPHONE 12 PRO MAX,АКБ з калібруванням,577.5,UAH,Акумулятор iPhone 12 PRO MAX ORIG 4610 mAh
ocapro,IPHONE 12 PRO MAX,АКБ з калібруванням,539.0,UAH,Акумулятор iPhone 12 PRO MAX ORIG 4610 mAh
ocapro,IPHONE 12 PRO,АКБ з калібруванням,472.5,UAH,Акумулятор iPhone 12/12 Pro ORIG 3320 mAh
ocapro,IPHONE 12 PRO,АКБ з калібруванням,441.0,UAH,Акумулятор iPhone 12/12 Pro ORIG 3320 mAh
ocapro,IPHONE 13 MINI,АКБ з калібруванням,451.5,UAH,Акумулятор iPhone 13 MINI ORIG 2600 mAh
ocapro,IPHONE 13 MINI,АКБ з калібруванням,421.5,UAH,Акумулятор iPhone 13 MINI ORIG 2600 mAh
ocapro,IPHONE 14 PLUS,АКБ з калібруванням,525.0,UAH,Акумулятор iPhone 14 Plus ORIG 4850 mAh
ocapro,IPHONE 14 PLUS,АКБ з калібруванням,490.0,UAH,Акумулятор iPhone 14 Plus ORIG 4850 mAh
ocapro,IPHONE 15 PLUS,АКБ з калібруванням,504.0,UAH,Акумулятор iPhone 15 Plus ORIG 4850 mAh
ocapro,IPHONE 15 PLUS,АКБ з калібруванням,470.5,UAH,Акумулятор iPhone 15 Plus ORIG 4850 mAh
ocapro,IPHONE 16,АКБ з калібруванням,892.5,UAH,Акумулятор iPhone 16 ORIG
ocapro,IPHONE 16,АКБ з калібруванням,833.0,UAH,Акумулятор iPhone 16 ORIG
ocapro,IPHONE 6,АКБ з калібруванням,283.5,UAH,Акумулятор iPhone 6 ORIG
ocapro,IPHONE 6,АКБ з калібруванням,265.0,UAH,Акумулятор iPhone 6 ORIG
ocapro,IPHONE 6 PLUS,АКБ з калібруванням,357.0,UAH,Акумулятор iPhone 6 Plus ORIG
ocapro,IPHONE 6 PLUS,АКБ з калібруванням,333.5,UAH,Акумулятор iPhone 6 Plus ORIG
ocapro,IPHONE 6S,АКБ з калібруванням,283.5,UAH,Акумулятор iPhone 6S ORIG
ocapro,IPHONE 6S,АКБ з калібруванням,265.0,UAH,Акумулятор iPhone 6S ORIG
ocapro,IPHONE 6S PLUS,АКБ з калібруванням,357.0,UAH,Акумулятор iPhone 6S Plus ORIG
ocapro,IPHONE 6S PLUS,АКБ з калібруванням,333.5,UAH,Акумулятор iPhone 6S Plus ORIG
ocapro,IPHONE 7,АКБ з калібруванням,320.5,UAH,Акумулятор iPhone 7 ORIG
ocapro,IPHONE 7,АКБ з калібруванням,299.0,UAH,Акумулятор iPhone 7 ORIG
ocapro,IPHONE 7 PLUS,АКБ з калібруванням,346.5,UAH,Акумулятор iPhone 7 Plus ORIG
ocapro,IPHONE 7 PLUS,АКБ з калібруванням,323.5,UAH,Акумулятор iPhone 7 Plus ORIG
ocapro,IPHONE 8,АКБ з калібруванням,325.5,UAH,Акумулятор iPhone 8 ORIG
ocapro,IPHONE 8,АКБ з калібруванням,304.0,UAH,Акумулятор iPhone 8 ORIG
ocapro,IPHONE 8 PLUS,АКБ з калібруванням,357.0,UAH,Акумулятор iPhone 8 Plus ORIG
ocapro,IPHONE 8 PLUS,АКБ з калібруванням,333.5,UAH,Акумулятор iPhone 8 Plus ORIG
ocapro,IPHONE SE,АКБ з калібруванням,336.0,UAH,Акумулятор iPhone SE 2 ORIG 2230 mAh
ocapro,IPHONE SE,АКБ з калібруванням,314.0,UAH,Акумулятор iPhone SE 2 ORIG 2230 mAh
ocapro,IPHONE SE,АКБ з калібруванням,325.5,UAH,Акумулятор iPhone SE ORIG
ocapro,IPHONE SE,АКБ з калібруванням,304.0,UAH,Акумулятор iPhone SE ORIG
ocapro,IPHONE X,АКБ з калібруванням,483.0,UAH,Акумулятор iPhone X ORIG
ocapro,IPHONE X,АКБ з калібруванням,451.0,UAH,Акумулятор iPhone X ORIG
ocapro,IPHONE XR,АКБ з калібруванням,399.0,UAH,Акумулятор iPhone XR ORIG 3580 mAh
ocapro,IPHONE XR,АКБ з калібруванням,372.5,UAH,Акумулятор iPhone XR ORIG 3580 mAh
ocapro,IPHONE XS MAX,АКБ з калібруванням,493.5,UAH,Акумулятор iPhone XS MAX ORIG 3710 mAh
ocapro,IPHONE XS MAX,АКБ з калібруванням,461.0,UAH,Акумулятор iPhone XS MAX ORIG 3710 mAh
ocapro,IPHONE XS,АКБ з калібруванням,472.5,UAH,Акумулятор iPhone XS ORIG 3220 mAh
ocapro,IPHONE XS,АКБ з калібруванням,441.0,UAH,Акумулятор iPhone XS ORIG 3220 mAh
ocapro,IPHONE 12 MINI,АКБ з калібруванням,538.0,UAH,Акумулятор iPhone 12 mini ORIG IOS 18/26 без помилки 2600 mAh
ocapro,IPHONE 12 MINI,АКБ з калібруванням,504.0,UAH,Акумулятор iPhone 12 mini ORIG IOS 18/26 без помилки 2600 mAh
ocapro,IPHONE 12 PRO MAX,АКБ з калібруванням,750.5,UAH,Акумулятор iPhone 12 PRO MAX ORIG IOS 18/26 без помилки 4610 mAh
ocapro,IPHONE 12 PRO MAX,АКБ з калібруванням,703.5,UAH,Акумулятор iPhone 12 PRO MAX ORIG IOS 18/26 без помилки 4610 mAh
ocapro,IPHONE 12 PRO,АКБ з калібруванням,605.0,UAH,Акумулятор iPhone 12/12 Pro ORIG IOS 18/26 без помилки 3320 mAh
ocapro,IPHONE 12 PRO,АКБ з калібруванням,567.0,UAH,Акумулятор iPhone 12/12 Pro ORIG IOS 18/26 без помилки 3320 mAh
ocapro,IPHONE 13 MINI,АКБ з калібруванням,538.0,UAH,Акумулятор iPhone 13 mini ORIG IOS 18/26 без помилки 2600 mAh
ocapro,IPHONE 13 MINI,АКБ з калібруванням,504.0,UAH,Акумулятор iPhone 13 mini ORIG IOS 18/26 без помилки 2600 mAh
ocapro,IPHONE 11 PRO MAX,АКБ без калібрування,441.0,UAH,Акумулятор iPhone 11 PRO MAX ORIG Банка підвищена ємність 4790 mAh
ocapro,IPHONE 11 PRO MAX,АКБ без калібрування,412.0,UAH,Акумулятор iPhone 11 PRO MAX ORIG Банка підвищена ємність 4790 mAh
ocapro,IPHONE 11 PRO,АКБ без калібрування,409.5,UAH,Акумулятор iPhone 11 PRO ORIG Банка підвищена ємність 3640 mAh
ocapro,IPHONE 11 PRO,АКБ без калібрування,382.5,UAH,Акумулятор iPhone 11 PRO ORIG Банка підвищена ємність 3640 mAh
ocapro,IPHONE 12 MINI,АКБ без калібрування,273.0,UAH,Акумулятор iPhone 12 mini ORIG Банка підвищена ємність 2600 mAh
ocapro,IPHONE 12 MINI,АКБ без калібрування,255.0,UAH,Акумулятор iPhone 12 mini ORIG Банка підвищена ємність 2600 mAh
ocapro,IPHONE 12 PRO MAX,АКБ без калібрування,462.0,UAH,Акумулятор iPhone 12 PRO MAX ORIG Банка підвищена ємність 4610 mAh
ocapro,IPHONE 12 PRO MAX,АКБ без калібрування,431.5,UAH,Акумулятор iPhone 12 PRO MAX ORIG Банка підвищена ємність 4610 mAh
ocapro,IPHONE 13 MINI,АКБ без калібрування,283.5,UAH,Акумулятор iPhone 13 mini ORIG Банка підвищена ємність 2600 mAh
ocapro,IPHONE 13 MINI,АКБ без калібрування,265.0,UAH,Акумулятор iPhone 13 mini ORIG Банка підвищена ємність 2600 mAh
ocapro,IPHONE 13 PRO MAX,АКБ без калібрування,514.5,UAH,Акумулятор iPhone 13 Pro Max ORIG Банка підвищена ємність 4870 mAh
ocapro,IPHONE 13 PRO MAX,АКБ без калібрування,480.5,UAH,Акумулятор iPhone 13 Pro Max ORIG Банка підвищена ємність 4870 mAh
ocapro,IPHONE 15 PLUS,АКБ без калібрування,388.5,UAH,Акумулятор iPhone 14 Plus/15 Plus ORIG Банка підвищена ємність 4850 mAh
ocapro,IPHONE 15 PLUS,АКБ без калібрування,363.0,UAH,Акумулятор iPhone 14 Plus/15 Plus ORIG Банка підвищена ємність 4850 mAh
ocapro,IPHONE 14 PRO MAX,АКБ без калібрування,535.5,UAH,Акумулятор iPhone 14 Pro Max ORIG Банка підвищена ємність 4870 mAh
ocapro,IPHONE 14 PRO MAX,АКБ без калібрування,500.0,UAH,Акумулятор iPhone 14 Pro Max ORIG Банка підвищена ємність 4870 mAh
ocapro,IPHONE 16,АКБ без калібрування,357.0,UAH,Акумулятор iPhone 16 ORIG Банка підвищена ємність
ocapro,IPHONE 16,АКБ без калібрування,333.5,UAH,Акумулятор iPhone 16 ORIG Банка підвищена ємність
ocapro,IPHONE SE,АКБ без калібрування,241.5,UAH,Акумулятор iPhone SE 2 ORIG Банка підвищена ємність 2230 mAh
ocapro,IPHONE SE,АКБ без калібрування,225.5,UAH,Акумулятор iPhone SE 2 ORIG Банка підвищена ємність 2230 mAh
ocapro,IPHONE SE,АКБ без калібрування,252.0,UAH,Акумулятор iPhone SE 3 ORIG Банка підвищена ємність 2220 mAh
ocapro,IPHONE SE,АКБ без калібрування,235.5,UAH,Акумулятор iPhone SE 3 ORIG Банка підвищена ємність 2220 mAh
ocapro,IPHONE XR,АКБ без калібрування,294.0,UAH,Акумулятор iPhone XR ORIG Банка підвищена ємність 3580 mAh
ocapro,IPHONE XR,АКБ без калібрування,274.5,UAH,Акумулятор iPhone XR ORIG Банка підвищена ємність 3580 mAh
ocapro,IPHONE XS MAX,АКБ без калібрування,346.5,UAH,Акумулятор iPhone XS MAX ORIG Банка підвищена ємність 3710 mAh
ocapro,IPHONE XS MAX,АКБ без калібрування,323.5,UAH,Акумулятор iPhone XS MAX ORIG Банка підвищена ємність 3710 mAh
ocapro,IPHONE XS,АКБ без калібрування,378.0,UAH,Акумулятор iPhone XS ORIG Банка підвищена ємність
ocapro,IPHONE XS,АКБ без калібрування,353.0,UAH,Акумулятор iPhone XS ORIG Банка підвищена ємність
ocapro,IPHONE 12 PRO MAX,АКБ без калібрування,462.0,UAH,Акумулятор iPhone 12 Pro Max ORIG Банка підвищена ємність 4610 mAh (Logo)
ocapro,IPHONE 12 PRO MAX,АКБ без калібрування,431.5,UAH,Акумулятор iPhone 12 Pro Max ORIG Банка підвищена ємність 4610 mAh (Logo)
ocapro,IPHONE 13 PRO MAX,АКБ без калібрування,525.0,UAH,Акумулятор iPhone 13 Pro Max ORIG Банка підвищена ємність 4870 mAh (Logo)
ocapro,IPHONE 13 PRO MAX,АКБ без калібрування,490.0,UAH,Акумулятор iPhone 13 Pro Max ORIG Банка підвищена ємність 4870 mAh (Logo)
ocapro,IPHONE 14 PRO MAX,АКБ без калібрування,556.5,UAH,Акумулятор iPhone 14 Pro Max ORIG Банка підвищена ємність 4870 mAh (Logo)
ocapro,IPHONE 14 PRO MAX,АКБ без калібрування,519.5,UAH,Акумулятор iPhone 14 Pro Max ORIG Банка підвищена ємність 4870 mAh (Logo)
ocapro,IPHONE 15 PLUS,АКБ без калібрування,409.5,UAH,Акумулятор iPhone 15 Plus ORIG Банка підвищена ємність 4850 mAh (Logo)
ocapro,IPHONE 15 PLUS,АКБ без калібрування,382.5,UAH,Акумулятор iPhone 15 Plus ORIG Банка підвищена ємність 4850 mAh (Logo)
ocapro,IPHONE 11 PRO MAX,АКБ без калібрування,431.5,UAH,Акумулятор iPhone 11 PRO MAX ORIG Банка 3969 mAh стандарт
ocapro,IPHONE 11 PRO MAX,АКБ без калібрування,400.5,UAH,Акумулятор iPhone 11 PRO MAX ORIG Банка 3969 mAh стандарт
ocapro,IPHONE 11 PRO,АКБ без калібрування,382.5,UAH,Акумулятор iPhone 11 PRO ORIG Банка 3046 mAh стандарт
ocapro,IPHONE 11 PRO,АКБ без калібрування,355.0,UAH,Акумулятор iPhone 11 PRO ORIG Банка 3046 mAh стандарт
ocapro,IPHONE 12 PRO MAX,АКБ без калібрування,392.0,UAH,Акумулятор iPhone 12 PRO MAX ORIG Банка 3687 mAh стандарт
ocapro,IPHONE 12 PRO MAX,АКБ без калібрування,364.0,UAH,Акумулятор iPhone 12 PRO MAX ORIG Банка 3687 mAh стандарт
ocapro,IPHONE 13 PRO MAX,АКБ без калібрування,421.5,UAH,Акумулятор iPhone 13 Pro Max ORIG Банка 4325 mAh стандарт
ocapro,IPHONE 13 PRO MAX,АКБ без калібрування,391.5,UAH,Акумулятор iPhone 13 Pro Max ORIG Банка 4325 mAh стандарт
ocapro,IPHONE 14 PRO MAX,АКБ без калібрування,461.0,UAH,Акумулятор iPhone 14 Pro Max ORIG Банка 4323 mAh стандартна ємність
ocapro,IPHONE 14 PRO MAX,АКБ без калібрування,428.0,UAH,Акумулятор iPhone 14 Pro Max ORIG Банка 4323 mAh стандартна ємність
ocapro,IPHONE XR,АКБ без калібрування,265.0,UAH,Акумулятор iPhone XR ORIG Банка 2942 mAh стандарт
ocapro,IPHONE XR,АКБ без калібрування,246.0,UAH,Акумулятор iPhone XR ORIG Банка 2942 mAh стандарт
ocapro,IPHONE XS MAX,АКБ без калібрування,294.0,UAH,Акумулятор iPhone XS MAX ORIG Банка 3174 mAh стандарт
ocapro,IPHONE XS MAX,АКБ без калібрування,273.0,UAH,Акумулятор iPhone XS MAX ORIG Банка 3174 mAh стандарт
ocapro,IPHONE XS,АКБ без калібрування,353.0,UAH,Акумулятор iPhone XS ORIG Банка 2658 mAh стандарт
ocapro,IPHONE XS,АКБ без калібрування,328.0,UAH,Акумулятор iPhone XS ORIG Банка 2658 mAh стандарт
ocapro,IPHONE 14 PRO,Витратні матеріали для монтажу,17.0,UAH,Лента для ізоляції контактів акб iPhone 11 Pro/13 Pro/14 Pro (10 шт)
ocapro,IPHONE 14 PRO,Витратні матеріали для монтажу,16.0,UAH,Лента для ізоляції контактів акб iPhone 11 Pro/13 Pro/14 Pro (10 шт)
ocapro,IPHONE 14,Витратні матеріали для монтажу,17.0,UAH,Лента для ізоляції контактів акб iPhone 11/12/13/14/11 pm/XR/14 pm(10 шт)
ocapro,IPHONE 14,Витратні матеріали для монтажу,16.0,UAH,Лента для ізоляції контактів акб iPhone 11/12/13/14/11 pm/XR/14 pm(10 шт)
ocapro,IPHONE 14 PLUS,Витратні матеріали для монтажу,17.0,UAH,Лента для ізоляції контактів акб iPhone 13 pm/14 Plus(10 шт)
ocapro,IPHONE 14 PLUS,Витратні матеріали для монтажу,16.0,UAH,Лента для ізоляції контактів акб iPhone 13 pm/14 Plus(10 шт)
ocapro,IPHONE X,Витратні матеріали для монтажу,17.0,UAH,Лента для ізоляції контактів акб iPhone X/XSM (10 шт)
ocapro,IPHONE X,Витратні матеріали для монтажу,16.0,UAH,Лента для ізоляції контактів акб iPhone X/XSM (10 шт)
ocapro,IPHONE 13 MINI,Витратні матеріали для монтажу,17.0,UAH,Лента для ізоляції контактів акб iPhone XS/12 mini/13 mini/12 pm (10 шт)
ocapro,IPHONE 13 MINI,Витратні матеріали для монтажу,16.0,UAH,Лента для ізоляції контактів акб iPhone XS/12 mini/13 mini/12 pm (10 шт)
ocapro,IPHONE 11,Витратні матеріали для монтажу,58.5,UAH,Проклейка акумулятора iPhone 11 (10 шт)
ocapro,IPHONE 11,Витратні матеріали для монтажу,55.0,UAH,Проклейка акумулятора iPhone 11 (10 шт)
ocapro,IPHONE 11,Витратні матеріали для монтажу,258.0,UAH,Проклейка акумулятора iPhone 11 (50 шт)
ocapro,IPHONE 11,Витратні матеріали для монтажу,241.5,UAH,Проклейка акумулятора iPhone 11 (50 шт)
ocapro,IPHONE 11 PRO,Витратні матеріали для монтажу,71.0,UAH,Проклейка акумулятора iPhone 11 PRO (10 шт)
ocapro,IPHONE 11 PRO,Витратні матеріали для монтажу,66.5,UAH,Проклейка акумулятора iPhone 11 PRO (10 шт)
ocapro,IPHONE 11 PRO MAX,Витратні матеріали для монтажу,71.0,UAH,Проклейка акумулятора iPhone 11 PRO MAX (10 шт)
ocapro,IPHONE 11 PRO MAX,Витратні матеріали для монтажу,66.5,UAH,Проклейка акумулятора iPhone 11 PRO MAX (10 шт)
ocapro,IPHONE 12 PRO,Витратні матеріали для монтажу,58.5,UAH,Проклейка акумулятора iPhone 12 PRO (10 шт)
ocapro,IPHONE 12 PRO,Витратні матеріали для монтажу,55.0,UAH,Проклейка акумулятора iPhone 12 PRO (10 шт)
ocapro,IPHONE 12 PRO,Витратні матеріали для монтажу,314.0,UAH,Проклейка акумулятора iPhone 12 PRO (50 шт)
ocapro,IPHONE 12 PRO,Витратні матеріали для монтажу,294.0,UAH,Проклейка акумулятора iPhone 12 PRO (50 шт)
ocapro,IPHONE 12 PRO MAX,Витратні матеріали для монтажу,71.0,UAH,Проклейка акумулятора iPhone 12 PRO MAX (10 шт)
ocapro,IPHONE 12 PRO MAX,Витратні матеріали для монтажу,66.5,UAH,Проклейка акумулятора iPhone 12 PRO MAX (10 шт)
ocapro,IPHONE 13,Витратні матеріали для монтажу,71.0,UAH,Проклейка акумулятора iPhone 13 (10 шт)
ocapro,IPHONE 13,Витратні матеріали для монтажу,66.5,UAH,Проклейка акумулятора iPhone 13 (10 шт)
ocapro,IPHONE 13,Витратні матеріали для монтажу,314.0,UAH,Проклейка акумулятора iPhone 13 (50 шт)
ocapro,IPHONE 13,Витратні матеріали для монтажу,294.0,UAH,Проклейка акумулятора iPhone 13 (50 шт)
ocapro,IPHONE 13 PRO,Витратні матеріали для монтажу,71.0,UAH,Проклейка акумулятора iPhone 13 PRO (10 шт)
ocapro,IPHONE 13 PRO,Витратні матеріали для монтажу,66.5,UAH,Проклейка акумулятора iPhone 13 PRO (10 шт)
ocapro,IPHONE 13 PRO,Витратні матеріали для монтажу,314.0,UAH,Проклейка акумулятора iPhone 13 PRO (50 шт)
ocapro,IPHONE 13 PRO,Витратні матеріали для монтажу,294.0,UAH,Проклейка акумулятора iPhone 13 PRO (50 шт)
ocapro,IPHONE 13 PRO MAX,Витратні матеріали для монтажу,64.0,UAH,Проклейка акумулятора iPhone 13 PRO MAX (10 шт)
ocapro,IPHONE 13 PRO MAX,Витратні матеріали для монтажу,60.0,UAH,Проклейка акумулятора iPhone 13 PRO MAX (10 шт)
ocapro,IPHONE 13 PRO MAX,Витратні матеріали для монтажу,314.0,UAH,Проклейка акумулятора iPhone 13 PRO MAX (50 шт)
ocapro,IPHONE 13 PRO MAX,Витратні матеріали для монтажу,294.0,UAH,Проклейка акумулятора iPhone 13 PRO MAX (50 шт)
ocapro,IPHONE 14,Витратні матеріали для монтажу,64.0,UAH,Проклейка акумулятора iPhone 14 (10 шт)
ocapro,IPHONE 14,Витратні матеріали для монтажу,60.0,UAH,Проклейка акумулятора iPhone 14 (10 шт)
ocapro,IPHONE 14 PRO,Витратні матеріали для монтажу,71.0,UAH,Проклейка акумулятора iPhone 14 Pro (10 шт)
ocapro,IPHONE 14 PRO,Витратні матеріали для монтажу,66.5,UAH,Проклейка акумулятора iPhone 14 Pro (10 шт)
ocapro,IPHONE 14 PRO,Витратні матеріали для монтажу,314.0,UAH,Проклейка акумулятора iPhone 14 Pro (50 шт)
ocapro,IPHONE 14 PRO,Витратні матеріали для монтажу,294.0,UAH,Проклейка акумулятора iPhone 14 Pro (50 шт)
ocapro,IPHONE 14 PRO MAX,Витратні матеріали для монтажу,71.0,UAH,Проклейка акумулятора iPhone 14 Pro Max (10 шт)
ocapro,IPHONE 14 PRO MAX,Витратні матеріали для монтажу,66.5,UAH,Проклейка акумулятора iPhone 14 Pro Max (10 шт)
ocapro,IPHONE 14 PRO MAX,Витратні матеріали для монтажу,314.0,UAH,Проклейка акумулятора iPhone 14 Pro Max (50 шт)
ocapro,IPHONE 14 PRO MAX,Витратні матеріали для монтажу,294.0,UAH,Проклейка акумулятора iPhone 14 Pro Max (50 шт)
ocapro,IPHONE 15 PRO,Витратні матеріали для монтажу,71.0,UAH,Проклейка акумулятора iPhone 15 PRO (10 шт)
ocapro,IPHONE 15 PRO,Витратні матеріали для монтажу,66.5,UAH,Проклейка акумулятора iPhone 15 PRO (10 шт)
ocapro,IPHONE 15 PRO,Витратні матеріали для монтажу,314.0,UAH,Проклейка акумулятора iPhone 15 PRO (50 шт)
ocapro,IPHONE 15 PRO,Витратні матеріали для монтажу,294.0,UAH,Проклейка акумулятора iPhone 15 PRO (50 шт)
ocapro,IPHONE 15 PRO MAX,Витратні матеріали для монтажу,71.0,UAH,Проклейка акумулятора iPhone 15 PRO MAX (10 шт)
ocapro,IPHONE 15 PRO MAX,Витратні матеріали для монтажу,66.5,UAH,Проклейка акумулятора iPhone 15 PRO MAX (10 шт)
ocapro,IPHONE 15 PRO MAX,Витратні матеріали для монтажу,314.0,UAH,Проклейка акумулятора iPhone 15 PRO MAX (50 шт)
ocapro,IPHONE 15 PRO MAX,Витратні матеріали для монтажу,294.0,UAH,Проклейка акумулятора iPhone 15 PRO MAX (50 шт)
ocapro,IPHONE 6S,Витратні матеріали для монтажу,50.5,UAH,Проклейка акумулятора iPhone 6/6s/7 (10 шт)
ocapro,IPHONE 6S,Витратні матеріали для монтажу,47.5,UAH,Проклейка акумулятора iPhone 6/6s/7 (10 шт)
ocapro,,Витратні матеріали для монтажу,64.0,UAH,Проклейка акумулятора iPhone 6P/6SP/7P (10 шт)
ocapro,,Витратні матеріали для монтажу,60.0,UAH,Проклейка акумулятора iPhone 6P/6SP/7P (10 шт)
ocapro,IPHONE 8,Витратні матеріали для монтажу,64.0,UAH,Проклейка акумулятора iPhone 8 (10 шт)
ocapro,IPHONE 8,Витратні матеріали для монтажу,60.0,UAH,Проклейка акумулятора iPhone 8 (10 шт)
ocapro,IPHONE 8,Витратні матеріали для монтажу,224.0,UAH,Проклейка акумулятора iPhone 8 (50 шт)
ocapro,IPHONE 8,Витратні матеріали для монтажу,210.0,UAH,Проклейка акумулятора iPhone 8 (50 шт)
ocapro,IPHONE 8 PLUS,Витратні матеріали для монтажу,58.5,UAH,Проклейка акумулятора iPhone 8 Plus (10 шт)
ocapro,IPHONE 8 PLUS,Витратні матеріали для монтажу,55.0,UAH,Проклейка акумулятора iPhone 8 Plus (10 шт)
ocapro,IPHONE XS,Витратні матеріали для монтажу,64.0,UAH,Проклейка акумулятора iPhone X/XS (10 шт)
ocapro,IPHONE XS,Витратні матеріали для монтажу,60.0,UAH,Проклейка акумулятора iPhone X/XS (10 шт)
ocapro,IPHONE XS,Витратні матеріали для монтажу,414.5,UAH,Проклейка акумулятора iPhone X/XS (50 шт)
ocapro,IPHONE XS,Витратні матеріали для монтажу,388.5,UAH,Проклейка акумулятора iPhone X/XS (50 шт)
ocapro,IPHONE XR,Витратні матеріали для монтажу,64.0,UAH,Проклейка акумулятора iPhone XR (10 шт)
ocapro,IPHONE XR,Витратні матеріали для монтажу,60.0,UAH,Проклейка акумулятора iPhone XR (10 шт)
ocapro,IPHONE XR,Витратні матеріали для монтажу,302.5,UAH,Проклейка акумулятора iPhone XR (50 шт)
ocapro,IPHONE XR,Витратні матеріали для монтажу,283.5,UAH,Проклейка акумулятора iPhone XR (50 шт)
ocapro,IPHONE XS MAX,Витратні матеріали для монтажу,65.0,UAH,Проклейка акумулятора iPhone XS MAX (10 шт)
ocapro,IPHONE XS MAX,Витратні матеріали для монтажу,61.0,UAH,Проклейка акумулятора iPhone XS MAX (10 шт)
ocapro,IPHONE 11 PRO,Шлейф акумулятора,162.5,UAH,Шлейф акумулятора iPhone 11 Pro 100% ORIG (0 циклів)
ocapro,IPHONE 11 PRO,Шлейф акумулятора,152.5,UAH,Шлейф акумулятора iPhone 11 Pro 100% ORIG (0 циклів)
ocapro,IPHONE 11 PRO MAX,Шлейф акумулятора,162.5,UAH,Шлейф акумулятора iPhone 11 Pro Max 100% ORIG (0 циклів)
ocapro,IPHONE 11 PRO MAX,Шлейф акумулятора,152.5,UAH,Шлейф акумулятора iPhone 11 Pro Max 100% ORIG (0 циклів)
ocapro,IPHONE 12 MINI,Шлейф акумулятора,207.5,UAH,Шлейф акумулятора iPhone 12 mini 100% ORIG (0 циклів)
ocapro,IPHONE 12 MINI,Шлейф акумулятора,194.5,UAH,Шлейф акумулятора iPhone 12 mini 100% ORIG (0 циклів)
ocapro,IPHONE 12 PRO MAX,Шлейф акумулятора,241.0,UAH,Шлейф акумулятора iPhone 12 Pro Max 100% ORIG (0 циклів)
ocapro,IPHONE 12 PRO MAX,Шлейф акумулятора,226.0,UAH,Шлейф акумулятора iPhone 12 Pro Max 100% ORIG (0 циклів)
ocapro,IPHONE 13,Шлейф акумулятора,538.0,UAH,Шлейф акумулятора iPhone 13 100% ORIG (0 циклів)
ocapro,IPHONE 13,Шлейф акумулятора,504.0,UAH,Шлейф акумулятора iPhone 13 100% ORIG (0 циклів)
ocapro,IPHONE 14 PRO,Шлейф акумулятора,162.5,UAH,Шлейф акумулятора iPhone 13 Pro 14 Pro 100% ORIG (0 циклів)
ocapro,IPHONE 14 PRO,Шлейф акумулятора,152.5,UAH,Шлейф акумулятора iPhone 13 Pro 14 Pro 100% ORIG (0 циклів)
ocapro,IPHONE 14 PRO MAX,Шлейф акумулятора,162.5,UAH,Шлейф акумулятора iPhone 13 Pro Max 14 Pro Max 100% ORIG (0 циклів)
ocapro,IPHONE 14 PRO MAX,Шлейф акумулятора,152.5,UAH,Шлейф акумулятора iPhone 13 Pro Max 14 Pro Max 100% ORIG (0 циклів)
ocapro,IPHONE 14,Шлейф акумулятора,398.0,UAH,Шлейф акумулятора iPhone 14 100% ORIG (0 циклів)
ocapro,IPHONE 14,Шлейф акумулятора,373.0,UAH,Шлейф акумулятора iPhone 14 100% ORIG (0 циклів)
ocapro,,,514.5,UAH,USB Lightning 1 м ORIG комплект
ocapro,,,480.5,UAH,USB Lightning 1 м ORIG комплект
ocapro,,,661.5,UAH,USB Lightning 2 м ORIG комплект (з коробки)
ocapro,,,617.5,UAH,USB Lightning 2 м ORIG комплект (з коробки)
ocapro,,,546.0,UAH,USB Lightning Type-C 1 м ORIG комплект
ocapro,,,510.0,UAH,USB Lightning Type-C 1 м ORIG комплект
ocapro,IPHONE 12 PRO,Плівка дисплею смартфону захисна,376.5,UAH,Захисне скло Remax 3D GL-27 для iPhone 12 Pro
ocapro,IPHONE 12 PRO,Плівка дисплею смартфону захисна,353.0,UAH,Захисне скло Remax 3D GL-27 для iPhone 12 Pro
ocapro,IPHONE 12 PRO MAX,Плівка дисплею смартфону захисна,376.5,UAH,Захисне скло Remax 3D GL-27 для iPhone 12 Pro Max
ocapro,IPHONE 12 PRO MAX,Плівка дисплею смартфону захисна,353.0,UAH,Захисне скло Remax 3D GL-27 для iPhone 12 Pro Max
ocapro,IPHONE 13,Плівка дисплею смартфону захисна,376.5,UAH,Захисне скло Remax 3D GL-27 для iPhone 13
ocapro,IPHONE 13,Плівка дисплею смартфону захисна,353.0,UAH,Захисне скло Remax 3D GL-27 для iPhone 13
ocapro,IPHONE 13 PRO,Плівка дисплею смартфону захисна,376.5,UAH,Захисне скло Remax 3D GL-27 для iPhone 13 Pro
ocapro,IPHONE 13 PRO,Плівка дисплею смартфону захисна,353.0,UAH,Захисне скло Remax 3D GL-27 для iPhone 13 Pro
ocapro,IPHONE 13 PRO MAX,Плівка дисплею смартфону захисна,376.5,UAH,Захисне скло Remax 3D GL-27 для iPhone 13 Pro Max
ocapro,IPHONE 13 PRO MAX,Плівка дисплею смартфону захисна,353.0,UAH,Захисне скло Remax 3D GL-27 для iPhone 13 Pro Max
ocapro,IPHONE 14 PRO MAX,Плівка дисплею смартфону захисна,376.5,UAH,Захисне скло Remax 3D GL-27 для iPhone 14 Pro Max
ocapro,IPHONE 14 PRO MAX,Плівка дисплею смартфону захисна,353.0,UAH,Захисне скло Remax 3D GL-27 для iPhone 14 Pro Max
ocapro,IPHONE 15,Плівка дисплею смартфону захисна,376.5,UAH,Захисне скло Remax 3D GL-27 для iPhone 15
ocapro,IPHONE 15,Плівка дисплею смартфону захисна,353.0,UAH,Захисне скло Remax 3D GL-27 для iPhone 15
ocapro,IPHONE 15 PRO MAX,Плівка дисплею смартфону захисна,376.5,UAH,Захисне скло Remax 3D GL-27 для iPhone 15 Pro Max
ocapro,IPHONE 15 PRO MAX,Плівка дисплею смартфону захисна,353.0,UAH,Захисне скло Remax 3D GL-27 для iPhone 15 Pro Max
ocapro,IPHONE 16,Плівка дисплею смартфону захисна,376.5,UAH,Захисне скло Remax 3D GL-27 для iPhone 16
ocapro,IPHONE 16,Плівка дисплею смартфону захисна,353.0,UAH,Захисне скло Remax 3D GL-27 для iPhone 16
ocapro,IPHONE 16 PRO,Плівка дисплею смартфону захисна,376.5,UAH,Захисне скло Remax 3D GL-27 для iPhone 16 Pro
ocapro,IPHONE 16 PRO,Плівка дисплею смартфону захисна,353.0,UAH,Захисне скло Remax 3D GL-27 для iPhone 16 Pro
ocapro,IPHONE 16 PRO MAX,Плівка дисплею смартфону захисна,376.5,UAH,Захисне скло Remax 3D GL-27 для iPhone 16 Pro Max
ocapro,IPHONE 16 PRO MAX,Плівка дисплею смартфону захисна,353.0,UAH,Захисне скло Remax 3D GL-27 для iPhone 16 Pro Max
ocapro,GALAXY S21,Плівка дисплею смартфону захисна,56.0,UAH,Захисне скло дисплея Galaxy S21 W'element Gorilla 3D HD
ocapro,GALAXY S21,Плівка дисплею смартфону захисна,52.5,UAH,Захисне скло дисплея Galaxy S21 W'element Gorilla 3D HD
ocapro,GALAXY S22 PLUS,Плівка дисплею смартфону захисна,56.0,UAH,Захисне скло дисплея Galaxy S22 Plus W'element Gorilla 3D HD
ocapro,GALAXY S22 PLUS,Плівка дисплею смартфону захисна,52.5,UAH,Захисне скло дисплея Galaxy S22 Plus W'element Gorilla 3D HD
ocapro,GALAXY S22,Плівка дисплею смартфону захисна,56.0,UAH,Захисне скло дисплея Galaxy S22 W'element Gorilla 3D HD
ocapro,GALAXY S22,Плівка дисплею смартфону захисна,52.5,UAH,Захисне скло дисплея Galaxy S22 W'element Gorilla 3D HD
ocapro,GALAXY S23 PLUS,Плівка дисплею смартфону захисна,56.0,UAH,Захисне скло дисплея Galaxy S23 Plus W'element Gorilla 3D HD
ocapro,GALAXY S23 PLUS,Плівка дисплею смартфону захисна,52.5,UAH,Захисне скло дисплея Galaxy S23 Plus W'element Gorilla 3D HD
ocapro,GALAXY S23,Плівка дисплею смартфону захисна,56.0,UAH,Захисне скло дисплея Galaxy S23 W'element Gorilla 3D HD
ocapro,GALAXY S23,Плівка дисплею смартфону захисна,52.5,UAH,Захисне скло дисплея Galaxy S23 W'element Gorilla 3D HD
ocapro,,Плівка дисплею смартфону захисна,56.0,UAH,Захисне скло дисплея Galaxy S24 Plus W'element Gorilla 3D HD
ocapro,,Плівка дисплею смартфону захисна,52.5,UAH,Захисне скло дисплея Galaxy S24 Plus W'element Gorilla 3D HD
ocapro,,Плівка дисплею смартфону захисна,56.0,UAH,Захисне скло дисплея Galaxy S24 Ultra W'element Gorilla 3D HD
ocapro,,Плівка дисплею смартфону захисна,52.5,UAH,Захисне скло дисплея Galaxy S24 Ultra W'element Gorilla 3D HD
ocapro,,Плівка дисплею смартфону захисна,56.0,UAH,Захисне скло дисплея Galaxy S24 W'element Gorilla 3D HD
ocapro,,Плівка дисплею смартфону захисна,52.5,UAH,Захисне скло дисплея Galaxy S24 W'element Gorilla 3D HD
ocapro,IPHONE 11 PRO MAX,Плівка дисплею смартфону захисна,56.0,UAH,Захисне скло дисплея iPhone 11 Pro Max W'element Gorilla 3D HD
ocapro,IPHONE 11 PRO MAX,Плівка дисплею смартфону захисна,52.5,UAH,Захисне скло дисплея iPhone 11 Pro Max W'element Gorilla 3D HD
ocapro,IPHONE 11,Плівка дисплею смартфону захисна,56.0,UAH,Захисне скло дисплея iPhone 11/XR W'element Gorilla 3D HD
ocapro,IPHONE 11,Плівка дисплею смартфону захисна,52.5,UAH,Захисне скло дисплея iPhone 11/XR W'element Gorilla 3D HD
ocapro,IPHONE 12 PRO MAX,Плівка дисплею смартфону захисна,56.0,UAH,Захисне скло дисплея iPhone 12 Pro Max W'element Gorilla 3D HD
ocapro,IPHONE 12 PRO MAX,Плівка дисплею смартфону захисна,52.5,UAH,Захисне скло дисплея iPhone 12 Pro Max W'element Gorilla 3D HD
ocapro,IPHONE 12 PRO,Плівка дисплею смартфону захисна,56.0,UAH,Захисне скло дисплея iPhone 12/12 Pro W'element Gorilla 3D HD
ocapro,IPHONE 12 PRO,Плівка дисплею смартфону захисна,52.5,UAH,Захисне скло дисплея iPhone 12/12 Pro W'element Gorilla 3D HD
ocapro,IPHONE 13 PRO MAX,Плівка дисплею смартфону захисна,56.0,UAH,Захисне скло дисплея iPhone 13 Pro Max/14 Plus W'element Gorilla 3D HD
ocapro,IPHONE 13 PRO MAX,Плівка дисплею смартфону захисна,52.5,UAH,Захисне скло дисплея iPhone 13 Pro Max/14 Plus W'element Gorilla 3D HD
ocapro,IPHONE 13 PRO,Плівка дисплею смартфону захисна,56.0,UAH,Захисне скло дисплея iPhone 13/13 Pro/14 W'element Gorilla 3D HD
ocapro,IPHONE 13 PRO,Плівка дисплею смартфону захисна,52.5,UAH,Захисне скло дисплея iPhone 13/13 Pro/14 W'element Gorilla 3D HD
ocapro,IPHONE 14 PRO MAX,Плівка дисплею смартфону захисна,56.0,UAH,Захисне скло дисплея iPhone 14 Pro Max W'element Gorilla 3D HD
ocapro,IPHONE 14 PRO MAX,Плівка дисплею смартфону захисна,52.5,UAH,Захисне скло дисплея iPhone 14 Pro Max W'element Gorilla 3D HD
ocapro,IPHONE 15 PRO MAX,Плівка дисплею смартфону захисна,56.0,UAH,Захисне скло дисплея iPhone 15 Pro Max W'element Gorilla 3D HD
ocapro,IPHONE 15 PRO MAX,Плівка дисплею смартфону захисна,52.5,UAH,Захисне скло дисплея iPhone 15 Pro Max W'element Gorilla 3D HD
ocapro,IPHONE 15,Плівка дисплею смартфону захисна,56.0,UAH,Захисне скло дисплея iPhone 15 W'element Gorilla 3D HD
ocapro,IPHONE 15,Плівка дисплею смартфону захисна,52.5,UAH,Захисне скло дисплея iPhone 15 W'element Gorilla 3D HD
ocapro,IPHONE 16 PRO MAX,Плівка дисплею смартфону захисна,56.0,UAH,Захисне скло дисплея iPhone 16 Pro Max W'element Gorilla 3D HD
ocapro,IPHONE 16 PRO MAX,Плівка дисплею смартфону захисна,52.5,UAH,Захисне скло дисплея iPhone 16 Pro Max W'element Gorilla 3D HD
ocapro,IPHONE 16 PRO,Плівка дисплею смартфону захисна,56.0,UAH,Захисне скло дисплея iPhone 16 Pro W'element Gorilla 3D HD
ocapro,IPHONE 16 PRO,Плівка дисплею смартфону захисна,52.5,UAH,Захисне скло дисплея iPhone 16 Pro W'element Gorilla 3D HD
ocapro,IPHONE 16,Плівка дисплею смартфону захисна,56.0,UAH,Захисне скло дисплея iPhone 16 W'element Gorilla 3D HD
ocapro,IPHONE 16,Плівка дисплею смартфону захисна,52.5,UAH,Захисне скло дисплея iPhone 16 W'element Gorilla 3D HD
ocapro,IPHONE 8,Плівка дисплею смартфону захисна,56.0,UAH,Захисне скло дисплея iPhone 8 black W'element Gorilla 3D HD
ocapro,IPHONE 8,Плівка дисплею смартфону захисна,52.5,UAH,Захисне скло дисплея iPhone 8 black W'element Gorilla 3D HD
ocapro,IPHONE 8 PLUS,Плівка дисплею смартфону захисна,56.0,UAH,Захисне скло дисплея iPhone 8 Plus black W'element Gorilla 3D HD
ocapro,IPHONE 8 PLUS,Плівка дисплею смартфону захисна,52.5,UAH,Захисне скло дисплея iPhone 8 Plus black W'element Gorilla 3D HD
ocapro,IPHONE 8,Плівка дисплею смартфону захисна,56.0,UAH,Захисне скло дисплея iPhone 8 White W'element Gorilla 3D HD
ocapro,IPHONE 8,Плівка дисплею смартфону захисна,52.5,UAH,Захисне скло дисплея iPhone 8 White W'element Gorilla 3D HD
ocapro,IPHONE 11 PRO,Плівка дисплею смартфону захисна,56.0,UAH,Захисне скло дисплея iPhone X/XS/11 Pro W'element Gorilla 3D HD
ocapro,IPHONE 11 PRO,Плівка дисплею смартфону захисна,52.5,UAH,Захисне скло дисплея iPhone X/XS/11 Pro W'element Gorilla 3D HD
ocapro,IPHONE XS MAX,Плівка дисплею смартфону захисна,56.0,UAH,Захисне скло дисплея iPhone XS MAX W'element Gorilla 3D HD
ocapro,IPHONE XS MAX,Плівка дисплею смартфону захисна,52.5,UAH,Захисне скло дисплея iPhone XS MAX W'element Gorilla 3D HD
ocapro,IPHONE 11,,112.0,UAH,Верхній динамік(speaker) iPhone 11 ORIG
ocapro,IPHONE 11,,105.0,UAH,Верхній динамік(speaker) iPhone 11 ORIG
ocapro,IPHONE 11 PRO MAX,,179.5,UAH,Верхній динамік(speaker) iPhone 11 Pro Max ORIG
ocapro,IPHONE 11 PRO MAX,,168.0,UAH,Верхній динамік(speaker) iPhone 11 Pro Max ORIG
ocapro,IPHONE 11 PRO,,134.5,UAH,Верхній динамік(speaker) iPhone 11 Pro ORIG
ocapro,IPHONE 11 PRO,,126.0,UAH,Верхній динамік(speaker) iPhone 11 Pro ORIG
ocapro,IPHONE 12 MINI,,140.0,UAH,Верхній динамік(speaker) iPhone 12 mini ORIG
ocapro,IPHONE 12 MINI,,131.5,UAH,Верхній динамік(speaker) iPhone 12 mini ORIG
ocapro,IPHONE 12 PRO MAX,,134.5,UAH,Верхній динамік(speaker) iPhone 12 Pro Max ORIG
ocapro,IPHONE 12 PRO MAX,,126.0,UAH,Верхній динамік(speaker) iPhone 12 Pro Max ORIG
ocapro,IPHONE 12 PRO,,174.0,UAH,Верхній динамік(speaker) iPhone 12/12 Pro ORIG
ocapro,IPHONE 12 PRO,,163.0,UAH,Верхній динамік(speaker) iPhone 12/12 Pro ORIG
ocapro,IPHONE 13 MINI,,202.0,UAH,Верхній динамік(speaker) iPhone 13 mini ORIG
ocapro,IPHONE 13 MINI,,189.0,UAH,Верхній динамік(speaker) iPhone 13 mini ORIG
ocapro,IPHONE 13,,123.5,UAH,Верхній динамік(speaker) iPhone 13 ORIG
ocapro,IPHONE 13,,115.5,UAH,Верхній динамік(speaker) iPhone 13 ORIG
ocapro,IPHONE 13 PRO MAX,,129.0,UAH,Верхній динамік(speaker) iPhone 13 Pro Max ORIG
ocapro,IPHONE 13 PRO MAX,,121.0,UAH,Верхній динамік(speaker) iPhone 13 Pro Max ORIG
ocapro,IPHONE 13 PRO,,168.0,UAH,Верхній динамік(speaker) iPhone 13 Pro ORIG
ocapro,IPHONE 13 PRO,,157.5,UAH,Верхній динамік(speaker) iPhone 13 Pro ORIG
ocapro,IPHONE 14,,246.5,UAH,Верхній динамік(speaker) iPhone 14 ORIG
ocapro,IPHONE 14,,231.0,UAH,Верхній динамік(speaker) iPhone 14 ORIG
ocapro,IPHONE 14 PLUS,,246.5,UAH,Верхній динамік(speaker) iPhone 14 Plus ORIG
ocapro,IPHONE 14 PLUS,,231.0,UAH,Верхній динамік(speaker) iPhone 14 Plus ORIG
ocapro,IPHONE 14 PRO MAX,,123.5,UAH,Верхній динамік(speaker) iPhone 14 Pro Max ORIG
ocapro,IPHONE 14 PRO MAX,,115.5,UAH,Верхній динамік(speaker) iPhone 14 Pro Max ORIG
ocapro,IPHONE 14 PRO,,123.5,UAH,Верхній динамік(speaker) iPhone 14 Pro ORIG
ocapro,IPHONE 14 PRO,,115.5,UAH,Верхній динамік(speaker) iPhone 14 Pro ORIG
ocapro,IPHONE 15,,280.0,UAH,Верхній динамік(speaker) iPhone 15 ORIG
ocapro,IPHONE 15,,262.5,UAH,Верхній динамік(speaker) iPhone 15 ORIG
ocapro,IPHONE 15 PLUS,,291.5,UAH,Верхній динамік(speaker) iPhone 15 Plus ORIG
ocapro,IPHONE 15 PLUS,,273.0,UAH,Верхній динамік(speaker) iPhone 15 Plus ORIG
ocapro,IPHONE 15 PRO MAX,,106.5,UAH,Верхній динамік(speaker) iPhone 15 Pro Max ORIG
ocapro,IPHONE 15 PRO MAX,,100.0,UAH,Верхній динамік(speaker) iPhone 15 Pro Max ORIG
ocapro,IPHONE 15 PRO,,146.0,UAH,Верхній динамік(speaker) iPhone 15 Pro ORIG
ocapro,IPHONE 15 PRO,,136.5,UAH,Верхній динамік(speaker) iPhone 15 Pro ORIG
ocapro,IPHONE 16,,403.5,UAH,Верхній динамік(speaker) iPhone 16 ORIG
ocapro,IPHONE 16,,378.0,UAH,Верхній динамік(speaker) iPhone 16 ORIG
ocapro,IPHONE 16 PLUS,,403.5,UAH,Верхній динамік(speaker) iPhone 16 Plus ORIG
ocapro,IPHONE 16 PLUS,,378.0,UAH,Верхній динамік(speaker) iPhone 16 Plus ORIG
ocapro,IPHONE 16 PRO MAX,,213.0,UAH,Верхній динамік(speaker) iPhone 16 Pro Max ORIG
ocapro,IPHONE 16 PRO MAX,,199.5,UAH,Верхній динамік(speaker) iPhone 16 Pro Max ORIG
ocapro,IPHONE 16 PRO,,213.0,UAH,Верхній динамік(speaker) iPhone 16 Pro ORIG
ocapro,IPHONE 16 PRO,,199.5,UAH,Верхній динамік(speaker) iPhone 16 Pro ORIG
ocapro,IPHONE 11,,56.0,UAH,Нижній динамік(buzzer) iPhone 11 ORIG
ocapro,IPHONE 11,,52.5,UAH,Нижній динамік(buzzer) iPhone 11 ORIG
ocapro,IPHONE 11 PRO MAX,,280.0,UAH,Нижній динамік(buzzer) iPhone 11 Pro Max ORIG
ocapro,IPHONE 11 PRO MAX,,262.5,UAH,Нижній динамік(buzzer) iPhone 11 Pro Max ORIG
ocapro,IPHONE 11 PRO,,123.5,UAH,Нижній динамік(buzzer) iPhone 11 Pro ORIG
ocapro,IPHONE 11 PRO,,115.5,UAH,Нижній динамік(buzzer) iPhone 11 Pro ORIG
ocapro,IPHONE 12 MINI,,358.5,UAH,Нижній динамік(buzzer) iPhone 12 mini ORIG
ocapro,IPHONE 12 MINI,,336.0,UAH,Нижній динамік(buzzer) iPhone 12 mini ORIG
ocapro,IPHONE 12,,101.0,UAH,Нижній динамік(buzzer) iPhone 12 ORIG
ocapro,IPHONE 12,,94.5,UAH,Нижній динамік(buzzer) iPhone 12 ORIG
ocapro,IPHONE 12 PRO MAX,,375.5,UAH,Нижній динамік(buzzer) iPhone 12 Pro Max ORIG
ocapro,IPHONE 12 PRO MAX,,352.0,UAH,Нижній динамік(buzzer) iPhone 12 Pro Max ORIG
ocapro,IPHONE 12 PRO,,202.0,UAH,Нижній динамік(buzzer) iPhone 12 Pro ORIG
ocapro,IPHONE 12 PRO,,189.0,UAH,Нижній динамік(buzzer) iPhone 12 Pro ORIG
ocapro,IPHONE 13 MINI,,118.0,UAH,Нижній динамік(buzzer) iPhone 13 mini ORIG
ocapro,IPHONE 13 MINI,,110.5,UAH,Нижній динамік(buzzer) iPhone 13 mini ORIG
ocapro,IPHONE 13,,207.5,UAH,Нижній динамік(buzzer) iPhone 13 ORIG
ocapro,IPHONE 13,,194.5,UAH,Нижній динамік(buzzer) iPhone 13 ORIG
ocapro,IPHONE 13 PRO MAX,,134.5,UAH,Нижній динамік(buzzer) iPhone 13 Pro Max ORIG
ocapro,IPHONE 13 PRO MAX,,126.0,UAH,Нижній динамік(buzzer) iPhone 13 Pro Max ORIG
ocapro,IPHONE 13 PRO,,134.5,UAH,Нижній динамік(buzzer) iPhone 13 Pro ORIG
ocapro,IPHONE 13 PRO,,126.0,UAH,Нижній динамік(buzzer) iPhone 13 Pro ORIG
ocapro,IPHONE 14,,123.5,UAH,Нижній динамік(buzzer) iPhone 14 ORIG
ocapro,IPHONE 14,,115.5,UAH,Нижній динамік(buzzer) iPhone 14 ORIG
ocapro,IPHONE 14 PLUS,,123.5,UAH,Нижній динамік(buzzer) iPhone 14 Plus ORIG
ocapro,IPHONE 14 PLUS,,115.5,UAH,Нижній динамік(buzzer) iPhone 14 Plus ORIG
ocapro,IPHONE 14 PRO MAX,,224.0,UAH,Нижній динамік(buzzer) iPhone 14 Pro Max ORIG
ocapro,IPHONE 14 PRO MAX,,210.0,UAH,Нижній динамік(buzzer) iPhone 14 Pro Max ORIG
ocapro,IPHONE 14 PRO,,224.0,UAH,Нижній динамік(buzzer) iPhone 14 Pro ORIG
ocapro,IPHONE 14 PRO,,210.0,UAH,Нижній динамік(buzzer) iPhone 14 Pro ORIG
ocapro,IPHONE 15,,162.5,UAH,Нижній динамік(buzzer) iPhone 15 ORIG
ocapro,IPHONE 15,,152.5,UAH,Нижній динамік(buzzer) iPhone 15 ORIG
ocapro,IPHONE 15 PLUS,,314.0,UAH,Нижній динамік(buzzer) iPhone 15 Plus ORIG
ocapro,IPHONE 15 PLUS,,294.0,UAH,Нижній динамік(buzzer) iPhone 15 Plus ORIG
ocapro,IPHONE 15 PRO MAX,,134.5,UAH,Нижній динамік(buzzer) iPhone 15 Pro Max ORIG
ocapro,IPHONE 15 PRO MAX,,126.0,UAH,Нижній динамік(buzzer) iPhone 15 Pro Max ORIG
ocapro,IPHONE 15 PRO,,134.5,UAH,Нижній динамік(buzzer) iPhone 15 Pro ORIG
ocapro,IPHONE 15 PRO,,126.0,UAH,Нижній динамік(buzzer) iPhone 15 Pro ORIG
ocapro,IPHONE 16,,683.5,UAH,Нижній динамік(buzzer) iPhone 16 ORIG
ocapro,IPHONE 16,,640.5,UAH,Нижній динамік(buzzer) iPhone 16 ORIG
ocapro,IPHONE 16 PLUS,,795.5,UAH,Нижній динамік(buzzer) iPhone 16 Plus ORIG
ocapro,IPHONE 16 PLUS,,745.5,UAH,Нижній динамік(buzzer) iPhone 16 Plus ORIG
ocapro,IPHONE 16 PRO MAX,,235.5,UAH,Нижній динамік(buzzer) iPhone 16 Pro Max ORIG
ocapro,IPHONE 16 PRO MAX,,220.5,UAH,Нижній динамік(buzzer) iPhone 16 Pro Max ORIG
ocapro,IPHONE 16 PRO,,269.0,UAH,Нижній динамік(buzzer) iPhone 16 Pro ORIG
ocapro,IPHONE 16 PRO,,252.0,UAH,Нижній динамік(buzzer) iPhone 16 Pro ORIG
ocapro,IPHONE 11,,5.0,UAH,Сітка динаміка iPhone 11
ocapro,IPHONE 11,,5.0,UAH,Сітка динаміка iPhone 11
ocapro,IPHONE 11 PRO,,6.0,UAH,Сітка динаміка iPhone 11 Pro/ProMax
ocapro,IPHONE 11 PRO,,5.5,UAH,Сітка динаміка iPhone 11 Pro/ProMax
ocapro,IPHONE 12,,6.0,UAH,Сітка динаміка iPhone 12
ocapro,IPHONE 12,,5.5,UAH,Сітка динаміка iPhone 12
ocapro,IPHONE 13 MINI,,11.5,UAH,Сітка динаміка iPhone 13/13 mini /13p/13pm
ocapro,IPHONE 13 MINI,,11.0,UAH,Сітка динаміка iPhone 13/13 mini /13p/13pm
ocapro,IPHONE 14 PRO MAX,,13.5,UAH,Сітка динаміка iPhone 14 Pro/14 Pro Max
ocapro,IPHONE 14 PRO MAX,,13.0,UAH,Сітка динаміка iPhone 14 Pro/14 Pro Max
ocapro,IPHONE 15 PRO MAX,,13.5,UAH,Сітка динаміка iPhone 15 Pro/15 Pro Max
ocapro,IPHONE 15 PRO MAX,,13.0,UAH,Сітка динаміка iPhone 15 Pro/15 Pro Max
ocapro,IPHONE 15 PLUS,,13.5,UAH,Сітка динаміка iPhone 15/15 Plus
ocapro,IPHONE 15 PLUS,,13.0,UAH,Сітка динаміка iPhone 15/15 Plus
ocapro,IPHONE 6,,2.0,UAH,Сітка динаміка iPhone 6/6+
ocapro,IPHONE 6,,2.0,UAH,Сітка динаміка iPhone 6/6+
ocapro,IPHONE 6S,,3.0,UAH,Сітка динаміка iPhone 6s/6s+
ocapro,IPHONE 6S,,3.0,UAH,Сітка динаміка iPhone 6s/6s+
ocapro,IPHONE 8,,3.5,UAH,Сітка динаміка iPhone 7/8
ocapro,IPHONE 8,,3.5,UAH,Сітка динаміка iPhone 7/8
ocapro,IPHONE 8,,4.5,UAH,Сітка динаміка iPhone 7+/8+
ocapro,IPHONE 8,,4.0,UAH,Сітка динаміка iPhone 7+/8+
ocapro,IPHONE X,,3.5,UAH,Сітка динаміка iPhone X
ocapro,IPHONE X,,3.5,UAH,Сітка динаміка iPhone X
ocapro,,Дисплейний модуль,6517.0,UAH,Дисплей 11 Pro Max (биток)
ocapro,,Дисплейний модуль,6051.5,UAH,Дисплей 11 Pro Max (биток)
ocapro,,Дисплейний модуль,7840.0,UAH,Дисплей 12 Pro Max (биток)
ocapro,,Дисплейний модуль,7280.0,UAH,Дисплей 12 Pro Max (биток)
ocapro,IPHONE 11,Дисплейний модуль,1078.0,UAH,Дисплей iPhone 11 Ориг (биток) Тач +
ocapro,IPHONE 11,Дисплейний модуль,1001.0,UAH,Дисплей iPhone 11 Ориг (биток) Тач +
ocapro,IPHONE XR,Дисплейний модуль,519.5,UAH,Дисплей iPhone XR Ориг (биток) Тач +
ocapro,IPHONE XR,Дисплейний модуль,482.5,UAH,Дисплей iPhone XR Ориг (биток) Тач +
ocapro,IPHONE 11,Витратні матеріали для монтажу,986.0,UAH,Дисплей iPhone 11 ORIG (переклей)
ocapro,IPHONE 11,Витратні матеріали для монтажу,924.0,UAH,Дисплей iPhone 11 ORIG (переклей)
ocapro,IPHONE 11,Витратні матеріали для монтажу,1120.0,UAH,Дисплей iPhone 11 ORIG (переклей/touch orig)
ocapro,IPHONE 11,Витратні матеріали для монтажу,1050.0,UAH,Дисплей iPhone 11 ORIG (переклей/touch orig)
ocapro,IPHONE 11 PRO MAX,Витратні матеріали для монтажу,3248.0,UAH,Дисплей iPhone 11 PRO MAX ORIG (переклей)
ocapro,IPHONE 11 PRO MAX,Витратні матеріали для монтажу,3045.0,UAH,Дисплей iPhone 11 PRO MAX ORIG (переклей)
ocapro,IPHONE 11 PRO MAX,Витратні матеріали для монтажу,4256.0,UAH,Дисплей iPhone 11 PRO MAX ORIG (переклей/touch orig)
ocapro,IPHONE 11 PRO MAX,Витратні матеріали для монтажу,3990.0,UAH,Дисплей iPhone 11 PRO MAX ORIG (переклей/touch orig)
ocapro,IPHONE 11 PRO,Витратні матеріали для монтажу,2408.0,UAH,Дисплей iPhone 11 PRO ORIG (переклей)
ocapro,IPHONE 11 PRO,Витратні матеріали для монтажу,2257.5,UAH,Дисплей iPhone 11 PRO ORIG (переклей)
ocapro,IPHONE 11 PRO,Витратні матеріали для монтажу,3360.0,UAH,Дисплей iPhone 11 PRO ORIG (переклей/tp orig)
ocapro,IPHONE 11 PRO,Витратні матеріали для монтажу,3150.0,UAH,Дисплей iPhone 11 PRO ORIG (переклей/tp orig)
ocapro,IPHONE 12 MINI,Витратні матеріали для монтажу,3808.0,UAH,Дисплей iPhone 12 mini ORIG (переклей)
ocapro,IPHONE 12 MINI,Витратні матеріали для монтажу,3570.0,UAH,Дисплей iPhone 12 mini ORIG (переклей)
ocapro,IPHONE 12 PRO MAX,Витратні матеріали для монтажу,5264.0,UAH,Дисплей iPhone 12 PRO MAX ORIG (переклей)
ocapro,IPHONE 12 PRO MAX,Витратні матеріали для монтажу,4935.0,UAH,Дисплей iPhone 12 PRO MAX ORIG (переклей)
ocapro,IPHONE 12 PRO,Витратні матеріали для монтажу,2632.0,UAH,Дисплей iPhone 12/12 PRO ORIG (переклей)
ocapro,IPHONE 12 PRO,Витратні матеріали для монтажу,2467.5,UAH,Дисплей iPhone 12/12 PRO ORIG (переклей)
ocapro,IPHONE 12 PRO,Витратні матеріали для монтажу,3024.0,UAH,Дисплей iPhone 12/12 PRO ORIG (переклей/touch orig)
ocapro,IPHONE 12 PRO,Витратні матеріали для монтажу,2835.0,UAH,Дисплей iPhone 12/12 PRO ORIG (переклей/touch orig)
ocapro,IPHONE 6,Витратні матеріали для монтажу,504.0,UAH,Дисплей iPhone 6 Black (переклей)
ocapro,IPHONE 6,Витратні матеріали для монтажу,472.5,UAH,Дисплей iPhone 6 Black (переклей)
ocapro,IPHONE 6 PLUS,Витратні матеріали для монтажу,1198.5,UAH,Дисплей iPhone 6 Plus Black (переклей)
ocapro,IPHONE 6 PLUS,Витратні матеріали для монтажу,1123.5,UAH,Дисплей iPhone 6 Plus Black (переклей)
ocapro,IPHONE 6 PLUS,Витратні матеріали для монтажу,1198.5,UAH,Дисплей iPhone 6 Plus White (переклей)
ocapro,IPHONE 6 PLUS,Витратні матеріали для монтажу,1123.5,UAH,Дисплей iPhone 6 Plus White (переклей)
ocapro,IPHONE 6,Витратні матеріали для монтажу,504.0,UAH,Дисплей iPhone 6 White (переклей)
ocapro,IPHONE 6,Витратні матеріали для монтажу,472.5,UAH,Дисплей iPhone 6 White (переклей)
ocapro,IPHONE 6S,Витратні матеріали для монтажу,672.0,UAH,Дисплей iPhone 6S Black (переклей)
ocapro,IPHONE 6S,Витратні матеріали для монтажу,630.0,UAH,Дисплей iPhone 6S Black (переклей)
ocapro,IPHONE 6S PLUS,Витратні матеріали для монтажу,974.5,UAH,Дисплей iPhone 6S Plus Black (переклей)
ocapro,IPHONE 6S PLUS,Витратні матеріали для монтажу,913.5,UAH,Дисплей iPhone 6S Plus Black (переклей)
ocapro,IPHONE 6S PLUS,Витратні матеріали для монтажу,974.5,UAH,Дисплей iPhone 6S Plus White (переклей)
ocapro,IPHONE 6S PLUS,Витратні матеріали для монтажу,913.5,UAH,Дисплей iPhone 6S Plus White (переклей)
ocapro,IPHONE 6S,Витратні матеріали для монтажу,672.0,UAH,Дисплей iPhone 6S White (переклей)
ocapro,IPHONE 6S,Витратні матеріали для монтажу,630.0,UAH,Дисплей iPhone 6S White (переклей)
ocapro,IPHONE 7,Витратні матеріали для монтажу,683.5,UAH,Дисплей iPhone 7 Black (переклей)
ocapro,IPHONE 7,Витратні матеріали для монтажу,640.5,UAH,Дисплей iPhone 7 Black (переклей)
ocapro,IPHONE 7 PLUS,Витратні матеріали для монтажу,784.0,UAH,Дисплей iPhone 7 Plus Black (переклей)
ocapro,IPHONE 7 PLUS,Витратні матеріали для монтажу,735.0,UAH,Дисплей iPhone 7 Plus Black (переклей)
ocapro,IPHONE 7 PLUS,Витратні матеріали для монтажу,1400.0,UAH,Дисплей iPhone 7 Plus Black DTP LG (переклей)
ocapro,IPHONE 7 PLUS,Витратні матеріали для монтажу,1312.5,UAH,Дисплей iPhone 7 Plus Black DTP LG (переклей)
ocapro,IPHONE 7 PLUS,Витратні матеріали для монтажу,840.0,UAH,Дисплей iPhone 7 Plus White (переклей)
ocapro,IPHONE 7 PLUS,Витратні матеріали для монтажу,787.5,UAH,Дисплей iPhone 7 Plus White (переклей)
ocapro,IPHONE 7 PLUS,Витратні матеріали для монтажу,1400.0,UAH,Дисплей iPhone 7 Plus White DTP LG (переклей)
ocapro,IPHONE 7 PLUS,Витратні матеріали для монтажу,1312.5,UAH,Дисплей iPhone 7 Plus White DTP LG (переклей)
ocapro,IPHONE 7,Витратні матеріали для монтажу,728.0,UAH,Дисплей iPhone 7 White (переклей)
ocapro,IPHONE 7,Витратні матеріали для монтажу,682.5,UAH,Дисплей iPhone 7 White (переклей)
ocapro,IPHONE 8 PLUS,Витратні матеріали для монтажу,918.5,UAH,Дисплей iPhone 8 Plus Black (переклей)
ocapro,IPHONE 8 PLUS,Витратні матеріали для монтажу,861.0,UAH,Дисплей iPhone 8 Plus Black (переклей)
ocapro,IPHONE 8 PLUS,Витратні матеріали для монтажу,1736.0,UAH,Дисплей iPhone 8 Plus Black DTP (переклей)
ocapro,IPHONE 8 PLUS,Витратні матеріали для монтажу,1627.5,UAH,Дисплей iPhone 8 Plus Black DTP (переклей)
ocapro,IPHONE 8 PLUS,Витратні матеріали для монтажу,896.0,UAH,Дисплей iPhone 8 Plus White (переклей)
ocapro,IPHONE 8 PLUS,Витратні матеріали для монтажу,840.0,UAH,Дисплей iPhone 8 Plus White (переклей)
ocapro,IPHONE 8 PLUS,Витратні матеріали для монтажу,1624.0,UAH,Дисплей iPhone 8 Plus White DTP (переклей)
ocapro,IPHONE 8 PLUS,Витратні матеріали для монтажу,1522.5,UAH,Дисплей iPhone 8 Plus White DTP (переклей)
ocapro,IPHONE SE,Витратні матеріали для монтажу,784.0,UAH,Дисплей iPhone 8/SE 2 Black (переклей)
ocapro,IPHONE SE,Витратні матеріали для монтажу,735.0,UAH,Дисплей iPhone 8/SE 2 Black (переклей)
ocapro,IPHONE SE,Витратні матеріали для монтажу,728.0,UAH,Дисплей iPhone 8/SE 2 White (переклей)
ocapro,IPHONE SE,Витратні матеріали для монтажу,682.5,UAH,Дисплей iPhone 8/SE 2 White (переклей)
ocapro,IPHONE X,Витратні матеріали для монтажу,1904.0,UAH,Дисплей iPhone X ORIG (переклей)
ocapro,IPHONE X,Витратні матеріали для монтажу,1785.0,UAH,Дисплей iPhone X ORIG (переклей)
ocapro,IPHONE X,Витратні матеріали для монтажу,2464.0,UAH,Дисплей iPhone X ORIG (переклей/touch orig)
ocapro,IPHONE X,Витратні матеріали для монтажу,2310.0,UAH,Дисплей iPhone X ORIG (переклей/touch orig)
ocapro,IPHONE XR,Витратні матеріали для монтажу,930.0,UAH,Дисплей iPhone XR ORIG (переклей)
ocapro,IPHONE XR,Витратні матеріали для монтажу,871.5,UAH,Дисплей iPhone XR ORIG (переклей)
ocapro,IPHONE XR,Витратні матеріали для монтажу,1120.0,UAH,Дисплей iPhone XR ORIG (переклей/touch orig)
ocapro,IPHONE XR,Витратні матеріали для монтажу,1050.0,UAH,Дисплей iPhone XR ORIG (переклей/touch orig)
ocapro,IPHONE XS MAX,Витратні матеріали для монтажу,2520.0,UAH,Дисплей iPhone XS MAX ORIG (переклей)
ocapro,IPHONE XS MAX,Витратні матеріали для монтажу,2362.5,UAH,Дисплей iPhone XS MAX ORIG (переклей)
ocapro,IPHONE XS MAX,Витратні матеріали для монтажу,4088.0,UAH,Дисплей iPhone XS MAX ORIG (переклей/touch orig)
ocapro,IPHONE XS MAX,Витратні матеріали для монтажу,3832.5,UAH,Дисплей iPhone XS MAX ORIG (переклей/touch orig)
ocapro,IPHONE XS,Витратні матеріали для монтажу,1960.0,UAH,Дисплей iPhone XS ORIG (переклей)
ocapro,IPHONE XS,Витратні матеріали для монтажу,1837.5,UAH,Дисплей iPhone XS ORIG (переклей)
ocapro,IPHONE XS,Витратні матеріали для монтажу,2912.0,UAH,Дисплей iPhone XS ORIG (переклей/touch orig)
ocapro,IPHONE XS,Витратні матеріали для монтажу,2730.0,UAH,Дисплей iPhone XS ORIG (переклей/touch orig)
ocapro,IPHONE 11,Дисплейний модуль,1050.0,UAH,Дисплей iPhone 11 JK TFT
ocapro,IPHONE 11,Дисплейний модуль,980.0,UAH,Дисплей iPhone 11 JK TFT
ocapro,IPHONE 11 PRO,Дисплейний модуль,1050.0,UAH,Дисплей iPhone 11 Pro JK TFT
ocapro,IPHONE 11 PRO,Дисплейний модуль,980.0,UAH,Дисплей iPhone 11 Pro JK TFT
ocapro,IPHONE 11 PRO MAX,Дисплейний модуль,1984.5,UAH,Дисплей iPhone 11 Pro Max JK SOFT OLED
ocapro,IPHONE 11 PRO MAX,Дисплейний модуль,1852.5,UAH,Дисплей iPhone 11 Pro Max JK SOFT OLED
ocapro,IPHONE 12 PRO MAX,Дисплейний модуль,3990.0,UAH,Дисплей iPhone 12 Pro Max OLED DD
ocapro,IPHONE 12 PRO MAX,Дисплейний модуль,3724.0,UAH,Дисплей iPhone 12 Pro Max OLED DD
ocapro,IPHONE 16 PLUS,Дисплейний модуль,3360.0,UAH,Дисплей iPhone 16 Plus OLED Soft 120 Hz
ocapro,IPHONE 16 PLUS,Дисплейний модуль,3136.0,UAH,Дисплей iPhone 16 Plus OLED Soft 120 Hz
ocapro,IPHONE X,Дисплейний модуль,1102.5,UAH,Дисплей iPhone X JK TFT
ocapro,IPHONE X,Дисплейний модуль,1029.0,UAH,Дисплей iPhone X JK TFT
ocapro,IPHONE XR,Дисплейний модуль,1050.0,UAH,Дисплей iPhone XR JK TFT
ocapro,IPHONE XR,Дисплейний модуль,980.0,UAH,Дисплей iPhone XR JK TFT
ocapro,IPHONE XS,Дисплейний модуль,1050.0,UAH,Дисплей iPhone XS JK TFT
ocapro,IPHONE XS,Дисплейний модуль,980.0,UAH,Дисплей iPhone XS JK TFT
ocapro,,Дисплейний модуль,2152.5,UAH,Дисплей iPhone XSMax JK SOFT OLED
ocapro,,Дисплейний модуль,2009.0,UAH,Дисплей iPhone XSMax JK SOFT OLED
ocapro,,Дисплейний модуль,1207.5,UAH,Дисплей iPhone XSMax JK TFT
ocapro,,Дисплейний модуль,1127.0,UAH,Дисплей iPhone XSMax JK TFT
ocapro,IPHONE 12 PRO MAX,Витратні матеріали для монтажу,5880.0,UAH,Дисплей iPhone 12 PRO MAX ORIG (переклей) З діагностикою
ocapro,IPHONE 12 PRO MAX,Витратні матеріали для монтажу,5460.0,UAH,Дисплей iPhone 12 PRO MAX ORIG (переклей) З діагностикою
ocapro,IPHONE 12 PRO,Витратні матеріали для монтажу,3038.0,UAH,Дисплей iPhone 12/12 PRO ORIG (переклей) З діагностикою
ocapro,IPHONE 12 PRO,Витратні матеріали для монтажу,2821.0,UAH,Дисплей iPhone 12/12 PRO ORIG (переклей) З діагностикою
ocapro,IPHONE 13,Витратні матеріали для монтажу,3430.0,UAH,Дисплей iPhone 13 ORIG (переклей) З діагностикою
ocapro,IPHONE 13,Витратні матеріали для монтажу,3185.0,UAH,Дисплей iPhone 13 ORIG (переклей) З діагностикою
ocapro,IPHONE 13 PRO MAX,Витратні матеріали для монтажу,5586.0,UAH,Дисплей iPhone 13 Pro Max ORIG (переклей) З діагностикою
ocapro,IPHONE 13 PRO MAX,Витратні матеріали для монтажу,5187.0,UAH,Дисплей iPhone 13 Pro Max ORIG (переклей) З діагностикою
ocapro,IPHONE 13 PRO,Витратні матеріали для монтажу,4410.0,UAH,Дисплей iPhone 13 Pro ORIG (переклей) З діагностикою
ocapro,IPHONE 13 PRO,Витратні матеріали для монтажу,4095.0,UAH,Дисплей iPhone 13 Pro ORIG (переклей) З діагностикою
ocapro,IPHONE 14,Витратні матеріали для монтажу,3528.0,UAH,Дисплей iPhone 14 ORIG (переклей) З діагностикою
ocapro,IPHONE 14,Витратні матеріали для монтажу,3276.0,UAH,Дисплей iPhone 14 ORIG (переклей) З діагностикою
ocapro,IPHONE 14 PRO MAX,Витратні матеріали для монтажу,7840.0,UAH,Дисплей iPhone 14 Pro Max ORIG (переклей) З діагностикою
ocapro,IPHONE 14 PRO MAX,Витратні матеріали для монтажу,7280.0,UAH,Дисплей iPhone 14 Pro Max ORIG (переклей) З діагностикою
ocapro,IPHONE 14 PRO,Витратні матеріали для монтажу,6860.0,UAH,Дисплей iPhone 14 Pro ORIG (переклей) З діагностикою
ocapro,IPHONE 14 PRO,Витратні матеріали для монтажу,6370.0,UAH,Дисплей iPhone 14 Pro ORIG (переклей) З діагностикою
ocapro,IPHONE 15,Витратні матеріали для монтажу,6370.0,UAH,Дисплей iPhone 15 ORIG (переклей) З діагностикою
ocapro,IPHONE 15,Витратні матеріали для монтажу,5915.0,UAH,Дисплей iPhone 15 ORIG (переклей) З діагностикою
ocapro,IPHONE 15 PRO MAX,Витратні матеріали для монтажу,9996.0,UAH,Дисплей iPhone 15 Pro Max ORIG (переклей) З діагностикою
ocapro,IPHONE 15 PRO MAX,Витратні матеріали для монтажу,9282.0,UAH,Дисплей iPhone 15 Pro Max ORIG (переклей) З діагностикою
ocapro,IPHONE 15 PRO,Витратні матеріали для монтажу,9996.0,UAH,Дисплей iPhone 15 Pro ORIG (переклей) З діагностикою
ocapro,IPHONE 15 PRO,Витратні матеріали для монтажу,9282.0,UAH,Дисплей iPhone 15 Pro ORIG (переклей) З діагностикою
ocapro,IPHONE 16 PRO MAX,Витратні матеріали для монтажу,19698.0,UAH,Дисплей iPhone 16 Pro Max ORIG (переклей) З діагностикою
ocapro,IPHONE 16 PRO MAX,Витратні матеріали для монтажу,18291.0,UAH,Дисплей iPhone 16 Pro Max ORIG (переклей) З діагностикою
ocapro,IPHONE 16 PRO,Витратні матеріали для монтажу,16268.0,UAH,Дисплей iPhone 16 Pro ORIG (переклей) З діагностикою
ocapro,IPHONE 16 PRO,Витратні матеріали для монтажу,15106.0,UAH,Дисплей iPhone 16 Pro ORIG (переклей) З діагностикою
ocapro,IPHONE 11,Дисплейний модуль,1820.0,UAH,Дисплей iPhone 11 ORIG (знятий)
ocapro,IPHONE 11,Дисплейний модуль,1680.0,UAH,Дисплей iPhone 11 ORIG (знятий)
ocapro,IPHONE 12 MINI,Дисплейний модуль,5960.5,UAH,Дисплей iPhone 12 mini ORIG (знятий)
ocapro,IPHONE 12 MINI,Дисплейний модуль,5502.0,UAH,Дисплей iPhone 12 mini ORIG (знятий)
ocapro,IPHONE 12,Дисплейний модуль,3185.0,UAH,Дисплей iPhone 12 ORIG 100% (знятий)
ocapro,IPHONE 12,Дисплейний модуль,2940.0,UAH,Дисплей iPhone 12 ORIG 100% (знятий)
ocapro,IPHONE X,Дисплейний модуль,2275.0,UAH,Дисплей iPhone X ORIG (знятий)
ocapro,IPHONE X,Дисплейний модуль,2100.0,UAH,Дисплей iPhone X ORIG (знятий)
ocapro,IPHONE XR,Дисплейний модуль,1001.0,UAH,Дисплей iPhone XR ORIG 100% (знятий)
ocapro,IPHONE XR,Дисплейний модуль,924.0,UAH,Дисплей iPhone XR ORIG 100% (знятий)
ocapro,IPHONE XS,Дисплейний модуль,3185.0,UAH,Дисплей iPhone XS ORIG (знятий)
ocapro,IPHONE XS,Дисплейний модуль,2940.0,UAH,Дисплей iPhone XS ORIG (знятий)
ocapro,IPHONE 13 MINI,Витратні матеріали для монтажу,6272.0,UAH,Дисплей iPhone 13 mini ORIG (переклей)
ocapro,IPHONE 13 MINI,Витратні матеріали для монтажу,5824.0,UAH,Дисплей iPhone 13 mini ORIG (переклей)
ocapro,IPHONE 13,Витратні матеріали для монтажу,3038.0,UAH,Дисплей iPhone 13 ORIG (переклей)
ocapro,IPHONE 13,Витратні матеріали для монтажу,2821.0,UAH,Дисплей iPhone 13 ORIG (переклей)
ocapro,IPHONE 13 PRO MAX,Витратні матеріали для монтажу,5096.0,UAH,Дисплей iPhone 13 Pro Max ORIG (переклей)
ocapro,IPHONE 13 PRO MAX,Витратні матеріали для монтажу,4732.0,UAH,Дисплей iPhone 13 Pro Max ORIG (переклей)
ocapro,IPHONE 13 PRO,Витратні матеріали для монтажу,4116.0,UAH,Дисплей iPhone 13 Pro ORIG (переклей)
ocapro,IPHONE 13 PRO,Витратні матеріали для монтажу,3822.0,UAH,Дисплей iPhone 13 Pro ORIG (переклей)
ocapro,IPHONE 14,Витратні матеріали для монтажу,3430.0,UAH,Дисплей iPhone 14 ORIG (переклей)
ocapro,IPHONE 14,Витратні матеріали для монтажу,3185.0,UAH,Дисплей iPhone 14 ORIG (переклей)
ocapro,IPHONE 14 PLUS,Витратні матеріали для монтажу,4998.0,UAH,Дисплей iPhone 14 Plus ORIG (переклей)
ocapro,IPHONE 14 PLUS,Витратні матеріали для монтажу,4641.0,UAH,Дисплей iPhone 14 Plus ORIG (переклей)
ocapro,IPHONE 14 PRO MAX,Витратні матеріали для монтажу,7056.0,UAH,Дисплей iPhone 14 Pro Max ORIG (переклей)
ocapro,IPHONE 14 PRO MAX,Витратні матеріали для монтажу,6552.0,UAH,Дисплей iPhone 14 Pro Max ORIG (переклей)
ocapro,IPHONE 14 PRO,Витратні матеріали для монтажу,5880.0,UAH,Дисплей iPhone 14 Pro ORIG (переклей)
ocapro,IPHONE 14 PRO,Витратні матеріали для монтажу,5460.0,UAH,Дисплей iPhone 14 Pro ORIG (переклей)
ocapro,IPHONE 15,Витратні матеріали для монтажу,5586.0,UAH,Дисплей iPhone 15 ORIG переклей
ocapro,IPHONE 15,Витратні матеріали для монтажу,5187.0,UAH,Дисплей iPhone 15 ORIG переклей
ocapro,IPHONE 15 PLUS,Витратні матеріали для монтажу,5586.0,UAH,Дисплей iPhone 15 Plus ORIG переклей
ocapro,IPHONE 15 PLUS,Витратні матеріали для монтажу,5187.0,UAH,Дисплей iPhone 15 Plus ORIG переклей
ocapro,IPHONE 15 PRO MAX,Витратні матеріали для монтажу,9212.0,UAH,Дисплей iPhone 15 Pro Max ORIG (переклей)
ocapro,IPHONE 15 PRO MAX,Витратні матеріали для монтажу,8554.0,UAH,Дисплей iPhone 15 Pro Max ORIG (переклей)
ocapro,IPHONE 15 PRO,Витратні матеріали для монтажу,9212.0,UAH,Дисплей iPhone 15 Pro ORIG переклей
ocapro,IPHONE 15 PRO,Витратні матеріали для монтажу,8554.0,UAH,Дисплей iPhone 15 Pro ORIG переклей
ocapro,IPHONE 16,Витратні матеріали для монтажу,7350.0,UAH,Дисплей iPhone 16 ORIG переклей
ocapro,IPHONE 16,Витратні матеріали для монтажу,6825.0,UAH,Дисплей iPhone 16 ORIG переклей
ocapro,IPHONE 16 PLUS,Витратні матеріали для монтажу,6860.0,UAH,Дисплей iPhone 16 Plus ORIG переклей
ocapro,IPHONE 16 PLUS,Витратні матеріали для монтажу,6370.0,UAH,Дисплей iPhone 16 Plus ORIG переклей
ocapro,IPHONE 16 PRO MAX,Витратні матеріали для монтажу,12936.0,UAH,Дисплей iPhone 16 Pro Max ORIG (переклей)
ocapro,IPHONE 16 PRO MAX,Витратні матеріали для монтажу,12012.0,UAH,Дисплей iPhone 16 Pro Max ORIG (переклей)
ocapro,IPHONE 16 PRO,Витратні матеріали для монтажу,9457.0,UAH,Дисплей iPhone 16 Pro ORIG переклей
ocapro,IPHONE 16 PRO,Витратні матеріали для монтажу,8781.5,UAH,Дисплей iPhone 16 Pro ORIG переклей
ocapro,IPHONE 17,Витратні матеріали для монтажу,11074.0,UAH,Дисплей iPhone 17 ORIG переклей
ocapro,IPHONE 17,Витратні матеріали для монтажу,10283.0,UAH,Дисплей iPhone 17 ORIG переклей
ocapro,IPHONE 17 PRO MAX,Витратні матеріали для монтажу,16170.0,UAH,Дисплей iPhone 17 Pro Max ORIG переклей
ocapro,IPHONE 17 PRO MAX,Витратні матеріали для монтажу,15015.0,UAH,Дисплей iPhone 17 Pro Max ORIG переклей
ocapro,IPHONE 17 PRO,Витратні матеріали для монтажу,13818.0,UAH,Дисплей iPhone 17 Pro ORIG переклей
ocapro,IPHONE 17 PRO,Витратні матеріали для монтажу,12831.0,UAH,Дисплей iPhone 17 Pro ORIG переклей
ocapro,,,73.0,UAH,100 PCS Front Camera (Large) Sponge Foam X-12
ocapro,,,68.5,UAH,100 PCS Front Camera (Large) Sponge Foam X-12
ocapro,,,73.0,UAH,100 PCS Front Camera (Small) Sponge Foam X-13
ocapro,,,68.5,UAH,100 PCS Front Camera (Small) Sponge Foam X-13
ocapro,,,73.0,UAH,100pcs Sensor Foam Sponge X-11 pm
ocapro,,,68.5,UAH,100pcs Sensor Foam Sponge X-11 pm
ocapro,,,526.5,UAH,Cтікер для зняття OCA SJ (4000 шт)
ocapro,,,493.5,UAH,Cтікер для зняття OCA SJ (4000 шт)
ocapro,,,2240.0,UAH,Front Camera Anti-Dust Protection Sticker 12 mm 10000 шт
ocapro,,,2100.0,UAH,Front Camera Anti-Dust Protection Sticker 12 mm 10000 шт
ocapro,,,1702.5,UAH,Front Camera Anti-Dust Protection Sticker 7 mm 10000 шт
ocapro,,,1596.0,UAH,Front Camera Anti-Dust Protection Sticker 7 mm 10000 шт
ocapro,IPHONE 11,,2.5,UAH,Держатель датчиков и фронт. камеры iPhone 11
ocapro,IPHONE 11,,2.5,UAH,Держатель датчиков и фронт. камеры iPhone 11
ocapro,IPHONE 11 PRO,,2.5,UAH,Держатель датчиков и фронт. камеры iPhone 11 Pro/Pro Max
ocapro,IPHONE 11 PRO,,2.5,UAH,Держатель датчиков и фронт. камеры iPhone 11 Pro/Pro Max
ocapro,IPHONE X,,2.5,UAH,Держатель датчиков и фронт. камеры iPhone X
ocapro,IPHONE X,,2.5,UAH,Держатель датчиков и фронт. камеры iPhone X
ocapro,IPHONE XR,,2.5,UAH,Держатель датчиков и фронт. камеры iPhone XR
ocapro,IPHONE XR,,2.5,UAH,Держатель датчиков и фронт. камеры iPhone XR
ocapro,IPHONE XS MAX,,2.5,UAH,Держатель датчиков и фронт. камеры iPhone XS/XS Max
ocapro,IPHONE XS MAX,,2.5,UAH,Держатель датчиков и фронт. камеры iPhone XS/XS Max
ocapro,IPHONE 11,,17.5,UAH,Кольцо камери iPhone 11 Black
ocapro,IPHONE 11,,16.0,UAH,Кольцо камери iPhone 11 Black
ocapro,IPHONE 11,,17.5,UAH,Кольцо камеры iPhone 11 Green
ocapro,IPHONE 11,,16.0,UAH,Кольцо камеры iPhone 11 Green
ocapro,IPHONE 11 PRO,,28.5,UAH,Кольцо камеры iPhone 11 Pro/Pro Max Black
ocapro,IPHONE 11 PRO,,26.5,UAH,Кольцо камеры iPhone 11 Pro/Pro Max Black
ocapro,IPHONE 11 PRO,,28.5,UAH,Кольцо камеры iPhone 11 Pro/Pro Max Gold
ocapro,IPHONE 11 PRO,,26.5,UAH,Кольцо камеры iPhone 11 Pro/Pro Max Gold
ocapro,IPHONE 11 PRO,,28.5,UAH,Кольцо камеры iPhone 11 Pro/Pro Max Green
ocapro,IPHONE 11 PRO,,26.5,UAH,Кольцо камеры iPhone 11 Pro/Pro Max Green
ocapro,IPHONE 11 PRO,,28.5,UAH,Кольцо камеры iPhone 11 Pro/Pro Max Silver
ocapro,IPHONE 11 PRO,,26.5,UAH,Кольцо камеры iPhone 11 Pro/Pro Max Silver
ocapro,IPHONE 11,,17.5,UAH,Кольцо камеры iPhone 11 Purple
ocapro,IPHONE 11,,16.0,UAH,Кольцо камеры iPhone 11 Purple
ocapro,IPHONE 11,,17.5,UAH,Кольцо камеры iPhone 11 Red
ocapro,IPHONE 11,,16.0,UAH,Кольцо камеры iPhone 11 Red
ocapro,IPHONE 11,,17.5,UAH,Кольцо камеры iPhone 11 Silver
ocapro,IPHONE 11,,16.0,UAH,Кольцо камеры iPhone 11 Silver
ocapro,IPHONE 11,,17.5,UAH,Кольцо камеры iPhone 11 Yellow
ocapro,IPHONE 11,,16.0,UAH,Кольцо камеры iPhone 11 Yellow
ocapro,IPHONE 12,,17.5,UAH,Кольцо камеры iPhone 12 Black
ocapro,IPHONE 12,,16.0,UAH,Кольцо камеры iPhone 12 Black
ocapro,IPHONE 12,,17.5,UAH,Кольцо камеры iPhone 12 Blue
ocapro,IPHONE 12,,16.0,UAH,Кольцо камеры iPhone 12 Blue
ocapro,IPHONE 12,,17.5,UAH,Кольцо камеры iPhone 12 Green
ocapro,IPHONE 12,,16.0,UAH,Кольцо камеры iPhone 12 Green
ocapro,IPHONE 12 PRO,,28.5,UAH,Кольцо камеры iPhone 12 Pro Black
ocapro,IPHONE 12 PRO,,26.5,UAH,Кольцо камеры iPhone 12 Pro Black
ocapro,IPHONE 12 PRO,,28.5,UAH,Кольцо камеры iPhone 12 Pro Blue
ocapro,IPHONE 12 PRO,,26.5,UAH,Кольцо камеры iPhone 12 Pro Blue
ocapro,IPHONE 12 PRO,,28.5,UAH,Кольцо камеры iPhone 12 Pro Gold
ocapro,IPHONE 12 PRO,,26.5,UAH,Кольцо камеры iPhone 12 Pro Gold
ocapro,IPHONE 12 PRO MAX,,36.5,UAH,Кольцо камеры iPhone 12 Pro Max Black
ocapro,IPHONE 12 PRO MAX,,34.0,UAH,Кольцо камеры iPhone 12 Pro Max Black
ocapro,IPHONE 12 PRO MAX,,36.5,UAH,Кольцо камеры iPhone 12 Pro Max Blue
ocapro,IPHONE 12 PRO MAX,,34.0,UAH,Кольцо камеры iPhone 12 Pro Max Blue
ocapro,IPHONE 12 PRO MAX,,36.5,UAH,Кольцо камеры iPhone 12 Pro Max Gold
ocapro,IPHONE 12 PRO MAX,,34.0,UAH,Кольцо камеры iPhone 12 Pro Max Gold
ocapro,IPHONE 12 PRO MAX,,36.5,UAH,Кольцо камеры iPhone 12 Pro Max Silver
ocapro,IPHONE 12 PRO MAX,,34.0,UAH,Кольцо камеры iPhone 12 Pro Max Silver
ocapro,IPHONE 12 PRO,,28.5,UAH,Кольцо камеры iPhone 12 Pro Silver
ocapro,IPHONE 12 PRO,,26.5,UAH,Кольцо камеры iPhone 12 Pro Silver
ocapro,IPHONE 12,,17.5,UAH,Кольцо камеры iPhone 12 Purple
ocapro,IPHONE 12,,16.0,UAH,Кольцо камеры iPhone 12 Purple
ocapro,IPHONE 12,,17.5,UAH,Кольцо камеры iPhone 12 Red
ocapro,IPHONE 12,,16.0,UAH,Кольцо камеры iPhone 12 Red
ocapro,IPHONE 12,,17.5,UAH,Кольцо камеры iPhone 12 Silver
ocapro,IPHONE 12,,16.0,UAH,Кольцо камеры iPhone 12 Silver
ocapro,IPHONE X,,15.5,UAH,Кольцо камеры iPhone X Black
ocapro,IPHONE X,,14.5,UAH,Кольцо камеры iPhone X Black
ocapro,IPHONE X,,16.0,UAH,Кольцо камеры iPhone X Silver
ocapro,IPHONE X,,15.0,UAH,Кольцо камеры iPhone X Silver
ocapro,IPHONE XS MAX,,22.5,UAH,Кольцо камеры iPhone XS MAX Black
ocapro,IPHONE XS MAX,,21.0,UAH,Кольцо камеры iPhone XS MAX Black
ocapro,IPHONE XS MAX,,22.5,UAH,Кольцо камеры iPhone XS MAX Gold
ocapro,IPHONE XS MAX,,21.0,UAH,Кольцо камеры iPhone XS MAX Gold
ocapro,IPHONE XS MAX,,22.5,UAH,Кольцо камеры iPhone XS MAX Silver
ocapro,IPHONE XS MAX,,21.0,UAH,Кольцо камеры iPhone XS MAX Silver
ocapro,,,202.0,UAH,Серветки антистатичні BEST (100 шт)
ocapro,,,189.0,UAH,Серветки антистатичні BEST (100 шт)
ocapro,,,784.0,UAH,Серветки антистатичні BEST (400 шт)
ocapro,,,735.0,UAH,Серветки антистатичні BEST (400 шт)
ocapro,,,190.5,UAH,Серветки антистатичні JQE (100 шт)
ocapro,,,178.5,UAH,Серветки антистатичні JQE (100 шт)
ocapro,,Витратні матеріали для монтажу,582.5,UAH,Скотч для дисплея антистатичний 8 см 50 м
ocapro,,Витратні матеріали для монтажу,546.0,UAH,Скотч для дисплея антистатичний 8 см 50 м
ocapro,,Витратні матеріали для монтажу,50.5,UAH,Скотч каптоновий термостійкий 10мм
ocapro,,Витратні матеріали для монтажу,47.5,UAH,Скотч каптоновий термостійкий 10мм
ocapro,,Витратні матеріали для монтажу,41.5,UAH,Скотч каптоновий термостійкий 8мм
ocapro,,Витратні матеріали для монтажу,39.0,UAH,Скотч каптоновий термостійкий 8мм
ocapro,,,45.0,UAH,"Струна Diamond wire 0,02 mm 100m (germany)"
ocapro,,,42.0,UAH,"Струна Diamond wire 0,02 mm 100m (germany)"
ocapro,,,39.5,UAH,"Струна gold wire 0,028 mm 100m"
ocapro,,,37.0,UAH,"Струна gold wire 0,028 mm 100m"
ocapro,,,48.5,UAH,"Струна JHZC gold wire 0,028 mm 100m"
ocapro,,,45.5,UAH,"Струна JHZC gold wire 0,028 mm 100m"
ocapro,,,39.0,UAH,"Струна Mapies gold wire 0,028 mm 100m"
ocapro,,,36.5,UAH,"Струна Mapies gold wire 0,028 mm 100m"
ocapro,,,37.0,UAH,"Струна Mapies gold wire 0,035 mm 100m"
ocapro,,,35.0,UAH,"Струна Mapies gold wire 0,035 mm 100m"
ocapro,,,41.5,UAH,"Струна Mapies gold wire 0,05 mm 100m"
ocapro,,,39.0,UAH,"Струна Mapies gold wire 0,05 mm 100m"
ocapro,IPHONE 11,,457.0,UAH,Основна камера iPhone 11 100% ORIG
ocapro,IPHONE 11,,425.5,UAH,Основна камера iPhone 11 100% ORIG
ocapro,IPHONE 11 PRO MAX,,1472.0,UAH,Основна камера iPhone 11 Pro/11 Pro max 100% ORIG
ocapro,IPHONE 11 PRO MAX,,1370.5,UAH,Основна камера iPhone 11 Pro/11 Pro max 100% ORIG
ocapro,IPHONE 12,,761.5,UAH,Основна камера iPhone 12 100% ORIG
ocapro,IPHONE 12,,709.0,UAH,Основна камера iPhone 12 100% ORIG
ocapro,IPHONE 12 PRO,,3248.0,UAH,Основна камера iPhone 12 Pro 100% ORIG
ocapro,IPHONE 12 PRO,,3024.0,UAH,Основна камера iPhone 12 Pro 100% ORIG
ocapro,IPHONE 12 PRO MAX,,2791.5,UAH,Основна камера iPhone 12 Pro Max 100% ORIG
ocapro,IPHONE 12 PRO MAX,,2599.0,UAH,Основна камера iPhone 12 Pro Max 100% ORIG
ocapro,IPHONE 13 PRO MAX,,3096.0,UAH,Основна камера iPhone 13 Pro/13 Pro Max 100% ORIG
ocapro,IPHONE 13 PRO MAX,,2882.5,UAH,Основна камера iPhone 13 Pro/13 Pro Max 100% ORIG
ocapro,IPHONE 13 MINI,,558.5,UAH,Основна камера iPhone 13/13 mini 100% ORIG
ocapro,IPHONE 13 MINI,,520.0,UAH,Основна камера iPhone 13/13 mini 100% ORIG
ocapro,IPHONE 14,,1370.5,UAH,Основна камера iPhone 14 100% ORIG
ocapro,IPHONE 14,,1276.0,UAH,Основна камера iPhone 14 100% ORIG
ocapro,IPHONE 14 PLUS,,2131.5,UAH,Основна камера iPhone 14 Plus 100% ORIG
ocapro,IPHONE 14 PLUS,,1985.0,UAH,Основна камера iPhone 14 Plus 100% ORIG
ocapro,IPHONE 14 PRO,,2588.5,UAH,Основна камера iPhone 14 Pro 100% ORIG
ocapro,IPHONE 14 PRO,,2410.0,UAH,Основна камера iPhone 14 Pro 100% ORIG
ocapro,IPHONE 14 PRO MAX,,2233.0,UAH,Основна камера iPhone 14 Pro Max 100% ORIG
ocapro,IPHONE 14 PRO MAX,,2079.0,UAH,Основна камера iPhone 14 Pro Max 100% ORIG
ocapro,IPHONE 15,,1167.5,UAH,Основна камера iPhone 15 100% ORIG
ocapro,IPHONE 15,,1087.0,UAH,Основна камера iPhone 15 100% ORIG
ocapro,IPHONE 15 PLUS,,1522.5,UAH,Основна камера iPhone 15 Plus 100% ORIG
ocapro,IPHONE 15 PLUS,,1417.5,UAH,Основна камера iPhone 15 Plus 100% ORIG
ocapro,IPHONE 15 PRO,,2690.0,UAH,Основна камера iPhone 15 Pro 100% ORIG
ocapro,IPHONE 15 PRO,,2504.5,UAH,Основна камера iPhone 15 Pro 100% ORIG
ocapro,IPHONE 15 PRO MAX,,2588.5,UAH,Основна камера iPhone 15 Pro Max 100% ORIG
ocapro,IPHONE 15 PRO MAX,,2410.0,UAH,Основна камера iPhone 15 Pro Max 100% ORIG
ocapro,IPHONE 16 PRO,,2233.0,UAH,Основна камера iPhone 16 Pro 100% ORIG
ocapro,IPHONE 16 PRO,,2079.0,UAH,Основна камера iPhone 16 Pro 100% ORIG
ocapro,IPHONE 16 PRO MAX,,2639.0,UAH,Основна камера iPhone 16 Pro Max 100% ORIG
ocapro,IPHONE 16 PRO MAX,,2457.0,UAH,Основна камера iPhone 16 Pro Max 100% ORIG
ocapro,IPHONE 11,,173.0,UAH,Фронтальна камера iPhone 11 100% ORIG
ocapro,IPHONE 11,,161.0,UAH,Фронтальна камера iPhone 11 100% ORIG
ocapro,IPHONE 11 PRO,,264.0,UAH,Фронтальна камера iPhone 11 Pro 100% ORIG
ocapro,IPHONE 11 PRO,,246.0,UAH,Фронтальна камера iPhone 11 Pro 100% ORIG
ocapro,IPHONE 11 PRO MAX,,203.0,UAH,Фронтальна камера iPhone 11 Pro Max 100% ORIG
ocapro,IPHONE 11 PRO MAX,,189.0,UAH,Фронтальна камера iPhone 11 Pro Max 100% ORIG
ocapro,IPHONE 12,,142.5,UAH,Фронтальна камера iPhone 12 100% ORIG
ocapro,IPHONE 12,,132.5,UAH,Фронтальна камера iPhone 12 100% ORIG
ocapro,IPHONE 12 PRO,,142.5,UAH,Фронтальна камера iPhone 12 Pro 100% ORIG
ocapro,IPHONE 12 PRO,,132.5,UAH,Фронтальна камера iPhone 12 Pro 100% ORIG
ocapro,IPHONE 12 PRO MAX,,152.5,UAH,Фронтальна камера iPhone 12 Pro Max 100% ORIG
ocapro,IPHONE 12 PRO MAX,,142.0,UAH,Фронтальна камера iPhone 12 Pro Max 100% ORIG
ocapro,IPHONE 13,,142.5,UAH,Фронтальна камера iPhone 13 100% ORIG
ocapro,IPHONE 13,,132.5,UAH,Фронтальна камера iPhone 13 100% ORIG
ocapro,IPHONE 13 PRO,,183.0,UAH,Фронтальна камера iPhone 13 Pro 100% ORIG
ocapro,IPHONE 13 PRO,,170.5,UAH,Фронтальна камера iPhone 13 Pro 100% ORIG
ocapro,IPHONE 13 PRO MAX,,173.0,UAH,Фронтальна камера iPhone 13 Pro Max 100% ORIG
ocapro,IPHONE 13 PRO MAX,,161.0,UAH,Фронтальна камера iPhone 13 Pro Max 100% ORIG
ocapro,IPHONE 14,,812.0,UAH,Фронтальна камера iPhone 14 100% ORIG
ocapro,IPHONE 14,,756.0,UAH,Фронтальна камера iPhone 14 100% ORIG
ocapro,IPHONE 14 PLUS,,1035.5,UAH,Фронтальна камера iPhone 14 plus 100% ORIG
ocapro,IPHONE 14 PLUS,,964.0,UAH,Фронтальна камера iPhone 14 plus 100% ORIG
ocapro,IPHONE 14 PRO,,842.5,UAH,Фронтальна камера iPhone 14 pro 100% ORIG
ocapro,IPHONE 14 PRO,,784.5,UAH,Фронтальна камера iPhone 14 pro 100% ORIG
ocapro,IPHONE 14 PRO MAX,,579.0,UAH,Фронтальна камера iPhone 14 Pro Max 100% ORIG
ocapro,IPHONE 14 PRO MAX,,539.0,UAH,Фронтальна камера iPhone 14 Pro Max 100% ORIG
ocapro,IPHONE 15,,883.5,UAH,Фронтальна камера iPhone 15 100% ORIG
ocapro,IPHONE 15,,822.5,UAH,Фронтальна камера iPhone 15 100% ORIG
ocapro,IPHONE 15 PRO,,1137.0,UAH,Фронтальна камера iPhone 15 Pro 100% ORIG
ocapro,IPHONE 15 PRO,,1058.5,UAH,Фронтальна камера iPhone 15 Pro 100% ORIG
ocapro,IPHONE 15 PRO MAX,,1086.5,UAH,Фронтальна камера iPhone 15 Pro Max 100% ORIG
ocapro,IPHONE 15 PRO MAX,,1011.5,UAH,Фронтальна камера iPhone 15 Pro Max 100% ORIG
ocapro,,,406.0,UAH,Фронтальна камера iPhone Samsung S23FE 100% ORIG
ocapro,,,378.0,UAH,Фронтальна камера iPhone Samsung S23FE 100% ORIG
ocapro,IPHONE X,,91.5,UAH,Фронтальна камера iPhone X 100% ORIG
ocapro,IPHONE X,,85.5,UAH,Фронтальна камера iPhone X 100% ORIG
ocapro,IPHONE XR,,91.5,UAH,Фронтальна камера iPhone XR 100% ORIG
ocapro,IPHONE XR,,85.5,UAH,Фронтальна камера iPhone XR 100% ORIG
ocapro,IPHONE XS,,162.5,UAH,Фронтальна камера iPhone XS 100% ORIG
ocapro,IPHONE XS,,151.5,UAH,Фронтальна камера iPhone XS 100% ORIG
ocapro,IPHONE XS MAX,,213.5,UAH,Фронтальна камера iPhone XS MAX 100% ORIG
ocapro,IPHONE XS MAX,,198.5,UAH,Фронтальна камера iPhone XS MAX 100% ORIG
ocapro,,,291.5,UAH,3 in 1 WL optical filter fixing UV glue/Lens fixing UV glue/Camera anti-shake glue
ocapro,,,273.0,UAH,3 in 1 WL optical filter fixing UV glue/Lens fixing UV glue/Camera anti-shake glue
ocapro,,Витратні матеріали для монтажу,258.0,UAH,Клей B7000 Zhanlida 110 ml
ocapro,,Витратні матеріали для монтажу,241.5,UAH,Клей B7000 Zhanlida 110 ml
ocapro,,Витратні матеріали для монтажу,46.5,UAH,Клей B7000 Zhanlida 15 ml
ocapro,,Витратні матеріали для монтажу,44.0,UAH,Клей B7000 Zhanlida 15 ml
ocapro,,Витратні матеріали для монтажу,134.5,UAH,Клей B7000 Zhanlida 50 ml
ocapro,,Витратні матеріали для монтажу,126.0,UAH,Клей B7000 Zhanlida 50 ml
ocapro,,Витратні матеріали для монтажу,280.0,UAH,Клей герметик УФ E-Fixit
ocapro,,Витратні матеріали для монтажу,262.5,UAH,Клей герметик УФ E-Fixit
ocapro,,Витратні матеріали для монтажу,269.0,UAH,Клей для заднього скла iPhone Nano Repair 30 ml
ocapro,,Витратні матеріали для монтажу,252.0,UAH,Клей для заднього скла iPhone Nano Repair 30 ml
ocapro,,Витратні матеріали для монтажу,101.0,UAH,Клей для лінз камери WL UV GLUE
ocapro,,Витратні матеріали для монтажу,94.5,UAH,Клей для лінз камери WL UV GLUE
ocapro,IPHONE 16,Витратні матеріали для монтажу,347.5,UAH,Клей для рамок iPhone X-16 pm 10ml  (3542 structural)
ocapro,IPHONE 16,Витратні матеріали для монтажу,325.5,UAH,Клей для рамок iPhone X-16 pm 10ml  (3542 structural)
ocapro,IPHONE 16,Витратні матеріали для монтажу,347.5,UAH,Клей для рамок iPhone X-16 pm 10ml Black  (3542 structural)
ocapro,IPHONE 16,Витратні матеріали для монтажу,325.5,UAH,Клей для рамок iPhone X-16 pm 10ml Black  (3542 structural)
ocapro,IPHONE 16,Витратні матеріали для монтажу,762.0,UAH,Клей для рамок iPhone X-16 pm 30ml Black  (3542 structural)
ocapro,IPHONE 16,Витратні матеріали для монтажу,714.0,UAH,Клей для рамок iPhone X-16 pm 30ml Black  (3542 structural)
ocapro,IPHONE 16,Витратні матеріали для монтажу,482.0,UAH,Клей для рамок iPhone X-16 pm 30ml Black XHZC
ocapro,IPHONE 16,Витратні матеріали для монтажу,451.5,UAH,Клей для рамок iPhone X-16 pm 30ml Black XHZC
ocapro,IPHONE 16,Витратні матеріали для монтажу,482.0,UAH,Клей для рамок iPhone X-16 pm 30ml White XHZC
ocapro,IPHONE 16,Витратні матеріали для монтажу,451.5,UAH,Клей для рамок iPhone X-16 pm 30ml White XHZC
ocapro,IPHONE 16,Витратні матеріали для монтажу,504.0,UAH,Клей для рамок iPhone X-16 pm Devcon 50 ml (2 components)
ocapro,IPHONE 16,Витратні матеріали для монтажу,472.5,UAH,Клей для рамок iPhone X-16 pm Devcon 50 ml (2 components)
ocapro,IPHONE X,Витратні матеріали для монтажу,762.0,UAH,Клей для рамок iPhone X-16pm 30ml White (3542 structural)
ocapro,IPHONE X,Витратні матеріали для монтажу,714.0,UAH,Клей для рамок iPhone X-16pm 30ml White (3542 structural)
ocapro,,Витратні матеріали для монтажу,258.0,UAH,Клей Е8000 Zhanlida 110 ml
ocapro,,Витратні матеріали для монтажу,241.5,UAH,Клей Е8000 Zhanlida 110 ml
ocapro,,Витратні матеріали для монтажу,47.5,UAH,Клей Е8000 Zhanlida 15 ml
ocapro,,Витратні матеріали для монтажу,44.5,UAH,Клей Е8000 Zhanlida 15 ml
ocapro,,Витратні матеріали для монтажу,134.5,UAH,Клей Е8000 Zhanlida 50 ml
ocapro,,Витратні матеріали для монтажу,126.0,UAH,Клей Е8000 Zhanlida 50 ml
ocapro,,,11.5,UAH,Насадка для клея (2 components)
ocapro,,,10.5,UAH,Насадка для клея (2 components)
ocapro,,Витратні матеріали для монтажу,6.0,UAH,Насадка на клей носик  (10 шт)
ocapro,,Витратні матеріали для монтажу,5.5,UAH,Насадка на клей носик  (10 шт)
ocapro,,,482.0,UAH,Пістолет для клея
ocapro,,,451.5,UAH,Пістолет для клея
ocapro,,,616.0,UAH,Пістолет для клея (2 components)
ocapro,,,577.5,UAH,Пістолет для клея (2 components)
ocapro,,,3080.0,UAH,Пістолет пневмо для клея Pur (термо) 10сс
ocapro,,,2887.5,UAH,Пістолет пневмо для клея Pur (термо) 10сс
ocapro,,,1792.0,UAH,Пістолет пневмо для клея(термо)
ocapro,,,1680.0,UAH,Пістолет пневмо для клея(термо)
ocapro,,,258.0,UAH,Рідина для відновлення лінз камери від царапин iFixes iS30
ocapro,,,241.5,UAH,Рідина для відновлення лінз камери від царапин iFixes iS30
ocapro,,,157.0,UAH,Флюс-гель для паяння Amaoe M50-10CC
ocapro,,,147.0,UAH,Флюс-гель для паяння Amaoe M50-10CC
ocapro,IPHONE 11,,931.0,UAH,Корпус iPhone 11 Black EU ORIG 1:1
ocapro,IPHONE 11,,864.5,UAH,Корпус iPhone 11 Black EU ORIG 1:1
ocapro,IPHONE 11,,931.0,UAH,Корпус iPhone 11 Black US ORIG 1:1
ocapro,IPHONE 11,,864.5,UAH,Корпус iPhone 11 Black US ORIG 1:1
ocapro,IPHONE 11,,980.0,UAH,Корпус iPhone 11 Green US ORIG 1:1
ocapro,IPHONE 11,,910.0,UAH,Корпус iPhone 11 Green US ORIG 1:1
ocapro,IPHONE 11 PRO,,1764.0,UAH,Корпус iPhone 11 PRO Black EU ORIG 1:1
ocapro,IPHONE 11 PRO,,1638.0,UAH,Корпус iPhone 11 PRO Black EU ORIG 1:1
ocapro,IPHONE 11 PRO,,1813.0,UAH,Корпус iPhone 11 PRO Gold EU ORIG 1:1
ocapro,IPHONE 11 PRO,,1683.5,UAH,Корпус iPhone 11 PRO Gold EU ORIG 1:1
ocapro,IPHONE 11 PRO,,1764.0,UAH,Корпус iPhone 11 PRO Green EU ORIG 1:1
ocapro,IPHONE 11 PRO,,1638.0,UAH,Корпус iPhone 11 PRO Green EU ORIG 1:1
ocapro,IPHONE 11 PRO MAX,,1813.0,UAH,Корпус iPhone 11 PRO MAX Black EU ORIG 1:1
ocapro,IPHONE 11 PRO MAX,,1683.5,UAH,Корпус iPhone 11 PRO MAX Black EU ORIG 1:1
ocapro,IPHONE 11 PRO MAX,,1862.0,UAH,Корпус iPhone 11 PRO MAX Gold EU ORIG 1:1
ocapro,IPHONE 11 PRO MAX,,1729.0,UAH,Корпус iPhone 11 PRO MAX Gold EU ORIG 1:1
ocapro,IPHONE 11 PRO MAX,,1764.0,UAH,Корпус iPhone 11 PRO MAX Green EU ORIG 1:1
ocapro,IPHONE 11 PRO MAX,,1638.0,UAH,Корпус iPhone 11 PRO MAX Green EU ORIG 1:1
ocapro,IPHONE 11 PRO MAX,,1813.0,UAH,Корпус iPhone 11 PRO MAX White EU ORIG 1:1
ocapro,IPHONE 11 PRO MAX,,1683.5,UAH,Корпус iPhone 11 PRO MAX White EU ORIG 1:1
ocapro,IPHONE 11 PRO,,1813.0,UAH,Корпус iPhone 11 PRO White EU ORIG 1:1
ocapro,IPHONE 11 PRO,,1683.5,UAH,Корпус iPhone 11 PRO White EU ORIG 1:1
ocapro,IPHONE 11,,931.0,UAH,Корпус iPhone 11 Purple EU ORIG 1:1
ocapro,IPHONE 11,,864.5,UAH,Корпус iPhone 11 Purple EU ORIG 1:1
ocapro,IPHONE 11,,1029.0,UAH,Корпус iPhone 11 RED EU ORIG 1:1
ocapro,IPHONE 11,,955.5,UAH,Корпус iPhone 11 RED EU ORIG 1:1
ocapro,IPHONE 11,,1666.0,UAH,Корпус iPhone 11 RED ORIG 99% new (разборка)
ocapro,IPHONE 11,,1547.0,UAH,Корпус iPhone 11 RED ORIG 99% new (разборка)
ocapro,IPHONE 11,,1960.0,UAH,Корпус iPhone 11 Silver ORIG 99% new (разборка)
ocapro,IPHONE 11,,1820.0,UAH,Корпус iPhone 11 Silver ORIG 99% new (разборка)
ocapro,IPHONE 11,,931.0,UAH,Корпус iPhone 11 White EU ORIG 1:1
ocapro,IPHONE 11,,864.5,UAH,Корпус iPhone 11 White EU ORIG 1:1
ocapro,IPHONE 11,,931.0,UAH,Корпус iPhone 11 White US ORIG 1:1
ocapro,IPHONE 11,,864.5,UAH,Корпус iPhone 11 White US ORIG 1:1
ocapro,IPHONE 12,,1029.0,UAH,Корпус iPhone 12 Black EU ORIG 1:1
ocapro,IPHONE 12,,955.5,UAH,Корпус iPhone 12 Black EU ORIG 1:1
ocapro,IPHONE 12,,1029.0,UAH,Корпус iPhone 12 Black US ORIG 1:1
ocapro,IPHONE 12,,955.5,UAH,Корпус iPhone 12 Black US ORIG 1:1
ocapro,IPHONE 12,,1029.0,UAH,Корпус iPhone 12 Blue EU ORIG 1:1
ocapro,IPHONE 12,,955.5,UAH,Корпус iPhone 12 Blue EU ORIG 1:1
ocapro,IPHONE 12,,1127.0,UAH,Корпус iPhone 12 Blue US ORIG 1:1
ocapro,IPHONE 12,,1046.5,UAH,Корпус iPhone 12 Blue US ORIG 1:1
ocapro,IPHONE 12,,1029.0,UAH,Корпус iPhone 12 Green ORIG US 1:1
ocapro,IPHONE 12,,955.5,UAH,Корпус iPhone 12 Green ORIG US 1:1
ocapro,IPHONE 12 MINI,,1078.0,UAH,Корпус iPhone 12 mini Black EU ORIG 1:1
ocapro,IPHONE 12 MINI,,1001.0,UAH,Корпус iPhone 12 mini Black EU ORIG 1:1
ocapro,IPHONE 12 MINI,,1078.0,UAH,Корпус iPhone 12 mini Black US ORIG 1:1
ocapro,IPHONE 12 MINI,,1001.0,UAH,Корпус iPhone 12 mini Black US ORIG 1:1
ocapro,IPHONE 12 MINI,,1078.0,UAH,Корпус iPhone 12 mini Blue EU ORIG 1:1
ocapro,IPHONE 12 MINI,,1001.0,UAH,Корпус iPhone 12 mini Blue EU ORIG 1:1
ocapro,IPHONE 12 MINI,,1078.0,UAH,Корпус iPhone 12 mini Blue US ORIG 1:1
ocapro,IPHONE 12 MINI,,1001.0,UAH,Корпус iPhone 12 mini Blue US ORIG 1:1
ocapro,IPHONE 12 MINI,,1078.0,UAH,Корпус iPhone 12 mini Green EU ORIG 1:1
ocapro,IPHONE 12 MINI,,1001.0,UAH,Корпус iPhone 12 mini Green EU ORIG 1:1
ocapro,IPHONE 12 MINI,,1078.0,UAH,Корпус iPhone 12 mini Green US ORIG 1:1
ocapro,IPHONE 12 MINI,,1001.0,UAH,Корпус iPhone 12 mini Green US ORIG 1:1
ocapro,IPHONE 12 MINI,,1078.0,UAH,Корпус iPhone 12 mini Purple EU ORIG 1:1
ocapro,IPHONE 12 MINI,,1001.0,UAH,Корпус iPhone 12 mini Purple EU ORIG 1:1
ocapro,IPHONE 12 MINI,,1078.0,UAH,Корпус iPhone 12 mini Purple US ORIG 1:1
ocapro,IPHONE 12 MINI,,1001.0,UAH,Корпус iPhone 12 mini Purple US ORIG 1:1
ocapro,IPHONE 12 MINI,,1078.0,UAH,Корпус iPhone 12 mini Red EU ORIG 1:1
ocapro,IPHONE 12 MINI,,1001.0,UAH,Корпус iPhone 12 mini Red EU ORIG 1:1
ocapro,IPHONE 12 MINI,,1078.0,UAH,Корпус iPhone 12 mini Red US ORIG 1:1
ocapro,IPHONE 12 MINI,,1001.0,UAH,Корпус iPhone 12 mini Red US ORIG 1:1
ocapro,IPHONE 12 MINI,,1078.0,UAH,Корпус iPhone 12 mini White EU ORIG 1:1
ocapro,IPHONE 12 MINI,,1001.0,UAH,Корпус iPhone 12 mini White EU ORIG 1:1
ocapro,IPHONE 12 MINI,,1078.0,UAH,Корпус iPhone 12 mini White US ORIG 1:1
ocapro,IPHONE 12 MINI,,1001.0,UAH,Корпус iPhone 12 mini White US ORIG 1:1
ocapro,IPHONE 12,,1127.0,UAH,Корпус iPhone 12 Purple EU ORIG 1:1
ocapro,IPHONE 12,,1046.5,UAH,Корпус iPhone 12 Purple EU ORIG 1:1
ocapro,IPHONE 12,,1176.0,UAH,Корпус iPhone 12 Red EU ORIG 1:1
ocapro,IPHONE 12,,1092.0,UAH,Корпус iPhone 12 Red EU ORIG 1:1
ocapro,IPHONE 12,,1176.0,UAH,Корпус iPhone 12 Red US ORIG 1:1
ocapro,IPHONE 12,,1092.0,UAH,Корпус iPhone 12 Red US ORIG 1:1
ocapro,IPHONE 12,,1274.0,UAH,Корпус iPhone 12 White EU ORIG 1:1
ocapro,IPHONE 12,,1183.0,UAH,Корпус iPhone 12 White EU ORIG 1:1
ocapro,IPHONE 12,,735.0,UAH,Корпус iPhone 12 White US HQ
ocapro,IPHONE 12,,682.5,UAH,Корпус iPhone 12 White US HQ
ocapro,IPHONE 12,,1078.0,UAH,Корпус iPhone 12 White US ORIG 1:1
ocapro,IPHONE 12,,1001.0,UAH,Корпус iPhone 12 White US ORIG 1:1
ocapro,IPHONE 13,,1078.0,UAH,Корпус iPhone 13 Black EU ORIG 1:1
ocapro,IPHONE 13,,1001.0,UAH,Корпус iPhone 13 Black EU ORIG 1:1
ocapro,IPHONE 13,,1078.0,UAH,Корпус iPhone 13 Black US ORIG 1:1
ocapro,IPHONE 13,,1001.0,UAH,Корпус iPhone 13 Black US ORIG 1:1
ocapro,IPHONE 13,,1078.0,UAH,Корпус iPhone 13 Blue EU ORIG 1:1
ocapro,IPHONE 13,,1001.0,UAH,Корпус iPhone 13 Blue EU ORIG 1:1
ocapro,IPHONE 13,,1176.0,UAH,Корпус iPhone 13 Blue US ORIG 1:1
ocapro,IPHONE 13,,1092.0,UAH,Корпус iPhone 13 Blue US ORIG 1:1
ocapro,IPHONE 13,,1078.0,UAH,Корпус iPhone 13 Green EU ORIG 1:1
ocapro,IPHONE 13,,1001.0,UAH,Корпус iPhone 13 Green EU ORIG 1:1
ocapro,IPHONE 13,,1176.0,UAH,Корпус iPhone 13 Green US ORIG 1:1
ocapro,IPHONE 13,,1092.0,UAH,Корпус iPhone 13 Green US ORIG 1:1
ocapro,IPHONE 13 MINI,,1176.0,UAH,Корпус iPhone 13 mini Black EU ORIG 1:1
ocapro,IPHONE 13 MINI,,1092.0,UAH,Корпус iPhone 13 mini Black EU ORIG 1:1
ocapro,IPHONE 13 MINI,,1176.0,UAH,Корпус iPhone 13 mini Black US ORIG 1:1
ocapro,IPHONE 13 MINI,,1092.0,UAH,Корпус iPhone 13 mini Black US ORIG 1:1
ocapro,IPHONE 13 MINI,,1176.0,UAH,Корпус iPhone 13 mini Blue EU ORIG 1:1
ocapro,IPHONE 13 MINI,,1092.0,UAH,Корпус iPhone 13 mini Blue EU ORIG 1:1
ocapro,IPHONE 13 MINI,,1176.0,UAH,Корпус iPhone 13 mini Blue US ORIG 1:1
ocapro,IPHONE 13 MINI,,1092.0,UAH,Корпус iPhone 13 mini Blue US ORIG 1:1
ocapro,IPHONE 13 MINI,,1176.0,UAH,Корпус iPhone 13 mini Green EU ORIG 1:1
ocapro,IPHONE 13 MINI,,1092.0,UAH,Корпус iPhone 13 mini Green EU ORIG 1:1
ocapro,IPHONE 13 MINI,,1176.0,UAH,Корпус iPhone 13 mini Green US ORIG 1:1
ocapro,IPHONE 13 MINI,,1092.0,UAH,Корпус iPhone 13 mini Green US ORIG 1:1
ocapro,IPHONE 13 MINI,,1176.0,UAH,Корпус iPhone 13 mini Pink EU ORIG 1:1
ocapro,IPHONE 13 MINI,,1092.0,UAH,Корпус iPhone 13 mini Pink EU ORIG 1:1
ocapro,IPHONE 13 MINI,,1176.0,UAH,Корпус iPhone 13 mini Pink US ORIG 1:1
ocapro,IPHONE 13 MINI,,1092.0,UAH,Корпус iPhone 13 mini Pink US ORIG 1:1
ocapro,IPHONE 13 MINI,,1176.0,UAH,Корпус iPhone 13 mini Red EU ORIG 1:1
ocapro,IPHONE 13 MINI,,1092.0,UAH,Корпус iPhone 13 mini Red EU ORIG 1:1
ocapro,IPHONE 13 MINI,,1176.0,UAH,Корпус iPhone 13 mini Red US ORIG 1:1
ocapro,IPHONE 13 MINI,,1092.0,UAH,Корпус iPhone 13 mini Red US ORIG 1:1
ocapro,IPHONE 13 MINI,,1176.0,UAH,Корпус iPhone 13 mini White EU ORIG 1:1
ocapro,IPHONE 13 MINI,,1092.0,UAH,Корпус iPhone 13 mini White EU ORIG 1:1
ocapro,IPHONE 13 MINI,,1176.0,UAH,Корпус iPhone 13 mini White US ORIG 1:1
ocapro,IPHONE 13 MINI,,1092.0,UAH,Корпус iPhone 13 mini White US ORIG 1:1
ocapro,IPHONE 13,,1078.0,UAH,Корпус iPhone 13 Pink EU ORIG 1:1
ocapro,IPHONE 13,,1001.0,UAH,Корпус iPhone 13 Pink EU ORIG 1:1
ocapro,IPHONE 13,,1078.0,UAH,Корпус iPhone 13 Pink US ORIG 1:1
ocapro,IPHONE 13,,1001.0,UAH,Корпус iPhone 13 Pink US ORIG 1:1
ocapro,IPHONE 13 PRO,,2274.0,UAH,Корпус iPhone 13 PRO Black EU ORIG 1:1
ocapro,IPHONE 13 PRO,,2111.5,UAH,Корпус iPhone 13 PRO Black EU ORIG 1:1
ocapro,IPHONE 13 PRO,,2205.0,UAH,Корпус iPhone 13 PRO Black US ORIG 1:1
ocapro,IPHONE 13 PRO,,2047.5,UAH,Корпус iPhone 13 PRO Black US ORIG 1:1
ocapro,IPHONE 13 PRO,,2303.0,UAH,Корпус iPhone 13 PRO Blue EU ORIG 1:1
ocapro,IPHONE 13 PRO,,2138.5,UAH,Корпус iPhone 13 PRO Blue EU ORIG 1:1
ocapro,IPHONE 13 PRO,,2274.0,UAH,Корпус iPhone 13 PRO Blue US ORIG 1:1
ocapro,IPHONE 13 PRO,,2111.5,UAH,Корпус iPhone 13 PRO Blue US ORIG 1:1
ocapro,IPHONE 13 PRO,,2274.0,UAH,Корпус iPhone 13 PRO Gold EU ORIG 1:1
ocapro,IPHONE 13 PRO,,2111.5,UAH,Корпус iPhone 13 PRO Gold EU ORIG 1:1
ocapro,IPHONE 13 PRO,,2274.0,UAH,Корпус iPhone 13 PRO Gold US ORIG 1:1
ocapro,IPHONE 13 PRO,,2111.5,UAH,Корпус iPhone 13 PRO Gold US ORIG 1:1
ocapro,IPHONE 13 PRO,,2274.0,UAH,Корпус iPhone 13 PRO Green EU ORIG 1:1
ocapro,IPHONE 13 PRO,,2111.5,UAH,Корпус iPhone 13 PRO Green EU ORIG 1:1
ocapro,IPHONE 13 PRO,,2274.0,UAH,Корпус iPhone 13 PRO Green US ORIG 1:1
ocapro,IPHONE 13 PRO,,2111.5,UAH,Корпус iPhone 13 PRO Green US ORIG 1:1
ocapro,IPHONE 13 PRO MAX,,2303.0,UAH,Корпус iPhone 13 PRO MAX Black EU ORIG 1:1
ocapro,IPHONE 13 PRO MAX,,2138.5,UAH,Корпус iPhone 13 PRO MAX Black EU ORIG 1:1
ocapro,IPHONE 13 PRO MAX,,2303.0,UAH,Корпус iPhone 13 PRO MAX Black US ORIG 1:1
ocapro,IPHONE 13 PRO MAX,,2138.5,UAH,Корпус iPhone 13 PRO MAX Black US ORIG 1:1
ocapro,IPHONE 13 PRO MAX,,2401.0,UAH,Корпус iPhone 13 PRO MAX Blue EU ORIG 1:1
ocapro,IPHONE 13 PRO MAX,,2229.5,UAH,Корпус iPhone 13 PRO MAX Blue EU ORIG 1:1
ocapro,IPHONE 13 PRO MAX,,2303.0,UAH,Корпус iPhone 13 PRO MAX Blue US ORIG 1:1
ocapro,IPHONE 13 PRO MAX,,2138.5,UAH,Корпус iPhone 13 PRO MAX Blue US ORIG 1:1
ocapro,IPHONE 13 PRO MAX,,2401.0,UAH,Корпус iPhone 13 PRO MAX Gold EU ORIG 1:1
ocapro,IPHONE 13 PRO MAX,,2229.5,UAH,Корпус iPhone 13 PRO MAX Gold EU ORIG 1:1
ocapro,IPHONE 13 PRO MAX,,2352.0,UAH,Корпус iPhone 13 PRO MAX Gold US ORIG 1:1
ocapro,IPHONE 13 PRO MAX,,2184.0,UAH,Корпус iPhone 13 PRO MAX Gold US ORIG 1:1
ocapro,IPHONE 13 PRO MAX,,2352.0,UAH,Корпус iPhone 13 PRO MAX Green EU ORIG 1:1
ocapro,IPHONE 13 PRO MAX,,2184.0,UAH,Корпус iPhone 13 PRO MAX Green EU ORIG 1:1
ocapro,IPHONE 13 PRO MAX,,2303.0,UAH,Корпус iPhone 13 PRO MAX White EU ORIG 1:1
ocapro,IPHONE 13 PRO MAX,,2138.5,UAH,Корпус iPhone 13 PRO MAX White EU ORIG 1:1
ocapro,IPHONE 13 PRO MAX,,2352.0,UAH,Корпус iPhone 13 PRO MAX White US ORIG1:1
ocapro,IPHONE 13 PRO MAX,,2184.0,UAH,Корпус iPhone 13 PRO MAX White US ORIG1:1
ocapro,IPHONE 13 PRO,,2274.0,UAH,Корпус iPhone 13 PRO White EU ORIG 1:1
ocapro,IPHONE 13 PRO,,2111.5,UAH,Корпус iPhone 13 PRO White EU ORIG 1:1
ocapro,IPHONE 13 PRO,,2274.0,UAH,Корпус iPhone 13 PRO White US ORIG 1:1
ocapro,IPHONE 13 PRO,,2111.5,UAH,Корпус iPhone 13 PRO White US ORIG 1:1
ocapro,IPHONE 13,,1274.0,UAH,Корпус iPhone 13 Red EU ORIG 1:1
ocapro,IPHONE 13,,1183.0,UAH,Корпус iPhone 13 Red EU ORIG 1:1
ocapro,IPHONE 13,,1098.0,UAH,Корпус iPhone 13 Red US ORIG 1:1
ocapro,IPHONE 13,,1019.5,UAH,Корпус iPhone 13 Red US ORIG 1:1
ocapro,IPHONE 13,,1127.0,UAH,Корпус iPhone 13 White EU ORIG 1:1
ocapro,IPHONE 13,,1046.5,UAH,Корпус iPhone 13 White EU ORIG 1:1
ocapro,IPHONE 13,,1078.0,UAH,Корпус iPhone 13 White US ORIG 1:1
ocapro,IPHONE 13,,1001.0,UAH,Корпус iPhone 13 White US ORIG 1:1
ocapro,IPHONE 14,,980.0,UAH,Корпус iPhone 14 Black EU HQ
ocapro,IPHONE 14,,910.0,UAH,Корпус iPhone 14 Black EU HQ
ocapro,IPHONE 14,,1049.0,UAH,Корпус iPhone 14 Black EU ORIG 1:1
ocapro,IPHONE 14,,974.0,UAH,Корпус iPhone 14 Black EU ORIG 1:1
ocapro,IPHONE 14,,1176.0,UAH,Корпус iPhone 14 Blue EU ORIG 1:1
ocapro,IPHONE 14,,1092.0,UAH,Корпус iPhone 14 Blue EU ORIG 1:1
ocapro,IPHONE 14 PLUS,,1225.0,UAH,Корпус iPhone 14 Plus Black EU ORIG 1:1
ocapro,IPHONE 14 PLUS,,1137.5,UAH,Корпус iPhone 14 Plus Black EU ORIG 1:1
ocapro,IPHONE 14 PLUS,,1225.0,UAH,Корпус iPhone 14 Plus Black US ORIG 1:1
ocapro,IPHONE 14 PLUS,,1137.5,UAH,Корпус iPhone 14 Plus Black US ORIG 1:1
ocapro,IPHONE 14 PLUS,,1078.0,UAH,Корпус iPhone 14 Plus Blue EU ORIG 1:1
ocapro,IPHONE 14 PLUS,,1001.0,UAH,Корпус iPhone 14 Plus Blue EU ORIG 1:1
ocapro,IPHONE 14 PLUS,,1225.0,UAH,Корпус iPhone 14 Plus Blue US ORIG 1:1
ocapro,IPHONE 14 PLUS,,1137.5,UAH,Корпус iPhone 14 Plus Blue US ORIG 1:1
ocapro,IPHONE 14 PLUS,,1078.0,UAH,Корпус iPhone 14 Plus Purple EU ORIG 1:1
ocapro,IPHONE 14 PLUS,,1001.0,UAH,Корпус iPhone 14 Plus Purple EU ORIG 1:1
ocapro,IPHONE 14 PLUS,,1225.0,UAH,Корпус iPhone 14 Plus Purple US ORIG 1:1
ocapro,IPHONE 14 PLUS,,1137.5,UAH,Корпус iPhone 14 Plus Purple US ORIG 1:1
ocapro,IPHONE 14 PLUS,,1225.0,UAH,Корпус iPhone 14 Plus Red EU ORIG 1:1
ocapro,IPHONE 14 PLUS,,1137.5,UAH,Корпус iPhone 14 Plus Red EU ORIG 1:1
ocapro,IPHONE 14 PLUS,,1225.0,UAH,Корпус iPhone 14 Plus Red US ORIG 1:1
ocapro,IPHONE 14 PLUS,,1137.5,UAH,Корпус iPhone 14 Plus Red US ORIG 1:1
ocapro,IPHONE 14 PLUS,,1078.0,UAH,Корпус iPhone 14 Plus White EU ORIG 1:1
ocapro,IPHONE 14 PLUS,,1001.0,UAH,Корпус iPhone 14 Plus White EU ORIG 1:1
ocapro,IPHONE 14 PLUS,,1078.0,UAH,Корпус iPhone 14 Plus White US ORIG 1:1
ocapro,IPHONE 14 PLUS,,1001.0,UAH,Корпус iPhone 14 Plus White US ORIG 1:1
ocapro,IPHONE 14 PLUS,,1225.0,UAH,Корпус iPhone 14 Plus Yellow EU ORIG 1:1
ocapro,IPHONE 14 PLUS,,1137.5,UAH,Корпус iPhone 14 Plus Yellow EU ORIG 1:1
ocapro,IPHONE 14 PLUS,,1225.0,UAH,Корпус iPhone 14 Plus Yellow US ORIG 1:1
ocapro,IPHONE 14 PLUS,,1137.5,UAH,Корпус iPhone 14 Plus Yellow US ORIG 1:1
ocapro,IPHONE 14 PRO,,2303.0,UAH,Корпус iPhone 14 Pro Black EU ORIG 1:1
ocapro,IPHONE 14 PRO,,2138.5,UAH,Корпус iPhone 14 Pro Black EU ORIG 1:1
ocapro,IPHONE 14 PRO,,4704.0,UAH,Корпус iPhone 14 Pro Black EU ORIG 100% знятий
ocapro,IPHONE 14 PRO,,4368.0,UAH,Корпус iPhone 14 Pro Black EU ORIG 100% знятий
ocapro,IPHONE 14 PRO,,2303.0,UAH,Корпус iPhone 14 Pro Black US ORIG 1:1
ocapro,IPHONE 14 PRO,,2138.5,UAH,Корпус iPhone 14 Pro Black US ORIG 1:1
ocapro,IPHONE 14 PRO,,4018.0,UAH,Корпус iPhone 14 Pro Black US ORIG 100% знятий
ocapro,IPHONE 14 PRO,,3731.0,UAH,Корпус iPhone 14 Pro Black US ORIG 100% знятий
ocapro,IPHONE 14 PRO,,1715.0,UAH,Корпус iPhone 14 Pro Deep Purple EU HQ
ocapro,IPHONE 14 PRO,,1592.5,UAH,Корпус iPhone 14 Pro Deep Purple EU HQ
ocapro,IPHONE 14 PRO,,2303.0,UAH,Корпус iPhone 14 Pro Deep Purple EU ORIG 1:1
ocapro,IPHONE 14 PRO,,2138.5,UAH,Корпус iPhone 14 Pro Deep Purple EU ORIG 1:1
ocapro,IPHONE 14 PRO,,4704.0,UAH,Корпус iPhone 14 Pro Deep Purple EU ORIG 100% знятий
ocapro,IPHONE 14 PRO,,4368.0,UAH,Корпус iPhone 14 Pro Deep Purple EU ORIG 100% знятий
ocapro,IPHONE 14 PRO,,2891.0,UAH,Корпус iPhone 14 Pro Deep Purple US 100% ORIG
ocapro,IPHONE 14 PRO,,2684.5,UAH,Корпус iPhone 14 Pro Deep Purple US 100% ORIG
ocapro,IPHONE 14 PRO,,2254.0,UAH,Корпус iPhone 14 Pro Deep Purple US ORIG 1:1
ocapro,IPHONE 14 PRO,,2093.0,UAH,Корпус iPhone 14 Pro Deep Purple US ORIG 1:1
ocapro,IPHONE 14 PRO,,1666.0,UAH,Корпус iPhone 14 Pro Gold EU HQ
ocapro,IPHONE 14 PRO,,1547.0,UAH,Корпус iPhone 14 Pro Gold EU HQ
ocapro,IPHONE 14 PRO,,2254.0,UAH,Корпус iPhone 14 Pro Gold EU ORIG 1:1
ocapro,IPHONE 14 PRO,,2093.0,UAH,Корпус iPhone 14 Pro Gold EU ORIG 1:1
ocapro,IPHONE 14 PRO,,2891.0,UAH,Корпус iPhone 14 Pro Gold US 100% ORIG
ocapro,IPHONE 14 PRO,,2684.5,UAH,Корпус iPhone 14 Pro Gold US 100% ORIG
ocapro,IPHONE 14 PRO,,2401.0,UAH,Корпус iPhone 14 Pro Gold US ORIG 1:1
ocapro,IPHONE 14 PRO,,2229.5,UAH,Корпус iPhone 14 Pro Gold US ORIG 1:1
ocapro,IPHONE 14 PRO MAX,,2352.0,UAH,Корпус iPhone 14 Pro Max Black EU ORIG 1:1
ocapro,IPHONE 14 PRO MAX,,2184.0,UAH,Корпус iPhone 14 Pro Max Black EU ORIG 1:1
ocapro,IPHONE 14 PRO MAX,,2303.0,UAH,Корпус iPhone 14 Pro Max Black US ORIG 1:1
ocapro,IPHONE 14 PRO MAX,,2138.5,UAH,Корпус iPhone 14 Pro Max Black US ORIG 1:1
ocapro,IPHONE 14 PRO MAX,,2352.0,UAH,Корпус iPhone 14 Pro Max Deep Purple EU ORIG 1:1
ocapro,IPHONE 14 PRO MAX,,2184.0,UAH,Корпус iPhone 14 Pro Max Deep Purple EU ORIG 1:1
ocapro,IPHONE 14 PRO MAX,,2352.0,UAH,Корпус iPhone 14 Pro Max Deep Purple US ORIG 1:1
ocapro,IPHONE 14 PRO MAX,,2184.0,UAH,Корпус iPhone 14 Pro Max Deep Purple US ORIG 1:1
ocapro,IPHONE 14 PRO MAX,,4704.0,UAH,Корпус iPhone 14 Pro Max Deep Purple US ORIG 100% знятий
ocapro,IPHONE 14 PRO MAX,,4368.0,UAH,Корпус iPhone 14 Pro Max Deep Purple US ORIG 100% знятий
ocapro,IPHONE 14 PRO MAX,,2352.0,UAH,Корпус iPhone 14 Pro Max Gold EU ORIG 1:1
ocapro,IPHONE 14 PRO MAX,,2184.0,UAH,Корпус iPhone 14 Pro Max Gold EU ORIG 1:1
ocapro,IPHONE 14 PRO MAX,,1666.0,UAH,Корпус iPhone 14 Pro Max Gold US HQ
ocapro,IPHONE 14 PRO MAX,,1547.0,UAH,Корпус iPhone 14 Pro Max Gold US HQ
ocapro,IPHONE 14 PRO MAX,,2352.0,UAH,Корпус iPhone 14 Pro Max Gold US ORIG 1:1
ocapro,IPHONE 14 PRO MAX,,2184.0,UAH,Корпус iPhone 14 Pro Max Gold US ORIG 1:1
ocapro,IPHONE 14 PRO MAX,,1666.0,UAH,Корпус iPhone 14 Pro Max White EU HQ
ocapro,IPHONE 14 PRO MAX,,1547.0,UAH,Корпус iPhone 14 Pro Max White EU HQ
ocapro,IPHONE 14 PRO MAX,,2499.0,UAH,Корпус iPhone 14 Pro Max White EU ORIG 1:1
ocapro,IPHONE 14 PRO MAX,,2320.5,UAH,Корпус iPhone 14 Pro Max White EU ORIG 1:1
ocapro,IPHONE 14 PRO MAX,,2352.0,UAH,Корпус iPhone 14 Pro Max White US ORIG 1:1
ocapro,IPHONE 14 PRO MAX,,2184.0,UAH,Корпус iPhone 14 Pro Max White US ORIG 1:1
ocapro,IPHONE 14 PRO,,2401.0,UAH,Корпус iPhone 14 Pro White EU ORIG 1:1
ocapro,IPHONE 14 PRO,,2229.5,UAH,Корпус iPhone 14 Pro White EU ORIG 1:1
ocapro,IPHONE 14 PRO,,2401.0,UAH,Корпус iPhone 14 Pro White US ORIG 1:1
ocapro,IPHONE 14 PRO,,2229.5,UAH,Корпус iPhone 14 Pro White US ORIG 1:1
ocapro,IPHONE 14,,980.0,UAH,Корпус iPhone 14 White EU HQ
ocapro,IPHONE 14,,910.0,UAH,Корпус iPhone 14 White EU HQ
ocapro,IPHONE 14,,1127.0,UAH,Корпус iPhone 14 White EU ORIG 1:1
ocapro,IPHONE 14,,1046.5,UAH,Корпус iPhone 14 White EU ORIG 1:1
ocapro,IPHONE 15,,1372.0,UAH,Корпус iPhone 15 Black EU HQ
ocapro,IPHONE 15,,1274.0,UAH,Корпус iPhone 15 Black EU HQ
ocapro,IPHONE 15,,1372.0,UAH,Корпус iPhone 15 Blue EU
ocapro,IPHONE 15,,1274.0,UAH,Корпус iPhone 15 Blue EU
ocapro,IPHONE 15,,1372.0,UAH,Корпус iPhone 15 Green EU
ocapro,IPHONE 15,,1274.0,UAH,Корпус iPhone 15 Green EU
ocapro,IPHONE 15,,1372.0,UAH,Корпус iPhone 15 Pink EU
ocapro,IPHONE 15,,1274.0,UAH,Корпус iPhone 15 Pink EU
ocapro,IPHONE 15 PRO,,6370.0,UAH,Корпус iPhone 15 Pro Black Titanium EU 100% ORIG (знятий)
ocapro,IPHONE 15 PRO,,5915.0,UAH,Корпус iPhone 15 Pro Black Titanium EU 100% ORIG (знятий)
ocapro,IPHONE 15 PRO,,2744.0,UAH,Корпус iPhone 15 Pro Blue Titanium EU
ocapro,IPHONE 15 PRO,,2548.0,UAH,Корпус iPhone 15 Pro Blue Titanium EU
ocapro,IPHONE 15 PRO,,6370.0,UAH,Корпус iPhone 15 Pro Blue Titanium EU 100% ORIG (знятий)
ocapro,IPHONE 15 PRO,,5915.0,UAH,Корпус iPhone 15 Pro Blue Titanium EU 100% ORIG (знятий)
ocapro,IPHONE 15 PRO MAX,,3185.0,UAH,Корпус iPhone 15 Pro Max Black Titanium EU
ocapro,IPHONE 15 PRO MAX,,2957.5,UAH,Корпус iPhone 15 Pro Max Black Titanium EU
ocapro,IPHONE 15 PRO MAX,,7350.0,UAH,Корпус iPhone 15 Pro Max Black Titanium EU 100% ORIG (знятий)
ocapro,IPHONE 15 PRO MAX,,6825.0,UAH,Корпус iPhone 15 Pro Max Black Titanium EU 100% ORIG (знятий)
ocapro,IPHONE 15 PRO MAX,,2744.0,UAH,Корпус iPhone 15 Pro Max Blue Titanium EU
ocapro,IPHONE 15 PRO MAX,,2548.0,UAH,Корпус iPhone 15 Pro Max Blue Titanium EU
ocapro,IPHONE 15 PRO MAX,,7350.0,UAH,Корпус iPhone 15 Pro Max Blue Titanium EU 100% ORIG (знятий)
ocapro,IPHONE 15 PRO MAX,,6825.0,UAH,Корпус iPhone 15 Pro Max Blue Titanium EU 100% ORIG (знятий)
ocapro,IPHONE 15 PRO MAX,,2744.0,UAH,Корпус iPhone 15 Pro Max Titanium EU
ocapro,IPHONE 15 PRO MAX,,2548.0,UAH,Корпус iPhone 15 Pro Max Titanium EU
ocapro,IPHONE 15 PRO MAX,,7350.0,UAH,Корпус iPhone 15 Pro Max Titanium EU 100% ORIG (знятий)
ocapro,IPHONE 15 PRO MAX,,6825.0,UAH,Корпус iPhone 15 Pro Max Titanium EU 100% ORIG (знятий)
ocapro,IPHONE 15 PRO MAX,,3185.0,UAH,Корпус iPhone 15 Pro Max Titanium ORIG EU
ocapro,IPHONE 15 PRO MAX,,2957.5,UAH,Корпус iPhone 15 Pro Max Titanium ORIG EU
ocapro,IPHONE 15 PRO MAX,,2744.0,UAH,Корпус iPhone 15 Pro Max White Titanium EU
ocapro,IPHONE 15 PRO MAX,,2548.0,UAH,Корпус iPhone 15 Pro Max White Titanium EU
ocapro,IPHONE 15 PRO MAX,,7350.0,UAH,Корпус iPhone 15 Pro Max White Titanium EU 100% ORIG (знятий)
ocapro,IPHONE 15 PRO MAX,,6825.0,UAH,Корпус iPhone 15 Pro Max White Titanium EU 100% ORIG (знятий)
ocapro,IPHONE 15 PRO,,2744.0,UAH,Корпус iPhone 15 Pro Titanium EU
ocapro,IPHONE 15 PRO,,2548.0,UAH,Корпус iPhone 15 Pro Titanium EU
ocapro,IPHONE 15 PRO,,6370.0,UAH,Корпус iPhone 15 Pro Titanium EU 100% ORIG (знятий)
ocapro,IPHONE 15 PRO,,5915.0,UAH,Корпус iPhone 15 Pro Titanium EU 100% ORIG (знятий)
ocapro,IPHONE 15 PRO,,2744.0,UAH,Корпус iPhone 15 Pro White Titanium EU
ocapro,IPHONE 15 PRO,,2548.0,UAH,Корпус iPhone 15 Pro White Titanium EU
ocapro,IPHONE 15 PRO,,6370.0,UAH,Корпус iPhone 15 Pro White Titanium EU 100% ORIG (знятий)
ocapro,IPHONE 15 PRO,,5915.0,UAH,Корпус iPhone 15 Pro White Titanium EU 100% ORIG (знятий)
ocapro,IPHONE 15,,1372.0,UAH,Корпус iPhone 15 Yellow EU
ocapro,IPHONE 15,,1274.0,UAH,Корпус iPhone 15 Yellow EU
ocapro,IPHONE 7,,588.0,UAH,Корпус iPhone 7 Black ORIG 1:1
ocapro,IPHONE 7,,546.0,UAH,Корпус iPhone 7 Black ORIG 1:1
ocapro,IPHONE 7,,686.0,UAH,Корпус iPhone 7 Gold ORIG 1:1
ocapro,IPHONE 7,,637.0,UAH,Корпус iPhone 7 Gold ORIG 1:1
ocapro,IPHONE 7 PLUS,,735.0,UAH,Корпус iPhone 7 Plus Black ORIG 1:1
ocapro,IPHONE 7 PLUS,,682.5,UAH,Корпус iPhone 7 Plus Black ORIG 1:1
ocapro,IPHONE 7 PLUS,,784.0,UAH,Корпус iPhone 7 Plus Gold ORIG 1:1
ocapro,IPHONE 7 PLUS,,728.0,UAH,Корпус iPhone 7 Plus Gold ORIG 1:1
ocapro,IPHONE 7 PLUS,,784.0,UAH,Корпус iPhone 7 Plus Silver ORIG 1:1
ocapro,IPHONE 7 PLUS,,728.0,UAH,Корпус iPhone 7 Plus Silver ORIG 1:1
ocapro,IPHONE 7,,686.0,UAH,Корпус iPhone 7 Silver ORIG 1:1
ocapro,IPHONE 7,,637.0,UAH,Корпус iPhone 7 Silver ORIG 1:1
ocapro,IPHONE 8,,833.0,UAH,Корпус iPhone 8 Black ORIG 1:1
ocapro,IPHONE 8,,773.5,UAH,Корпус iPhone 8 Black ORIG 1:1
ocapro,IPHONE 8,,960.5,UAH,Корпус iPhone 8 Gold ORIG 1:1
ocapro,IPHONE 8,,892.0,UAH,Корпус iPhone 8 Gold ORIG 1:1
ocapro,IPHONE 8 PLUS,,960.5,UAH,Корпус iPhone 8 Plus Black ORIG 1:1
ocapro,IPHONE 8 PLUS,,892.0,UAH,Корпус iPhone 8 Plus Black ORIG 1:1
ocapro,IPHONE 8 PLUS,,1078.0,UAH,Корпус iPhone 8 Plus Gold ORIG 1:1
ocapro,IPHONE 8 PLUS,,1001.0,UAH,Корпус iPhone 8 Plus Gold ORIG 1:1
ocapro,IPHONE 8 PLUS,,1078.0,UAH,Корпус iPhone 8 Plus Silver ORIG 1:1
ocapro,IPHONE 8 PLUS,,1001.0,UAH,Корпус iPhone 8 Plus Silver ORIG 1:1
ocapro,IPHONE 8,,960.5,UAH,Корпус iPhone 8 Silver ORIG 1:1
ocapro,IPHONE 8,,892.0,UAH,Корпус iPhone 8 Silver ORIG 1:1
ocapro,IPHONE SE,,882.0,UAH,Корпус iPhone SE 2 Black ORIG 1:1
ocapro,IPHONE SE,,819.0,UAH,Корпус iPhone SE 2 Black ORIG 1:1
ocapro,IPHONE SE,,980.0,UAH,Корпус iPhone SE 2 White ORIG 1:1
ocapro,IPHONE SE,,910.0,UAH,Корпус iPhone SE 2 White ORIG 1:1
ocapro,IPHONE SE,,784.0,UAH,Корпус iPhone SE 3 Black ORIG 1:1
ocapro,IPHONE SE,,728.0,UAH,Корпус iPhone SE 3 Black ORIG 1:1
ocapro,IPHONE X,,1294.0,UAH,Корпус iPhone X Silver ORIG 1:1
ocapro,IPHONE X,,1201.5,UAH,Корпус iPhone X Silver ORIG 1:1
ocapro,IPHONE X,,882.0,UAH,Корпус iPhone X Space gray ORIG 1:1
ocapro,IPHONE X,,819.0,UAH,Корпус iPhone X Space gray ORIG 1:1
ocapro,IPHONE XR,,784.0,UAH,Корпус iPhone XR Black ORIG 1:1
ocapro,IPHONE XR,,728.0,UAH,Корпус iPhone XR Black ORIG 1:1
ocapro,IPHONE XR,,784.0,UAH,Корпус iPhone XR RED ORIG 1:1
ocapro,IPHONE XR,,728.0,UAH,Корпус iPhone XR RED ORIG 1:1
ocapro,IPHONE XR,,784.0,UAH,Корпус iPhone XR White ORIG 1:1
ocapro,IPHONE XR,,728.0,UAH,Корпус iPhone XR White ORIG 1:1
ocapro,IPHONE XS,,1715.0,UAH,Корпус iPhone XS Gold ORIG 99 % new (разборка)
ocapro,IPHONE XS,,1592.5,UAH,Корпус iPhone XS Gold ORIG 99 % new (разборка)
ocapro,IPHONE XS MAX,,1637.0,UAH,Корпус iPhone XS MAX White ORIG 1:1
ocapro,IPHONE XS MAX,,1520.0,UAH,Корпус iPhone XS MAX White ORIG 1:1
ocapro,IPHONE XS,,1176.0,UAH,Корпус iPhone XS Space gray ORIG 1:1
ocapro,IPHONE XS,,1092.0,UAH,Корпус iPhone XS Space gray ORIG 1:1
ocapro,IPHONE XS,,1421.0,UAH,Корпус iPhone XS White ORIG 1:1
ocapro,IPHONE XS,,1319.5,UAH,Корпус iPhone XS White ORIG 1:1
ocapro,,,2205.0,UAH,Корпус iPhone12 Pro Black EU ORIG 1:1
ocapro,,,2047.5,UAH,Корпус iPhone12 Pro Black EU ORIG 1:1
ocapro,,,2107.0,UAH,Корпус iPhone12 Pro Black US ORIG 1:1
ocapro,,,1956.5,UAH,Корпус iPhone12 Pro Black US ORIG 1:1
ocapro,,,2205.0,UAH,Корпус iPhone12 Pro Blue EU ORIG 1:1
ocapro,,,2047.5,UAH,Корпус iPhone12 Pro Blue EU ORIG 1:1
ocapro,,,2107.0,UAH,Корпус iPhone12 Pro Blue US ORIG 1:1
ocapro,,,1956.5,UAH,Корпус iPhone12 Pro Blue US ORIG 1:1
ocapro,,,2254.0,UAH,Корпус iPhone12 Pro Gold EU ORIG 1:1
ocapro,,,2093.0,UAH,Корпус iPhone12 Pro Gold EU ORIG 1:1
ocapro,,,2205.0,UAH,Корпус iPhone12 Pro Gold US ORIG 1:1
ocapro,,,2047.5,UAH,Корпус iPhone12 Pro Gold US ORIG 1:1
ocapro,,,2205.0,UAH,Корпус iPhone12 Pro Max Black EU ORIG 1:1
ocapro,,,2047.5,UAH,Корпус iPhone12 Pro Max Black EU ORIG 1:1
ocapro,,,2401.0,UAH,Корпус iPhone12 Pro Max Black US ORIG 1:1
ocapro,,,2229.5,UAH,Корпус iPhone12 Pro Max Black US ORIG 1:1
ocapro,,,2205.0,UAH,Корпус iPhone12 Pro Max Blue EU ORIG 1:1
ocapro,,,2047.5,UAH,Корпус iPhone12 Pro Max Blue EU ORIG 1:1
ocapro,,,2499.0,UAH,Корпус iPhone12 Pro Max Blue US ORIG 1:1
ocapro,,,2320.5,UAH,Корпус iPhone12 Pro Max Blue US ORIG 1:1
ocapro,,,2401.0,UAH,Корпус iPhone12 Pro Max Gold EU ORIG 1:1
ocapro,,,2229.5,UAH,Корпус iPhone12 Pro Max Gold EU ORIG 1:1
ocapro,,,2401.0,UAH,Корпус iPhone12 Pro Max Gold US ORIG 1:1
ocapro,,,2229.5,UAH,Корпус iPhone12 Pro Max Gold US ORIG 1:1
ocapro,,,2205.0,UAH,Корпус iPhone12 Pro Max White EU ORIG 1:1
ocapro,,,2047.5,UAH,Корпус iPhone12 Pro Max White EU ORIG 1:1
ocapro,,,2205.0,UAH,Корпус iPhone12 Pro Max White US ORIG 1:1
ocapro,,,2047.5,UAH,Корпус iPhone12 Pro Max White US ORIG 1:1
ocapro,,,2548.0,UAH,Корпус iPhone12 Pro White EU ORIG 1:1
ocapro,,,2366.0,UAH,Корпус iPhone12 Pro White EU ORIG 1:1
ocapro,,,2548.0,UAH,Корпус iPhone12 Pro White US ORIG 1:1
ocapro,,,2366.0,UAH,Корпус iPhone12 Pro White US ORIG 1:1
ocapro,IPHONE 14 PLUS,,735.0,UAH,Корпус рамка iPhone 14 Plus Black EU ORIG 1:1
ocapro,IPHONE 14 PLUS,,682.5,UAH,Корпус рамка iPhone 14 Plus Black EU ORIG 1:1
ocapro,IPHONE 14 PLUS,,735.0,UAH,Корпус рамка iPhone 14 Plus Black US ORIG 1:1
ocapro,IPHONE 14 PLUS,,682.5,UAH,Корпус рамка iPhone 14 Plus Black US ORIG 1:1
ocapro,IPHONE 14 PLUS,,735.0,UAH,Корпус рамка iPhone 14 Plus Blue EU ORIG 1:1
ocapro,IPHONE 14 PLUS,,682.5,UAH,Корпус рамка iPhone 14 Plus Blue EU ORIG 1:1
ocapro,IPHONE 14 PLUS,,735.0,UAH,Корпус рамка iPhone 14 Plus Blue US ORIG 1:1
ocapro,IPHONE 14 PLUS,,682.5,UAH,Корпус рамка iPhone 14 Plus Blue US ORIG 1:1
ocapro,IPHONE 14 PLUS,,735.0,UAH,Корпус рамка iPhone 14 Plus Purple US ORIG 1:1
ocapro,IPHONE 14 PLUS,,682.5,UAH,Корпус рамка iPhone 14 Plus Purple US ORIG 1:1
ocapro,IPHONE 14 PLUS,,735.0,UAH,Корпус рамка iPhone 14 Plus Red US ORIG 1:1
ocapro,IPHONE 14 PLUS,,682.5,UAH,Корпус рамка iPhone 14 Plus Red US ORIG 1:1
ocapro,IPHONE 15,,686.0,UAH,Корпус рамка iPhone 15 Black EU ORIG 1:1
ocapro,IPHONE 15,,637.0,UAH,Корпус рамка iPhone 15 Black EU ORIG 1:1
ocapro,IPHONE 15,,686.0,UAH,Корпус рамка iPhone 15 Blue EU ORIG 1:1
ocapro,IPHONE 15,,637.0,UAH,Корпус рамка iPhone 15 Blue EU ORIG 1:1
ocapro,IPHONE 15,,686.0,UAH,Корпус рамка iPhone 15 Green EU ORIG 1:1
ocapro,IPHONE 15,,637.0,UAH,Корпус рамка iPhone 15 Green EU ORIG 1:1
ocapro,IPHONE 15,,686.0,UAH,Корпус рамка iPhone 15 Pink EU ORIG 1:1
ocapro,IPHONE 15,,637.0,UAH,Корпус рамка iPhone 15 Pink EU ORIG 1:1
ocapro,IPHONE 15,,686.0,UAH,Корпус рамка iPhone 15 Yellow EU ORIG 1:1
ocapro,IPHONE 15,,637.0,UAH,Корпус рамка iPhone 15 Yellow EU ORIG 1:1
ocapro,IPHONE 16 PRO,,3675.0,UAH,Корпус рамка iPhone 16 Pro Black Titanium EU 100% ORIG (знятий)
ocapro,IPHONE 16 PRO,,3412.5,UAH,Корпус рамка iPhone 16 Pro Black Titanium EU 100% ORIG (знятий)
ocapro,IPHONE 16 PRO,,1862.0,UAH,Корпус рамка iPhone 16 Pro Black Titanium EU HQ
ocapro,IPHONE 16 PRO,,1729.0,UAH,Корпус рамка iPhone 16 Pro Black Titanium EU HQ
ocapro,IPHONE 16 PRO,,3234.0,UAH,Корпус рамка iPhone 16 Pro Black Titanium US 100% ORIG (знятий)
ocapro,IPHONE 16 PRO,,3003.0,UAH,Корпус рамка iPhone 16 Pro Black Titanium US 100% ORIG (знятий)
ocapro,IPHONE 16 PRO,,2989.0,UAH,Корпус рамка iPhone 16 Pro Desert Titanium EU 100% ORIG (знятий)
ocapro,IPHONE 16 PRO,,2775.5,UAH,Корпус рамка iPhone 16 Pro Desert Titanium EU 100% ORIG (знятий)
ocapro,IPHONE 16 PRO,,1862.0,UAH,Корпус рамка iPhone 16 Pro Desert Titanium EU HQ
ocapro,IPHONE 16 PRO,,1729.0,UAH,Корпус рамка iPhone 16 Pro Desert Titanium EU HQ
ocapro,IPHONE 16 PRO,,3234.0,UAH,Корпус рамка iPhone 16 Pro Desert Titanium US 100% ORIG (знятий)
ocapro,IPHONE 16 PRO,,3003.0,UAH,Корпус рамка iPhone 16 Pro Desert Titanium US 100% ORIG (знятий)
ocapro,IPHONE 16 PRO MAX,,3430.0,UAH,Корпус рамка iPhone 16 Pro Max Black Titanium EU 100% ORIG (знятий)
ocapro,IPHONE 16 PRO MAX,,3185.0,UAH,Корпус рамка iPhone 16 Pro Max Black Titanium EU 100% ORIG (знятий)
ocapro,IPHONE 16 PRO MAX,,1862.0,UAH,Корпус рамка iPhone 16 Pro Max Black Titanium EU HQ
ocapro,IPHONE 16 PRO MAX,,1729.0,UAH,Корпус рамка iPhone 16 Pro Max Black Titanium EU HQ
ocapro,IPHONE 16 PRO MAX,,3528.0,UAH,Корпус рамка iPhone 16 Pro Max Black Titanium US 100% ORIG (знятий)
ocapro,IPHONE 16 PRO MAX,,3276.0,UAH,Корпус рамка iPhone 16 Pro Max Black Titanium US 100% ORIG (знятий)
ocapro,IPHONE 16 PRO MAX,,3871.0,UAH,Корпус рамка iPhone 16 Pro Max Desert Titanium EU 100% ORIG (знятий)
ocapro,IPHONE 16 PRO MAX,,3594.5,UAH,Корпус рамка iPhone 16 Pro Max Desert Titanium EU 100% ORIG (знятий)
ocapro,IPHONE 16 PRO MAX,,1862.0,UAH,Корпус рамка iPhone 16 Pro Max Desert Titanium EU HQ
ocapro,IPHONE 16 PRO MAX,,1729.0,UAH,Корпус рамка iPhone 16 Pro Max Desert Titanium EU HQ
ocapro,IPHONE 16 PRO MAX,,3528.0,UAH,Корпус рамка iPhone 16 Pro Max Desert Titanium US 100% ORIG (знятий)
ocapro,IPHONE 16 PRO MAX,,3276.0,UAH,Корпус рамка iPhone 16 Pro Max Desert Titanium US 100% ORIG (знятий)
ocapro,IPHONE 16 PRO MAX,,4802.0,UAH,Корпус рамка iPhone 16 Pro Max Titanium EU 100% ORIG (знятий)
ocapro,IPHONE 16 PRO MAX,,4459.0,UAH,Корпус рамка iPhone 16 Pro Max Titanium EU 100% ORIG (знятий)
ocapro,IPHONE 16 PRO MAX,,1862.0,UAH,Корпус рамка iPhone 16 Pro Max Titanium EU HQ
ocapro,IPHONE 16 PRO MAX,,1729.0,UAH,Корпус рамка iPhone 16 Pro Max Titanium EU HQ
ocapro,IPHONE 16 PRO MAX,,3528.0,UAH,Корпус рамка iPhone 16 Pro Max Titanium US 100% ORIG (знятий)
ocapro,IPHONE 16 PRO MAX,,3276.0,UAH,Корпус рамка iPhone 16 Pro Max Titanium US 100% ORIG (знятий)
ocapro,IPHONE 16 PRO MAX,,3822.0,UAH,Корпус рамка iPhone 16 Pro Max White Titanium EU 100% ORIG (знятий)
ocapro,IPHONE 16 PRO MAX,,3549.0,UAH,Корпус рамка iPhone 16 Pro Max White Titanium EU 100% ORIG (знятий)
ocapro,IPHONE 16 PRO MAX,,1862.0,UAH,Корпус рамка iPhone 16 Pro Max White Titanium EU HQ
ocapro,IPHONE 16 PRO MAX,,1729.0,UAH,Корпус рамка iPhone 16 Pro Max White Titanium EU HQ
ocapro,IPHONE 16 PRO MAX,,3528.0,UAH,Корпус рамка iPhone 16 Pro Max White Titanium US 100% ORIG (знятий)
ocapro,IPHONE 16 PRO MAX,,3276.0,UAH,Корпус рамка iPhone 16 Pro Max White Titanium US 100% ORIG (знятий)
ocapro,IPHONE 16 PRO,,3675.0,UAH,Корпус рамка iPhone 16 Pro Titanium EU 100% ORIG (знятий)
ocapro,IPHONE 16 PRO,,3412.5,UAH,Корпус рамка iPhone 16 Pro Titanium EU 100% ORIG (знятий)
ocapro,IPHONE 16 PRO,,1862.0,UAH,Корпус рамка iPhone 16 Pro Titanium EU HQ
ocapro,IPHONE 16 PRO,,1729.0,UAH,Корпус рамка iPhone 16 Pro Titanium EU HQ
ocapro,IPHONE 16 PRO,,3234.0,UAH,Корпус рамка iPhone 16 Pro Titanium US 100% ORIG (знятий)
ocapro,IPHONE 16 PRO,,3003.0,UAH,Корпус рамка iPhone 16 Pro Titanium US 100% ORIG (знятий)
ocapro,IPHONE 16 PRO,,3675.0,UAH,Корпус рамка iPhone 16 Pro White Titanium EU 100% ORIG (знятий)
ocapro,IPHONE 16 PRO,,3412.5,UAH,Корпус рамка iPhone 16 Pro White Titanium EU 100% ORIG (знятий)
ocapro,IPHONE 16 PRO,,1862.0,UAH,Корпус рамка iPhone 16 Pro White Titanium EU HQ
ocapro,IPHONE 16 PRO,,1729.0,UAH,Корпус рамка iPhone 16 Pro White Titanium EU HQ
ocapro,IPHONE 16 PRO,,3234.0,UAH,Корпус рамка iPhone 16 Pro White Titanium US 100% ORIG (знятий)
ocapro,IPHONE 16 PRO,,3003.0,UAH,Корпус рамка iPhone 16 Pro White Titanium US 100% ORIG (знятий)
ocapro,IPHONE 17 PRO,,2205.0,UAH,Корпус рамка iPhone 17 Pro Cosmic Orange EU ORIG 1:1
ocapro,IPHONE 17 PRO,,2047.5,UAH,Корпус рамка iPhone 17 Pro Cosmic Orange EU ORIG 1:1
ocapro,IPHONE 17 PRO,,2205.0,UAH,Корпус рамка iPhone 17 Pro Cosmic Orange US ORIG 1:1
ocapro,IPHONE 17 PRO,,2047.5,UAH,Корпус рамка iPhone 17 Pro Cosmic Orange US ORIG 1:1
ocapro,IPHONE 17 PRO,,2205.0,UAH,Корпус рамка iPhone 17 Pro Deep Blue EU ORIG 1:1
ocapro,IPHONE 17 PRO,,2047.5,UAH,Корпус рамка iPhone 17 Pro Deep Blue EU ORIG 1:1
ocapro,IPHONE 17 PRO,,2205.0,UAH,Корпус рамка iPhone 17 Pro Deep Blue US ORIG 1:1
ocapro,IPHONE 17 PRO,,2047.5,UAH,Корпус рамка iPhone 17 Pro Deep Blue US ORIG 1:1
ocapro,IPHONE 17 PRO MAX,,2205.0,UAH,Корпус рамка iPhone 17 Pro Max Cosmic Orange EU ORIG 1:1
ocapro,IPHONE 17 PRO MAX,,2047.5,UAH,Корпус рамка iPhone 17 Pro Max Cosmic Orange EU ORIG 1:1
ocapro,IPHONE 17 PRO MAX,,2205.0,UAH,Корпус рамка iPhone 17 Pro Max Cosmic Orange US ORIG 1:1
ocapro,IPHONE 17 PRO MAX,,2047.5,UAH,Корпус рамка iPhone 17 Pro Max Cosmic Orange US ORIG 1:1
ocapro,IPHONE 17 PRO MAX,,2205.0,UAH,Корпус рамка iPhone 17 Pro Max Deep Blue EU ORIG 1:1
ocapro,IPHONE 17 PRO MAX,,2047.5,UAH,Корпус рамка iPhone 17 Pro Max Deep Blue EU ORIG 1:1
ocapro,IPHONE 17 PRO MAX,,2205.0,UAH,Корпус рамка iPhone 17 Pro Max Deep Blue US ORIG 1:1
ocapro,IPHONE 17 PRO MAX,,2047.5,UAH,Корпус рамка iPhone 17 Pro Max Deep Blue US ORIG 1:1
ocapro,IPHONE 17 PRO MAX,,2205.0,UAH,Корпус рамка iPhone 17 Pro Max Silver EU ORIG 1:1
ocapro,IPHONE 17 PRO MAX,,2047.5,UAH,Корпус рамка iPhone 17 Pro Max Silver EU ORIG 1:1
ocapro,IPHONE 17 PRO MAX,,2205.0,UAH,Корпус рамка iPhone 17 Pro Max Silver US ORIG 1:1
ocapro,IPHONE 17 PRO MAX,,2047.5,UAH,Корпус рамка iPhone 17 Pro Max Silver US ORIG 1:1
ocapro,IPHONE 17 PRO,,2205.0,UAH,Корпус рамка iPhone 17 Pro Silver EU ORIG 1:1
ocapro,IPHONE 17 PRO,,2047.5,UAH,Корпус рамка iPhone 17 Pro Silver EU ORIG 1:1
ocapro,IPHONE 17 PRO,,2205.0,UAH,Корпус рамка iPhone 17 Pro Silver US ORIG 1:1
ocapro,IPHONE 17 PRO,,2047.5,UAH,Корпус рамка iPhone 17 Pro Silver US ORIG 1:1
ocapro,IPHONE 15 PLUS,,784.0,UAH,Рамка iPhone 15 Plus Black EU
ocapro,IPHONE 15 PLUS,,728.0,UAH,Рамка iPhone 15 Plus Black EU
ocapro,IPHONE 15 PLUS,,784.0,UAH,Рамка iPhone 15 Plus Blue EU
ocapro,IPHONE 15 PLUS,,728.0,UAH,Рамка iPhone 15 Plus Blue EU
ocapro,IPHONE 15 PLUS,,784.0,UAH,Рамка iPhone 15 Plus Green EU
ocapro,IPHONE 15 PLUS,,728.0,UAH,Рамка iPhone 15 Plus Green EU
ocapro,IPHONE 15 PLUS,,784.0,UAH,Рамка iPhone 15 Plus Pink EU
ocapro,IPHONE 15 PLUS,,728.0,UAH,Рамка iPhone 15 Plus Pink EU
ocapro,IPHONE 15 PLUS,,784.0,UAH,Рамка iPhone 15 Plus Yellow EU
ocapro,IPHONE 15 PLUS,,728.0,UAH,Рамка iPhone 15 Plus Yellow EU
ocapro,IPHONE 15 PRO,,2107.0,UAH,Рамка iPhone 15 Pro Black Titanium US
ocapro,IPHONE 15 PRO,,1956.5,UAH,Рамка iPhone 15 Pro Black Titanium US
ocapro,IPHONE 15 PRO,,2646.0,UAH,Рамка iPhone 15 Pro Black Titanium US 100% ORIG (знятий)
ocapro,IPHONE 15 PRO,,2457.0,UAH,Рамка iPhone 15 Pro Black Titanium US 100% ORIG (знятий)
ocapro,IPHONE 15 PRO,,2254.0,UAH,Рамка iPhone 15 Pro Blue Titanium EU 100% ORIG (знятий)
ocapro,IPHONE 15 PRO,,2093.0,UAH,Рамка iPhone 15 Pro Blue Titanium EU 100% ORIG (знятий)
ocapro,IPHONE 15 PRO,,2107.0,UAH,Рамка iPhone 15 Pro Blue Titanium US
ocapro,IPHONE 15 PRO,,1956.5,UAH,Рамка iPhone 15 Pro Blue Titanium US
ocapro,IPHONE 15 PRO,,2646.0,UAH,Рамка iPhone 15 Pro Blue Titanium US 100% ORIG (знятий)
ocapro,IPHONE 15 PRO,,2457.0,UAH,Рамка iPhone 15 Pro Blue Titanium US 100% ORIG (знятий)
ocapro,IPHONE 15 PRO MAX,,2499.0,UAH,Рамка iPhone 15 Pro Max Black Titanium EU 100% ORIG (знятий)
ocapro,IPHONE 15 PRO MAX,,2320.5,UAH,Рамка iPhone 15 Pro Max Black Titanium EU 100% ORIG (знятий)
ocapro,IPHONE 15 PRO MAX,,2107.0,UAH,Рамка iPhone 15 Pro Max Black Titanium US
ocapro,IPHONE 15 PRO MAX,,1956.5,UAH,Рамка iPhone 15 Pro Max Black Titanium US
ocapro,IPHONE 15 PRO MAX,,2646.0,UAH,Рамка iPhone 15 Pro Max Black Titanium US 100% ORIG (знятий)
ocapro,IPHONE 15 PRO MAX,,2457.0,UAH,Рамка iPhone 15 Pro Max Black Titanium US 100% ORIG (знятий)
ocapro,IPHONE 15 PRO MAX,,2499.0,UAH,Рамка iPhone 15 Pro Max Blue Titanium EU 100% ORIG (знятий)
ocapro,IPHONE 15 PRO MAX,,2320.5,UAH,Рамка iPhone 15 Pro Max Blue Titanium EU 100% ORIG (знятий)
ocapro,IPHONE 15 PRO MAX,,2107.0,UAH,Рамка iPhone 15 Pro Max Blue Titanium US
ocapro,IPHONE 15 PRO MAX,,1956.5,UAH,Рамка iPhone 15 Pro Max Blue Titanium US
ocapro,IPHONE 15 PRO MAX,,2646.0,UAH,Рамка iPhone 15 Pro Max Blue Titanium US 100% ORIG (знятий)
ocapro,IPHONE 15 PRO MAX,,2457.0,UAH,Рамка iPhone 15 Pro Max Blue Titanium US 100% ORIG (знятий)
ocapro,IPHONE 15 PRO MAX,,2107.0,UAH,Рамка iPhone 15 Pro Max Titanium EU
ocapro,IPHONE 15 PRO MAX,,1956.5,UAH,Рамка iPhone 15 Pro Max Titanium EU
ocapro,IPHONE 15 PRO MAX,,2646.0,UAH,Рамка iPhone 15 Pro Max Titanium EU 100% ORIG (знятий)
ocapro,IPHONE 15 PRO MAX,,2457.0,UAH,Рамка iPhone 15 Pro Max Titanium EU 100% ORIG (знятий)
ocapro,IPHONE 15 PRO MAX,,2107.0,UAH,Рамка iPhone 15 Pro Max Titanium US
ocapro,IPHONE 15 PRO MAX,,1956.5,UAH,Рамка iPhone 15 Pro Max Titanium US
ocapro,IPHONE 15 PRO MAX,,2646.0,UAH,Рамка iPhone 15 Pro Max Titanium US 100% ORIG (знятий)
ocapro,IPHONE 15 PRO MAX,,2457.0,UAH,Рамка iPhone 15 Pro Max Titanium US 100% ORIG (знятий)
ocapro,IPHONE 15 PRO MAX,,2646.0,UAH,Рамка iPhone 15 Pro Max White Titanium US 100% ORIG (знятий)
ocapro,IPHONE 15 PRO MAX,,2457.0,UAH,Рамка iPhone 15 Pro Max White Titanium US 100% ORIG (знятий)
ocapro,IPHONE 15 PRO,,2254.0,UAH,Рамка iPhone 15 Pro Titanium EU 100% ORIG (знятий)
ocapro,IPHONE 15 PRO,,2093.0,UAH,Рамка iPhone 15 Pro Titanium EU 100% ORIG (знятий)
ocapro,IPHONE 15 PRO,,2646.0,UAH,Рамка iPhone 15 Pro Titanium US 100% ORIG (знятий)
ocapro,IPHONE 15 PRO,,2457.0,UAH,Рамка iPhone 15 Pro Titanium US 100% ORIG (знятий)
ocapro,IPHONE 15 PRO,,2646.0,UAH,Рамка iPhone 15 Pro White Titanium US 100% ORIG (знятий)
ocapro,IPHONE 15 PRO,,2457.0,UAH,Рамка iPhone 15 Pro White Titanium US 100% ORIG (знятий)
ocapro,IPHONE 11,Кришка корпусу задня без обвісу,157.5,UAH,Задня кришка iPhone 11 Green BIG
ocapro,IPHONE 11,Кришка корпусу задня без обвісу,147.0,UAH,Задня кришка iPhone 11 Green BIG
ocapro,IPHONE 11 PRO,Кришка корпусу задня без обвісу,241.5,UAH,Задня кришка iPhone 11 PRO Gold BIG
ocapro,IPHONE 11 PRO,Кришка корпусу задня без обвісу,225.5,UAH,Задня кришка iPhone 11 PRO Gold BIG
ocapro,IPHONE 11 PRO,Кришка корпусу задня без обвісу,241.5,UAH,Задня кришка iPhone 11 PRO Green BIG
ocapro,IPHONE 11 PRO,Кришка корпусу задня без обвісу,225.5,UAH,Задня кришка iPhone 11 PRO Green BIG
ocapro,IPHONE 11 PRO MAX,Кришка корпусу задня без обвісу,241.5,UAH,Задня кришка iPhone 11 PRO MAX Gold BIG
ocapro,IPHONE 11 PRO MAX,Кришка корпусу задня без обвісу,225.5,UAH,Задня кришка iPhone 11 PRO MAX Gold BIG
ocapro,IPHONE 11 PRO MAX,Кришка корпусу задня без обвісу,241.5,UAH,Задня кришка iPhone 11 PRO MAX Green BIG
ocapro,IPHONE 11 PRO MAX,Кришка корпусу задня без обвісу,225.5,UAH,Задня кришка iPhone 11 PRO MAX Green BIG
ocapro,IPHONE 11 PRO MAX,Кришка корпусу задня без обвісу,262.5,UAH,Задня кришка iPhone 11 PRO MAX Silver BIG
ocapro,IPHONE 11 PRO MAX,Кришка корпусу задня без обвісу,245.0,UAH,Задня кришка iPhone 11 PRO MAX Silver BIG
ocapro,IPHONE 11 PRO MAX,Кришка корпусу задня без обвісу,241.5,UAH,Задня кришка iPhone 11 PRO MAX Space Gray BIG
ocapro,IPHONE 11 PRO MAX,Кришка корпусу задня без обвісу,225.5,UAH,Задня кришка iPhone 11 PRO MAX Space Gray BIG
ocapro,IPHONE 11 PRO,Кришка корпусу задня без обвісу,262.5,UAH,Задня кришка iPhone 11 PRO Silver BIG
ocapro,IPHONE 11 PRO,Кришка корпусу задня без обвісу,245.0,UAH,Задня кришка iPhone 11 PRO Silver BIG
ocapro,IPHONE 11 PRO,Кришка корпусу задня без обвісу,241.5,UAH,Задня кришка iPhone 11 PRO Space Gray BIG
ocapro,IPHONE 11 PRO,Кришка корпусу задня без обвісу,225.5,UAH,Задня кришка iPhone 11 PRO Space Gray BIG
ocapro,IPHONE 11,Кришка корпусу задня без обвісу,147.0,UAH,Задня кришка iPhone 11 Purple BIG
ocapro,IPHONE 11,Кришка корпусу задня без обвісу,137.5,UAH,Задня кришка iPhone 11 Purple BIG
ocapro,IPHONE 11,Кришка корпусу задня без обвісу,147.0,UAH,Задня кришка iPhone 11 Red BIG
ocapro,IPHONE 11,Кришка корпусу задня без обвісу,137.5,UAH,Задня кришка iPhone 11 Red BIG
ocapro,IPHONE 11,Кришка корпусу задня без обвісу,168.0,UAH,Задня кришка iPhone 11 Silver BIG
ocapro,IPHONE 11,Кришка корпусу задня без обвісу,157.0,UAH,Задня кришка iPhone 11 Silver BIG
ocapro,IPHONE 11,Кришка корпусу задня без обвісу,147.0,UAH,Задня кришка iPhone 11 Space Gray BIG
ocapro,IPHONE 11,Кришка корпусу задня без обвісу,137.5,UAH,Задня кришка iPhone 11 Space Gray BIG
ocapro,IPHONE 11,Кришка корпусу задня без обвісу,189.0,UAH,Задня кришка iPhone 11 Yellow  BIG
ocapro,IPHONE 11,Кришка корпусу задня без обвісу,176.5,UAH,Задня кришка iPhone 11 Yellow  BIG
ocapro,IPHONE 12,Кришка корпусу задня без обвісу,168.0,UAH,Задня кришка iPhone 12 Black BIG
ocapro,IPHONE 12,Кришка корпусу задня без обвісу,157.0,UAH,Задня кришка iPhone 12 Black BIG
ocapro,IPHONE 12,Кришка корпусу задня без обвісу,157.5,UAH,Задня кришка iPhone 12 Blue BIG
ocapro,IPHONE 12,Кришка корпусу задня без обвісу,147.0,UAH,Задня кришка iPhone 12 Blue BIG
ocapro,IPHONE 12,Кришка корпусу задня без обвісу,157.5,UAH,Задня кришка iPhone 12 Green BIG
ocapro,IPHONE 12,Кришка корпусу задня без обвісу,147.0,UAH,Задня кришка iPhone 12 Green BIG
ocapro,IPHONE 12 MINI,Кришка корпусу задня без обвісу,157.5,UAH,Задня кришка iPhone 12 Mini Black BIG
ocapro,IPHONE 12 MINI,Кришка корпусу задня без обвісу,147.0,UAH,Задня кришка iPhone 12 Mini Black BIG
ocapro,IPHONE 12 MINI,Кришка корпусу задня без обвісу,168.0,UAH,Задня кришка iPhone 12 Mini Blue BIG
ocapro,IPHONE 12 MINI,Кришка корпусу задня без обвісу,157.0,UAH,Задня кришка iPhone 12 Mini Blue BIG
ocapro,IPHONE 12 MINI,Кришка корпусу задня без обвісу,168.0,UAH,Задня кришка iPhone 12 Mini Green BIG
ocapro,IPHONE 12 MINI,Кришка корпусу задня без обвісу,157.0,UAH,Задня кришка iPhone 12 Mini Green BIG
ocapro,IPHONE 12 MINI,Кришка корпусу задня без обвісу,168.0,UAH,Задня кришка iPhone 12 Mini Purple BIG
ocapro,IPHONE 12 MINI,Кришка корпусу задня без обвісу,157.0,UAH,Задня кришка iPhone 12 Mini Purple BIG
ocapro,IPHONE 12 MINI,Кришка корпусу задня без обвісу,168.0,UAH,Задня кришка iPhone 12 Mini Red BIG
ocapro,IPHONE 12 MINI,Кришка корпусу задня без обвісу,157.0,UAH,Задня кришка iPhone 12 Mini Red BIG
ocapro,IPHONE 12 MINI,Кришка корпусу задня без обвісу,168.0,UAH,Задня кришка iPhone 12 Mini White BIG
ocapro,IPHONE 12 MINI,Кришка корпусу задня без обвісу,157.0,UAH,Задня кришка iPhone 12 Mini White BIG
ocapro,IPHONE 12 PRO,Кришка корпусу задня без обвісу,252.0,UAH,Задня кришка iPhone 12 PRO Blue BIG
ocapro,IPHONE 12 PRO,Кришка корпусу задня без обвісу,235.5,UAH,Задня кришка iPhone 12 PRO Blue BIG
ocapro,IPHONE 12 PRO,Кришка корпусу задня без обвісу,252.0,UAH,Задня кришка iPhone 12 PRO Gold BIG
ocapro,IPHONE 12 PRO,Кришка корпусу задня без обвісу,235.5,UAH,Задня кришка iPhone 12 PRO Gold BIG
ocapro,IPHONE 12 PRO MAX,Кришка корпусу задня без обвісу,262.5,UAH,Задня кришка iPhone 12 PRO MAX Blue BIG
ocapro,IPHONE 12 PRO MAX,Кришка корпусу задня без обвісу,245.0,UAH,Задня кришка iPhone 12 PRO MAX Blue BIG
ocapro,IPHONE 12 PRO MAX,Кришка корпусу задня без обвісу,262.5,UAH,Задня кришка iPhone 12 PRO MAX Gold BIG
ocapro,IPHONE 12 PRO MAX,Кришка корпусу задня без обвісу,245.0,UAH,Задня кришка iPhone 12 PRO MAX Gold BIG
ocapro,IPHONE 12 PRO MAX,Кришка корпусу задня без обвісу,273.0,UAH,Задня кришка iPhone 12 PRO MAX Space gray BIG
ocapro,IPHONE 12 PRO MAX,Кришка корпусу задня без обвісу,255.0,UAH,Задня кришка iPhone 12 PRO MAX Space gray BIG
ocapro,IPHONE 12 PRO MAX,Кришка корпусу задня без обвісу,252.0,UAH,Задня кришка iPhone 12 PRO MAX White BIG
ocapro,IPHONE 12 PRO MAX,Кришка корпусу задня без обвісу,235.5,UAH,Задня кришка iPhone 12 PRO MAX White BIG
ocapro,IPHONE 12 PRO,Кришка корпусу задня без обвісу,252.0,UAH,Задня кришка iPhone 12 PRO Space gray BIG
ocapro,IPHONE 12 PRO,Кришка корпусу задня без обвісу,235.5,UAH,Задня кришка iPhone 12 PRO Space gray BIG
ocapro,IPHONE 12 PRO,Кришка корпусу задня без обвісу,262.5,UAH,Задня кришка iPhone 12 PRO White BIG
ocapro,IPHONE 12 PRO,Кришка корпусу задня без обвісу,245.0,UAH,Задня кришка iPhone 12 PRO White BIG
ocapro,IPHONE 12,Кришка корпусу задня без обвісу,157.5,UAH,Задня кришка iPhone 12 Red BIG
ocapro,IPHONE 12,Кришка корпусу задня без обвісу,147.0,UAH,Задня кришка iPhone 12 Red BIG
ocapro,IPHONE 12,Кришка корпусу задня без обвісу,168.0,UAH,Задня кришка iPhone 12 White BIG
ocapro,IPHONE 12,Кришка корпусу задня без обвісу,157.0,UAH,Задня кришка iPhone 12 White BIG
ocapro,IPHONE 13 MINI,Кришка корпусу задня без обвісу,189.0,UAH,Задня кришка iPhone 13 Mini Black BIG
ocapro,IPHONE 13 MINI,Кришка корпусу задня без обвісу,176.5,UAH,Задня кришка iPhone 13 Mini Black BIG
ocapro,IPHONE 13 MINI,Кришка корпусу задня без обвісу,189.0,UAH,Задня кришка iPhone 13 Mini Blue BIG
ocapro,IPHONE 13 MINI,Кришка корпусу задня без обвісу,176.5,UAH,Задня кришка iPhone 13 Mini Blue BIG
ocapro,IPHONE 13 MINI,Кришка корпусу задня без обвісу,210.0,UAH,Задня кришка iPhone 13 Mini Green BIG
ocapro,IPHONE 13 MINI,Кришка корпусу задня без обвісу,196.0,UAH,Задня кришка iPhone 13 Mini Green BIG
ocapro,IPHONE 13 MINI,Кришка корпусу задня без обвісу,210.0,UAH,Задня кришка iPhone 13 Mini Pink BIG
ocapro,IPHONE 13 MINI,Кришка корпусу задня без обвісу,196.0,UAH,Задня кришка iPhone 13 Mini Pink BIG
ocapro,IPHONE 13 MINI,Кришка корпусу задня без обвісу,210.0,UAH,Задня кришка iPhone 13 Mini Red BIG
ocapro,IPHONE 13 MINI,Кришка корпусу задня без обвісу,196.0,UAH,Задня кришка iPhone 13 Mini Red BIG
ocapro,IPHONE 13 MINI,Кришка корпусу задня без обвісу,189.0,UAH,Задня кришка iPhone 13 Mini White BIG
ocapro,IPHONE 13 MINI,Кришка корпусу задня без обвісу,176.5,UAH,Задня кришка iPhone 13 Mini White BIG
ocapro,IPHONE 14,Кришка корпусу задня без обвісу,294.0,UAH,Задня кришка iPhone 14 Black BIG
ocapro,IPHONE 14,Кришка корпусу задня без обвісу,274.5,UAH,Задня кришка iPhone 14 Black BIG
ocapro,IPHONE 14,Кришка корпусу задня без обвісу,294.0,UAH,Задня кришка iPhone 14 Blue BIG
ocapro,IPHONE 14,Кришка корпусу задня без обвісу,274.5,UAH,Задня кришка iPhone 14 Blue BIG
ocapro,IPHONE 14 PLUS,Кришка корпусу задня без обвісу,367.5,UAH,Задня кришка iPhone 14 Plus Black BIG
ocapro,IPHONE 14 PLUS,Кришка корпусу задня без обвісу,343.0,UAH,Задня кришка iPhone 14 Plus Black BIG
ocapro,IPHONE 14 PLUS,Кришка корпусу задня без обвісу,367.5,UAH,Задня кришка iPhone 14 Plus Blue BIG
ocapro,IPHONE 14 PLUS,Кришка корпусу задня без обвісу,343.0,UAH,Задня кришка iPhone 14 Plus Blue BIG
ocapro,IPHONE 14 PLUS,Кришка корпусу задня без обвісу,367.5,UAH,Задня кришка iPhone 14 Plus Purple BIG
ocapro,IPHONE 14 PLUS,Кришка корпусу задня без обвісу,343.0,UAH,Задня кришка iPhone 14 Plus Purple BIG
ocapro,IPHONE 14 PLUS,Кришка корпусу задня без обвісу,367.5,UAH,Задня кришка iPhone 14 Plus Red BIG
ocapro,IPHONE 14 PLUS,Кришка корпусу задня без обвісу,343.0,UAH,Задня кришка iPhone 14 Plus Red BIG
ocapro,IPHONE 14 PLUS,Кришка корпусу задня без обвісу,367.5,UAH,Задня кришка iPhone 14 Plus Silver BIG
ocapro,IPHONE 14 PLUS,Кришка корпусу задня без обвісу,343.0,UAH,Задня кришка iPhone 14 Plus Silver BIG
ocapro,IPHONE 14,Кришка корпусу задня без обвісу,294.0,UAH,Задня кришка iPhone 14 Purple BIG
ocapro,IPHONE 14,Кришка корпусу задня без обвісу,274.5,UAH,Задня кришка iPhone 14 Purple BIG
ocapro,IPHONE 14,Кришка корпусу задня без обвісу,294.0,UAH,Задня кришка iPhone 14 Red BIG
ocapro,IPHONE 14,Кришка корпусу задня без обвісу,274.5,UAH,Задня кришка iPhone 14 Red BIG
ocapro,IPHONE 14,Кришка корпусу задня без обвісу,294.0,UAH,Задня кришка iPhone 14 Silver BIG
ocapro,IPHONE 14,Кришка корпусу задня без обвісу,274.5,UAH,Задня кришка iPhone 14 Silver BIG
ocapro,IPHONE 8 PLUS,Кришка корпусу задня без обвісу,73.5,UAH,Задня кришка iPhone 8 Plus Black BIG
ocapro,IPHONE 8 PLUS,Кришка корпусу задня без обвісу,69.0,UAH,Задня кришка iPhone 8 Plus Black BIG
ocapro,IPHONE 8 PLUS,Кришка корпусу задня без обвісу,73.5,UAH,Задня кришка iPhone 8 Plus Gold BIG
ocapro,IPHONE 8 PLUS,Кришка корпусу задня без обвісу,69.0,UAH,Задня кришка iPhone 8 Plus Gold BIG
ocapro,IPHONE 8 PLUS,Кришка корпусу задня без обвісу,84.0,UAH,Задня кришка iPhone 8 Plus White BIG
ocapro,IPHONE 8 PLUS,Кришка корпусу задня без обвісу,78.5,UAH,Задня кришка iPhone 8 Plus White BIG
ocapro,IPHONE SE,Кришка корпусу задня без обвісу,84.0,UAH,Задня кришка iPhone SE 2 Black Big
ocapro,IPHONE SE,Кришка корпусу задня без обвісу,78.5,UAH,Задня кришка iPhone SE 2 Black Big
ocapro,IPHONE SE,Кришка корпусу задня без обвісу,63.0,UAH,Задня кришка iPhone SE 2 RED Big
ocapro,IPHONE SE,Кришка корпусу задня без обвісу,59.0,UAH,Задня кришка iPhone SE 2 RED Big
ocapro,IPHONE SE,Кришка корпусу задня без обвісу,84.0,UAH,Задня кришка iPhone SE 2 White Big
ocapro,IPHONE SE,Кришка корпусу задня без обвісу,78.5,UAH,Задня кришка iPhone SE 2 White Big
ocapro,IPHONE X,Кришка корпусу задня без обвісу,84.0,UAH,Задня кришка iPhone X Black Big
ocapro,IPHONE X,Кришка корпусу задня без обвісу,78.5,UAH,Задня кришка iPhone X Black Big
ocapro,IPHONE X,Кришка корпусу задня без обвісу,105.0,UAH,Задня кришка iPhone X Black EU Big
ocapro,IPHONE X,Кришка корпусу задня без обвісу,98.0,UAH,Задня кришка iPhone X Black EU Big
ocapro,IPHONE X,Кришка корпусу задня без обвісу,84.0,UAH,Задня кришка iPhone X White Big
ocapro,IPHONE X,Кришка корпусу задня без обвісу,78.5,UAH,Задня кришка iPhone X White Big
ocapro,IPHONE X,Кришка корпусу задня без обвісу,105.0,UAH,Задня кришка iPhone X White EU Big
ocapro,IPHONE X,Кришка корпусу задня без обвісу,98.0,UAH,Задня кришка iPhone X White EU Big
ocapro,IPHONE XR,Кришка корпусу задня без обвісу,84.0,UAH,Задня кришка iPhone XR Black Big Hole
ocapro,IPHONE XR,Кришка корпусу задня без обвісу,78.5,UAH,Задня кришка iPhone XR Black Big Hole
ocapro,IPHONE XR,Кришка корпусу задня без обвісу,84.0,UAH,Задня кришка iPhone XR Blue Big Hole
ocapro,IPHONE XR,Кришка корпусу задня без обвісу,78.5,UAH,Задня кришка iPhone XR Blue Big Hole
ocapro,IPHONE XR,Кришка корпусу задня без обвісу,84.0,UAH,Задня кришка iPhone XR Orange Big Hole
ocapro,IPHONE XR,Кришка корпусу задня без обвісу,78.5,UAH,Задня кришка iPhone XR Orange Big Hole
ocapro,IPHONE XR,Кришка корпусу задня без обвісу,84.0,UAH,Задня кришка iPhone XR Red Big Hole
ocapro,IPHONE XR,Кришка корпусу задня без обвісу,78.5,UAH,Задня кришка iPhone XR Red Big Hole
ocapro,IPHONE XR,Кришка корпусу задня без обвісу,73.5,UAH,Задня кришка iPhone XR White Big Hole
ocapro,IPHONE XR,Кришка корпусу задня без обвісу,69.0,UAH,Задня кришка iPhone XR White Big Hole
ocapro,IPHONE XR,Кришка корпусу задня без обвісу,73.5,UAH,Задня кришка iPhone XR Yellow Big Hole
ocapro,IPHONE XR,Кришка корпусу задня без обвісу,69.0,UAH,Задня кришка iPhone XR Yellow Big Hole
ocapro,IPHONE XS,Кришка корпусу задня без обвісу,84.0,UAH,Задня кришка iPhone XS Black BIG
ocapro,IPHONE XS,Кришка корпусу задня без обвісу,78.5,UAH,Задня кришка iPhone XS Black BIG
ocapro,IPHONE XS,Кришка корпусу задня без обвісу,115.5,UAH,Задня кришка iPhone XS Black EU Big
ocapro,IPHONE XS,Кришка корпусу задня без обвісу,108.0,UAH,Задня кришка iPhone XS Black EU Big
ocapro,IPHONE XS,Кришка корпусу задня без обвісу,126.0,UAH,Задня кришка iPhone XS Gold BIG
ocapro,IPHONE XS,Кришка корпусу задня без обвісу,118.0,UAH,Задня кришка iPhone XS Gold BIG
ocapro,IPHONE XS,Кришка корпусу задня без обвісу,115.5,UAH,Задня кришка iPhone XS Gold EU Big
ocapro,IPHONE XS,Кришка корпусу задня без обвісу,108.0,UAH,Задня кришка iPhone XS Gold EU Big
ocapro,IPHONE XS MAX,Кришка корпусу задня без обвісу,84.0,UAH,Задня кришка iPhone XS Max Black Big
ocapro,IPHONE XS MAX,Кришка корпусу задня без обвісу,78.5,UAH,Задня кришка iPhone XS Max Black Big
ocapro,IPHONE XS MAX,Кришка корпусу задня без обвісу,115.5,UAH,Задня кришка iPhone XS Max Black EU Big
ocapro,IPHONE XS MAX,Кришка корпусу задня без обвісу,108.0,UAH,Задня кришка iPhone XS Max Black EU Big
ocapro,IPHONE XS MAX,Кришка корпусу задня без обвісу,100.0,UAH,Задня кришка iPhone XS Max Gold Big
ocapro,IPHONE XS MAX,Кришка корпусу задня без обвісу,93.5,UAH,Задня кришка iPhone XS Max Gold Big
ocapro,IPHONE XS MAX,Кришка корпусу задня без обвісу,115.5,UAH,Задня кришка iPhone XS Max Gold EU Big
ocapro,IPHONE XS MAX,Кришка корпусу задня без обвісу,108.0,UAH,Задня кришка iPhone XS Max Gold EU Big
ocapro,IPHONE XS MAX,Кришка корпусу задня без обвісу,84.0,UAH,Задня кришка iPhone XS Max White Big
ocapro,IPHONE XS MAX,Кришка корпусу задня без обвісу,78.5,UAH,Задня кришка iPhone XS Max White Big
ocapro,IPHONE XS MAX,Кришка корпусу задня без обвісу,115.5,UAH,Задня кришка iPhone XS Max White EU Big
ocapro,IPHONE XS MAX,Кришка корпусу задня без обвісу,108.0,UAH,Задня кришка iPhone XS Max White EU Big
ocapro,IPHONE XS,Кришка корпусу задня без обвісу,94.5,UAH,Задня кришка iPhone XS White BIG
ocapro,IPHONE XS,Кришка корпусу задня без обвісу,88.5,UAH,Задня кришка iPhone XS White BIG
ocapro,IPHONE XS,Кришка корпусу задня без обвісу,115.5,UAH,Задня кришка iPhone XS White EU Big
ocapro,IPHONE XS,Кришка корпусу задня без обвісу,108.0,UAH,Задня кришка iPhone XS White EU Big
ocapro,IPHONE 11,Кришка корпусу задня без обвісу,189.0,UAH,Задня кришка iPhone 11 Green
ocapro,IPHONE 11,Кришка корпусу задня без обвісу,176.5,UAH,Задня кришка iPhone 11 Green
ocapro,IPHONE 11 PRO,Кришка корпусу задня без обвісу,346.5,UAH,Задня кришка iPhone 11 PRO Gold
ocapro,IPHONE 11 PRO,Кришка корпусу задня без обвісу,323.5,UAH,Задня кришка iPhone 11 PRO Gold
ocapro,IPHONE 11 PRO,Кришка корпусу задня без обвісу,315.0,UAH,Задня кришка iPhone 11 PRO Green
ocapro,IPHONE 11 PRO,Кришка корпусу задня без обвісу,294.0,UAH,Задня кришка iPhone 11 PRO Green
ocapro,IPHONE 11 PRO MAX,Кришка корпусу задня без обвісу,325.5,UAH,Задня кришка iPhone 11 PRO MAX Gold
ocapro,IPHONE 11 PRO MAX,Кришка корпусу задня без обвісу,304.0,UAH,Задня кришка iPhone 11 PRO MAX Gold
ocapro,IPHONE 11 PRO MAX,Кришка корпусу задня без обвісу,315.0,UAH,Задня кришка iPhone 11 PRO MAX Green
ocapro,IPHONE 11 PRO MAX,Кришка корпусу задня без обвісу,294.0,UAH,Задня кришка iPhone 11 PRO MAX Green
ocapro,IPHONE 11 PRO MAX,Кришка корпусу задня без обвісу,352.0,UAH,Задня кришка iPhone 11 PRO MAX Silver
ocapro,IPHONE 11 PRO MAX,Кришка корпусу задня без обвісу,328.5,UAH,Задня кришка iPhone 11 PRO MAX Silver
ocapro,IPHONE 11 PRO MAX,Кришка корпусу задня без обвісу,352.0,UAH,Задня кришка iPhone 11 PRO MAX Space Gray
ocapro,IPHONE 11 PRO MAX,Кришка корпусу задня без обвісу,328.5,UAH,Задня кришка iPhone 11 PRO MAX Space Gray
ocapro,IPHONE 11 PRO,Кришка корпусу задня без обвісу,325.5,UAH,Задня кришка iPhone 11 PRO Silver
ocapro,IPHONE 11 PRO,Кришка корпусу задня без обвісу,304.0,UAH,Задня кришка iPhone 11 PRO Silver
ocapro,IPHONE 11 PRO,Кришка корпусу задня без обвісу,325.5,UAH,Задня кришка iPhone 11 PRO Space Gray
ocapro,IPHONE 11 PRO,Кришка корпусу задня без обвісу,304.0,UAH,Задня кришка iPhone 11 PRO Space Gray
ocapro,IPHONE 11,Кришка корпусу задня без обвісу,189.0,UAH,Задня кришка iPhone 11 Purple
ocapro,IPHONE 11,Кришка корпусу задня без обвісу,176.5,UAH,Задня кришка iPhone 11 Purple
ocapro,IPHONE 11,Кришка корпусу задня без обвісу,189.0,UAH,Задня кришка iPhone 11 Red
ocapro,IPHONE 11,Кришка корпусу задня без обвісу,176.5,UAH,Задня кришка iPhone 11 Red
ocapro,IPHONE 11,Кришка корпусу задня без обвісу,189.0,UAH,Задня кришка iPhone 11 Silver
ocapro,IPHONE 11,Кришка корпусу задня без обвісу,176.5,UAH,Задня кришка iPhone 11 Silver
ocapro,IPHONE 11,Кришка корпусу задня без обвісу,189.0,UAH,Задня кришка iPhone 11 Space Gray
ocapro,IPHONE 11,Кришка корпусу задня без обвісу,176.5,UAH,Задня кришка iPhone 11 Space Gray
ocapro,IPHONE 11,Кришка корпусу задня без обвісу,189.0,UAH,Задня кришка iPhone 11 Yellow
ocapro,IPHONE 11,Кришка корпусу задня без обвісу,176.5,UAH,Задня кришка iPhone 11 Yellow
ocapro,IPHONE 12,Кришка корпусу задня без обвісу,199.5,UAH,Задня кришка iPhone 12 Black
ocapro,IPHONE 12,Кришка корпусу задня без обвісу,186.5,UAH,Задня кришка iPhone 12 Black
ocapro,IPHONE 12,Кришка корпусу задня без обвісу,210.0,UAH,Задня кришка iPhone 12 Blue
ocapro,IPHONE 12,Кришка корпусу задня без обвісу,196.0,UAH,Задня кришка iPhone 12 Blue
ocapro,IPHONE 12,Кришка корпусу задня без обвісу,189.0,UAH,Задня кришка iPhone 12 Green
ocapro,IPHONE 12,Кришка корпусу задня без обвісу,176.5,UAH,Задня кришка iPhone 12 Green
ocapro,IPHONE 12 MINI,Кришка корпусу задня без обвісу,231.0,UAH,Задня кришка iPhone 12 Mini Black
ocapro,IPHONE 12 MINI,Кришка корпусу задня без обвісу,216.0,UAH,Задня кришка iPhone 12 Mini Black
ocapro,IPHONE 12 MINI,Кришка корпусу задня без обвісу,189.0,UAH,Задня кришка iPhone 12 Mini Blue
ocapro,IPHONE 12 MINI,Кришка корпусу задня без обвісу,176.5,UAH,Задня кришка iPhone 12 Mini Blue
ocapro,IPHONE 12 MINI,Кришка корпусу задня без обвісу,231.0,UAH,Задня кришка iPhone 12 Mini Green
ocapro,IPHONE 12 MINI,Кришка корпусу задня без обвісу,216.0,UAH,Задня кришка iPhone 12 Mini Green
ocapro,IPHONE 12 MINI,Кришка корпусу задня без обвісу,231.0,UAH,Задня кришка iPhone 12 Mini Red
ocapro,IPHONE 12 MINI,Кришка корпусу задня без обвісу,216.0,UAH,Задня кришка iPhone 12 Mini Red
ocapro,IPHONE 12 MINI,Кришка корпусу задня без обвісу,231.0,UAH,Задня кришка iPhone 12 Mini White
ocapro,IPHONE 12 MINI,Кришка корпусу задня без обвісу,216.0,UAH,Задня кришка iPhone 12 Mini White
ocapro,IPHONE 12 PRO,Кришка корпусу задня без обвісу,367.5,UAH,Задня кришка iPhone 12 PRO Blue
ocapro,IPHONE 12 PRO,Кришка корпусу задня без обвісу,343.0,UAH,Задня кришка iPhone 12 PRO Blue
ocapro,IPHONE 12 PRO,Кришка корпусу задня без обвісу,346.5,UAH,Задня кришка iPhone 12 PRO Gold
ocapro,IPHONE 12 PRO,Кришка корпусу задня без обвісу,323.5,UAH,Задня кришка iPhone 12 PRO Gold
ocapro,IPHONE 12 PRO MAX,Кришка корпусу задня без обвісу,399.0,UAH,Задня кришка iPhone 12 PRO MAX Blue
ocapro,IPHONE 12 PRO MAX,Кришка корпусу задня без обвісу,372.5,UAH,Задня кришка iPhone 12 PRO MAX Blue
ocapro,IPHONE 12 PRO MAX,Кришка корпусу задня без обвісу,399.0,UAH,Задня кришка iPhone 12 PRO MAX Gold
ocapro,IPHONE 12 PRO MAX,Кришка корпусу задня без обвісу,372.5,UAH,Задня кришка iPhone 12 PRO MAX Gold
ocapro,IPHONE 12 PRO MAX,Кришка корпусу задня без обвісу,399.0,UAH,Задня кришка iPhone 12 PRO MAX Space gray
ocapro,IPHONE 12 PRO MAX,Кришка корпусу задня без обвісу,372.5,UAH,Задня кришка iPhone 12 PRO MAX Space gray
ocapro,IPHONE 12 PRO,Кришка корпусу задня без обвісу,357.0,UAH,Задня кришка iPhone 12 PRO Space gray
ocapro,IPHONE 12 PRO,Кришка корпусу задня без обвісу,333.5,UAH,Задня кришка iPhone 12 PRO Space gray
ocapro,IPHONE 12 PRO,Кришка корпусу задня без обвісу,357.0,UAH,Задня кришка iPhone 12 PRO White
ocapro,IPHONE 12 PRO,Кришка корпусу задня без обвісу,333.5,UAH,Задня кришка iPhone 12 PRO White
ocapro,IPHONE 12,Кришка корпусу задня без обвісу,189.0,UAH,Задня кришка iPhone 12 Purple
ocapro,IPHONE 12,Кришка корпусу задня без обвісу,176.5,UAH,Задня кришка iPhone 12 Purple
ocapro,IPHONE 12,Кришка корпусу задня без обвісу,231.0,UAH,Задня кришка iPhone 12 Red
ocapro,IPHONE 12,Кришка корпусу задня без обвісу,216.0,UAH,Задня кришка iPhone 12 Red
ocapro,IPHONE 12,Кришка корпусу задня без обвісу,199.5,UAH,Задня кришка iPhone 12 White
ocapro,IPHONE 12,Кришка корпусу задня без обвісу,186.5,UAH,Задня кришка iPhone 12 White
ocapro,IPHONE 14,Кришка корпусу задня без обвісу,378.0,UAH,Задня кришка iPhone 14 Black (camera+metal)
ocapro,IPHONE 14,Кришка корпусу задня без обвісу,353.0,UAH,Задня кришка iPhone 14 Black (camera+metal)
ocapro,IPHONE 14,Кришка корпусу задня без обвісу,367.5,UAH,Задня кришка iPhone 14 Blue (camera+metal)
ocapro,IPHONE 14,Кришка корпусу задня без обвісу,343.0,UAH,Задня кришка iPhone 14 Blue (camera+metal)
ocapro,IPHONE 14 PLUS,Кришка корпусу задня без обвісу,378.0,UAH,Задня кришка iPhone 14 Plus Black (camera+metal)
ocapro,IPHONE 14 PLUS,Кришка корпусу задня без обвісу,353.0,UAH,Задня кришка iPhone 14 Plus Black (camera+metal)
ocapro,IPHONE 14 PLUS,Кришка корпусу задня без обвісу,420.0,UAH,Задня кришка iPhone 14 Plus Blue (camera+metal)
ocapro,IPHONE 14 PLUS,Кришка корпусу задня без обвісу,392.0,UAH,Задня кришка iPhone 14 Plus Blue (camera+metal)
ocapro,IPHONE 14 PLUS,Кришка корпусу задня без обвісу,420.0,UAH,Задня кришка iPhone 14 Plus Purple (camera+metal)
ocapro,IPHONE 14 PLUS,Кришка корпусу задня без обвісу,392.0,UAH,Задня кришка iPhone 14 Plus Purple (camera+metal)
ocapro,IPHONE 14 PLUS,Кришка корпусу задня без обвісу,367.5,UAH,Задня кришка iPhone 14 Plus RED (camera+metal)
ocapro,IPHONE 14 PLUS,Кришка корпусу задня без обвісу,343.0,UAH,Задня кришка iPhone 14 Plus RED (camera+metal)
ocapro,IPHONE 14 PLUS,Кришка корпусу задня без обвісу,378.0,UAH,Задня кришка iPhone 14 Plus White (camera+metal)
ocapro,IPHONE 14 PLUS,Кришка корпусу задня без обвісу,353.0,UAH,Задня кришка iPhone 14 Plus White (camera+metal)
ocapro,IPHONE 14 PLUS,Кришка корпусу задня без обвісу,420.0,UAH,Задня кришка iPhone 14 Plus Yellow (camera+metal)
ocapro,IPHONE 14 PLUS,Кришка корпусу задня без обвісу,392.0,UAH,Задня кришка iPhone 14 Plus Yellow (camera+metal)
ocapro,IPHONE 14,Кришка корпусу задня без обвісу,357.0,UAH,Задня кришка iPhone 14 Purple (camera+metal)
ocapro,IPHONE 14,Кришка корпусу задня без обвісу,333.5,UAH,Задня кришка iPhone 14 Purple (camera+metal)
ocapro,IPHONE 14,Кришка корпусу задня без обвісу,367.5,UAH,Задня кришка iPhone 14 Red (camera+metal)
ocapro,IPHONE 14,Кришка корпусу задня без обвісу,343.0,UAH,Задня кришка iPhone 14 Red (camera+metal)
ocapro,IPHONE 14,Кришка корпусу задня без обвісу,357.0,UAH,Задня кришка iPhone 14 Silver (camera+ metal)
ocapro,IPHONE 14,Кришка корпусу задня без обвісу,333.5,UAH,Задня кришка iPhone 14 Silver (camera+ metal)
ocapro,IPHONE 14,Кришка корпусу задня без обвісу,367.5,UAH,Задня кришка iPhone 14 Yellow (camera+metal)
ocapro,IPHONE 14,Кришка корпусу задня без обвісу,343.0,UAH,Задня кришка iPhone 14 Yellow (camera+metal)
ocapro,IPHONE 15 PLUS,Кришка корпусу задня без обвісу,472.5,UAH,Задня кришка iPhone 15 Plus Black+camera+frame+magnet
ocapro,IPHONE 15 PLUS,Кришка корпусу задня без обвісу,441.0,UAH,Задня кришка iPhone 15 Plus Black+camera+frame+magnet
ocapro,IPHONE 15 PLUS,Кришка корпусу задня без обвісу,577.5,UAH,Задня кришка iPhone 15 Plus Green+camera+frame+magnet
ocapro,IPHONE 15 PLUS,Кришка корпусу задня без обвісу,539.0,UAH,Задня кришка iPhone 15 Plus Green+camera+frame+magnet
ocapro,IPHONE 15 PLUS,Кришка корпусу задня без обвісу,441.0,UAH,Задня кришка iPhone 15 Plus Pink+camera+frame+magnet
ocapro,IPHONE 15 PLUS,Кришка корпусу задня без обвісу,412.0,UAH,Задня кришка iPhone 15 Plus Pink+camera+frame+magnet
ocapro,IPHONE 15 PLUS,Кришка корпусу задня без обвісу,577.5,UAH,Задня кришка iPhone 15 Plus White+camera+frame+magnet
ocapro,IPHONE 15 PLUS,Кришка корпусу задня без обвісу,539.0,UAH,Задня кришка iPhone 15 Plus White+camera+frame+magnet
ocapro,IPHONE 15 PLUS,Кришка корпусу задня без обвісу,577.5,UAH,Задня кришка iPhone 15 Plus Yellow+camera+frame+magnet
ocapro,IPHONE 15 PLUS,Кришка корпусу задня без обвісу,539.0,UAH,Задня кришка iPhone 15 Plus Yellow+camera+frame+magnet
ocapro,IPHONE 16,Кришка корпусу задня без обвісу,630.0,UAH,Задня кришка iPhone 16 Black+camera+frame+magnet
ocapro,IPHONE 16,Кришка корпусу задня без обвісу,588.0,UAH,Задня кришка iPhone 16 Black+camera+frame+magnet
ocapro,IPHONE 16,Кришка корпусу задня без обвісу,630.0,UAH,Задня кришка iPhone 16 Blue+camera+frame+magnet
ocapro,IPHONE 16,Кришка корпусу задня без обвісу,588.0,UAH,Задня кришка iPhone 16 Blue+camera+frame+magnet
ocapro,IPHONE 16,Кришка корпусу задня без обвісу,630.0,UAH,Задня кришка iPhone 16 Green+camera+frame+magnet
ocapro,IPHONE 16,Кришка корпусу задня без обвісу,588.0,UAH,Задня кришка iPhone 16 Green+camera+frame+magnet
ocapro,IPHONE 16,Кришка корпусу задня без обвісу,682.5,UAH,Задня кришка iPhone 16 Pink+camera+frame+magnet
ocapro,IPHONE 16,Кришка корпусу задня без обвісу,637.0,UAH,Задня кришка iPhone 16 Pink+camera+frame+magnet
ocapro,IPHONE 16 PLUS,Кришка корпусу задня без обвісу,525.0,UAH,Задня кришка iPhone 16 Plus Black Titanium+camera+frame+magnet
ocapro,IPHONE 16 PLUS,Кришка корпусу задня без обвісу,490.0,UAH,Задня кришка iPhone 16 Plus Black Titanium+camera+frame+magnet
ocapro,IPHONE 16 PLUS,Кришка корпусу задня без обвісу,525.0,UAH,Задня кришка iPhone 16 Plus Green
ocapro,IPHONE 16 PLUS,Кришка корпусу задня без обвісу,490.0,UAH,Задня кришка iPhone 16 Plus Green
ocapro,IPHONE 16 PLUS,Кришка корпусу задня без обвісу,525.0,UAH,Задня кришка iPhone 16 Plus Pink Titanium+camera+frame+magnet
ocapro,IPHONE 16 PLUS,Кришка корпусу задня без обвісу,490.0,UAH,Задня кришка iPhone 16 Plus Pink Titanium+camera+frame+magnet
ocapro,IPHONE 16 PLUS,Кришка корпусу задня без обвісу,525.0,UAH,Задня кришка iPhone 16 Plus Ultramarine Titanium+camera+frame+magnet
ocapro,IPHONE 16 PLUS,Кришка корпусу задня без обвісу,490.0,UAH,Задня кришка iPhone 16 Plus Ultramarine Titanium+camera+frame+magnet
ocapro,IPHONE 16 PLUS,Кришка корпусу задня без обвісу,525.0,UAH,Задня кришка iPhone 16 Plus White Titanium+camera+frame+magnet
ocapro,IPHONE 16 PLUS,Кришка корпусу задня без обвісу,490.0,UAH,Задня кришка iPhone 16 Plus White Titanium+camera+frame+magnet
ocapro,IPHONE 16 PRO MAX,Кришка корпусу задня без обвісу,682.5,UAH,Задня кришка iPhone 16 Pro Max Black Titanium+camera+frame+magnet
ocapro,IPHONE 16 PRO MAX,Кришка корпусу задня без обвісу,637.0,UAH,Задня кришка iPhone 16 Pro Max Black Titanium+camera+frame+magnet
ocapro,IPHONE 16 PRO MAX,Кришка корпусу задня без обвісу,682.5,UAH,Задня кришка iPhone 16 Pro Max Desert Titanium+camera+frame+magnet
ocapro,IPHONE 16 PRO MAX,Кришка корпусу задня без обвісу,637.0,UAH,Задня кришка iPhone 16 Pro Max Desert Titanium+camera+frame+magnet
ocapro,IPHONE 16 PRO MAX,Кришка корпусу задня без обвісу,682.5,UAH,Задня кришка iPhone 16 Pro Max Titanium+camera+frame+magnet
ocapro,IPHONE 16 PRO MAX,Кришка корпусу задня без обвісу,637.0,UAH,Задня кришка iPhone 16 Pro Max Titanium+camera+frame+magnet
ocapro,IPHONE 16 PRO MAX,Кришка корпусу задня без обвісу,682.5,UAH,Задня кришка iPhone 16 Pro Max White Titanium+camera+frame+magnet
ocapro,IPHONE 16 PRO MAX,Кришка корпусу задня без обвісу,637.0,UAH,Задня кришка iPhone 16 Pro Max White Titanium+camera+frame+magnet
ocapro,IPHONE 16,Кришка корпусу задня без обвісу,546.0,UAH,Задня кришка iPhone 16 White+camera+frame+magnet
ocapro,IPHONE 16,Кришка корпусу задня без обвісу,510.0,UAH,Задня кришка iPhone 16 White+camera+frame+magnet
ocapro,IPHONE 17,Кришка корпусу задня без обвісу,1207.5,UAH,Задня кришка iPhone 17 Black+camera+frame+magnet
ocapro,IPHONE 17,Кришка корпусу задня без обвісу,1127.0,UAH,Задня кришка iPhone 17 Black+camera+frame+magnet
ocapro,IPHONE 17,Кришка корпусу задня без обвісу,1207.5,UAH,Задня кришка iPhone 17 Blue+camera+frame+magnet
ocapro,IPHONE 17,Кришка корпусу задня без обвісу,1127.0,UAH,Задня кришка iPhone 17 Blue+camera+frame+magnet
ocapro,IPHONE 17 PRO,Кришка корпусу задня без обвісу,315.0,UAH,Задня кришка iPhone 17 Pro  Orange
ocapro,IPHONE 17 PRO,Кришка корпусу задня без обвісу,294.0,UAH,Задня кришка iPhone 17 Pro  Orange
ocapro,IPHONE 17 PRO,Кришка корпусу задня без обвісу,315.0,UAH,Задня кришка iPhone 17 Pro Blue
ocapro,IPHONE 17 PRO,Кришка корпусу задня без обвісу,294.0,UAH,Задня кришка iPhone 17 Pro Blue
ocapro,IPHONE 17 PRO MAX,Кришка корпусу задня без обвісу,315.0,UAH,Задня кришка iPhone 17 Pro Max  Orange
ocapro,IPHONE 17 PRO MAX,Кришка корпусу задня без обвісу,294.0,UAH,Задня кришка iPhone 17 Pro Max  Orange
ocapro,IPHONE 17 PRO MAX,Кришка корпусу задня без обвісу,315.0,UAH,Задня кришка iPhone 17 Pro Max Blue
ocapro,IPHONE 17 PRO MAX,Кришка корпусу задня без обвісу,294.0,UAH,Задня кришка iPhone 17 Pro Max Blue
ocapro,IPHONE 17 PRO MAX,Кришка корпусу задня без обвісу,315.0,UAH,Задня кришка iPhone 17 Pro Max White
ocapro,IPHONE 17 PRO MAX,Кришка корпусу задня без обвісу,294.0,UAH,Задня кришка iPhone 17 Pro Max White
ocapro,IPHONE 17 PRO,Кришка корпусу задня без обвісу,315.0,UAH,Задня кришка iPhone 17 Pro White
ocapro,IPHONE 17 PRO,Кришка корпусу задня без обвісу,294.0,UAH,Задня кришка iPhone 17 Pro White
ocapro,IPHONE 17,Кришка корпусу задня без обвісу,1207.5,UAH,Задня кришка iPhone 17 Purple+camera+frame+magnet
ocapro,IPHONE 17,Кришка корпусу задня без обвісу,1127.0,UAH,Задня кришка iPhone 17 Purple+camera+frame+magnet
ocapro,IPHONE 17,Кришка корпусу задня без обвісу,1207.5,UAH,Задня кришка iPhone 17 Sage+camera+frame+magnet
ocapro,IPHONE 17,Кришка корпусу задня без обвісу,1127.0,UAH,Задня кришка iPhone 17 Sage+camera+frame+magnet
ocapro,IPHONE 17,Кришка корпусу задня без обвісу,1207.5,UAH,Задня кришка iPhone 17 White+camera+frame+magnet
ocapro,IPHONE 17,Кришка корпусу задня без обвісу,1127.0,UAH,Задня кришка iPhone 17 White+camera+frame+magnet
ocapro,IPHONE 8 PLUS,Кришка корпусу задня без обвісу,136.5,UAH,Задня кришка iPhone 8 Plus Black
ocapro,IPHONE 8 PLUS,Кришка корпусу задня без обвісу,127.5,UAH,Задня кришка iPhone 8 Plus Black
ocapro,IPHONE 8 PLUS,Кришка корпусу задня без обвісу,136.5,UAH,Задня кришка iPhone 8 Plus Gold
ocapro,IPHONE 8 PLUS,Кришка корпусу задня без обвісу,127.5,UAH,Задня кришка iPhone 8 Plus Gold
ocapro,IPHONE 8 PLUS,Кришка корпусу задня без обвісу,157.5,UAH,Задня кришка iPhone 8 Plus RED
ocapro,IPHONE 8 PLUS,Кришка корпусу задня без обвісу,147.0,UAH,Задня кришка iPhone 8 Plus RED
ocapro,IPHONE 8 PLUS,Кришка корпусу задня без обвісу,157.5,UAH,Задня кришка iPhone 8 Plus White
ocapro,IPHONE 8 PLUS,Кришка корпусу задня без обвісу,147.0,UAH,Задня кришка iPhone 8 Plus White
ocapro,IPHONE SE,Кришка корпусу задня без обвісу,126.0,UAH,Задня кришка iPhone SE 2 Black + camera
ocapro,IPHONE SE,Кришка корпусу задня без обвісу,118.0,UAH,Задня кришка iPhone SE 2 Black + camera
ocapro,IPHONE SE,Кришка корпусу задня без обвісу,157.5,UAH,Задня кришка iPhone SE 3 Midnight + camera
ocapro,IPHONE SE,Кришка корпусу задня без обвісу,147.0,UAH,Задня кришка iPhone SE 3 Midnight + camera
ocapro,IPHONE X,Кришка корпусу задня без обвісу,115.5,UAH,Задня кришка iPhone X Black
ocapro,IPHONE X,Кришка корпусу задня без обвісу,108.0,UAH,Задня кришка iPhone X Black
ocapro,IPHONE X,Кришка корпусу задня без обвісу,126.0,UAH,Задня кришка iPhone X Black EU
ocapro,IPHONE X,Кришка корпусу задня без обвісу,118.0,UAH,Задня кришка iPhone X Black EU
ocapro,IPHONE X,Кришка корпусу задня без обвісу,115.5,UAH,Задня кришка iPhone X White
ocapro,IPHONE X,Кришка корпусу задня без обвісу,108.0,UAH,Задня кришка iPhone X White
ocapro,IPHONE X,Кришка корпусу задня без обвісу,115.5,UAH,Задня кришка iPhone X White EU
ocapro,IPHONE X,Кришка корпусу задня без обвісу,108.0,UAH,Задня кришка iPhone X White EU
ocapro,IPHONE XR,Кришка корпусу задня без обвісу,136.5,UAH,Задня кришка iPhone XR Black
ocapro,IPHONE XR,Кришка корпусу задня без обвісу,127.5,UAH,Задня кришка iPhone XR Black
ocapro,IPHONE XR,Кришка корпусу задня без обвісу,136.5,UAH,Задня кришка iPhone XR Blue
ocapro,IPHONE XR,Кришка корпусу задня без обвісу,127.5,UAH,Задня кришка iPhone XR Blue
ocapro,IPHONE XR,Кришка корпусу задня без обвісу,136.5,UAH,Задня кришка iPhone XR Orange
ocapro,IPHONE XR,Кришка корпусу задня без обвісу,127.5,UAH,Задня кришка iPhone XR Orange
ocapro,IPHONE XR,Кришка корпусу задня без обвісу,136.5,UAH,Задня кришка iPhone XR RED
ocapro,IPHONE XR,Кришка корпусу задня без обвісу,127.5,UAH,Задня кришка iPhone XR RED
ocapro,IPHONE XR,Кришка корпусу задня без обвісу,136.5,UAH,Задня кришка iPhone XR White
ocapro,IPHONE XR,Кришка корпусу задня без обвісу,127.5,UAH,Задня кришка iPhone XR White
ocapro,IPHONE XS,Кришка корпусу задня без обвісу,115.5,UAH,Задня кришка iPhone XS Black
ocapro,IPHONE XS,Кришка корпусу задня без обвісу,108.0,UAH,Задня кришка iPhone XS Black
ocapro,IPHONE XS,Кришка корпусу задня без обвісу,136.5,UAH,Задня кришка iPhone XS Black EU
ocapro,IPHONE XS,Кришка корпусу задня без обвісу,127.5,UAH,Задня кришка iPhone XS Black EU
ocapro,IPHONE XS,Кришка корпусу задня без обвісу,136.5,UAH,Задня кришка iPhone XS Gold
ocapro,IPHONE XS,Кришка корпусу задня без обвісу,127.5,UAH,Задня кришка iPhone XS Gold
ocapro,IPHONE XS,Кришка корпусу задня без обвісу,147.0,UAH,Задня кришка iPhone XS Gold EU
ocapro,IPHONE XS,Кришка корпусу задня без обвісу,137.5,UAH,Задня кришка iPhone XS Gold EU
ocapro,IPHONE XS MAX,Кришка корпусу задня без обвісу,115.5,UAH,Задня кришка iPhone XS Max Black
ocapro,IPHONE XS MAX,Кришка корпусу задня без обвісу,108.0,UAH,Задня кришка iPhone XS Max Black
ocapro,IPHONE XS MAX,Кришка корпусу задня без обвісу,136.5,UAH,Задня кришка iPhone XS Max Black EU
ocapro,IPHONE XS MAX,Кришка корпусу задня без обвісу,127.5,UAH,Задня кришка iPhone XS Max Black EU
ocapro,IPHONE XS MAX,Кришка корпусу задня без обвісу,136.5,UAH,Задня кришка iPhone XS Max Gold
ocapro,IPHONE XS MAX,Кришка корпусу задня без обвісу,127.5,UAH,Задня кришка iPhone XS Max Gold
ocapro,IPHONE XS MAX,Кришка корпусу задня без обвісу,147.0,UAH,Задня кришка iPhone XS Max Gold EU
ocapro,IPHONE XS MAX,Кришка корпусу задня без обвісу,137.5,UAH,Задня кришка iPhone XS Max Gold EU
ocapro,IPHONE XS MAX,Кришка корпусу задня без обвісу,115.5,UAH,Задня кришка iPhone XS Max White
ocapro,IPHONE XS MAX,Кришка корпусу задня без обвісу,108.0,UAH,Задня кришка iPhone XS Max White
ocapro,IPHONE XS MAX,Кришка корпусу задня без обвісу,136.5,UAH,Задня кришка iPhone XS Max White EU
ocapro,IPHONE XS MAX,Кришка корпусу задня без обвісу,127.5,UAH,Задня кришка iPhone XS Max White EU
ocapro,IPHONE XS,Кришка корпусу задня без обвісу,115.5,UAH,Задня кришка iPhone XS White
ocapro,IPHONE XS,Кришка корпусу задня без обвісу,108.0,UAH,Задня кришка iPhone XS White
ocapro,IPHONE XS,Кришка корпусу задня без обвісу,136.5,UAH,Задня кришка iPhone XS White EU
ocapro,IPHONE XS,Кришка корпусу задня без обвісу,127.5,UAH,Задня кришка iPhone XS White EU
ocapro,IPHONE 8,,147.0,UAH,Задняя кришка iPhone 8 Red
ocapro,IPHONE 8,,137.5,UAH,Задняя кришка iPhone 8 Red
ocapro,IPHONE 16,,39.5,UAH,Магніт кришки корпусу iPhone 12-16 pm
ocapro,IPHONE 16,,37.0,UAH,Магніт кришки корпусу iPhone 12-16 pm
ocapro,IPHONE 11,Комплект скла основної камери,45.0,UAH,Скло камери iPhone 11 ORIG Комплект 2 шт
ocapro,IPHONE 11,Комплект скла основної камери,42.0,UAH,Скло камери iPhone 11 ORIG Комплект 2 шт
ocapro,IPHONE 11 PRO,Комплект скла основної камери,67.5,UAH,Скло камери iPhone 11 Pro/Pro Max ORIG Комплект 3 шт
ocapro,IPHONE 11 PRO,Комплект скла основної камери,63.0,UAH,Скло камери iPhone 11 Pro/Pro Max ORIG Комплект 3 шт
ocapro,IPHONE 12 PRO MAX,Комплект скла основної камери,101.0,UAH,Скло камери iPhone 12 Pro Max ORIG комплект 3 шт.
ocapro,IPHONE 12 PRO MAX,Комплект скла основної камери,94.5,UAH,Скло камери iPhone 12 Pro Max ORIG комплект 3 шт.
ocapro,IPHONE 12 PRO,Комплект скла основної камери,78.5,UAH,Скло камери iPhone 12 Pro ORIG комплект 3 шт.
ocapro,IPHONE 12 PRO,Комплект скла основної камери,73.5,UAH,Скло камери iPhone 12 Pro ORIG комплект 3 шт.
ocapro,IPHONE 12 MINI,Комплект скла основної камери,45.0,UAH,Скло камери iPhone 12/12 mini ORIG Комплект 2 шт
ocapro,IPHONE 12 MINI,Комплект скла основної камери,42.0,UAH,Скло камери iPhone 12/12 mini ORIG Комплект 2 шт
ocapro,IPHONE 13 MINI,Комплект скла основної камери,50.5,UAH,Скло камери iPhone 13/13 mini ORIG Комплект 2 шт
ocapro,IPHONE 13 MINI,Комплект скла основної камери,47.5,UAH,Скло камери iPhone 13/13 mini ORIG Комплект 2 шт
ocapro,IPHONE 14 PLUS,Комплект скла основної камери,62.0,UAH,Скло камери iPhone 14 Plus ORIG 2 шт.
ocapro,IPHONE 14 PLUS,Комплект скла основної камери,58.0,UAH,Скло камери iPhone 14 Plus ORIG 2 шт.
ocapro,IPHONE 16,Комплект скла основної камери,84.0,UAH,Скло камери iPhone 16 2 шт.
ocapro,IPHONE 16,Комплект скла основної камери,79.0,UAH,Скло камери iPhone 16 2 шт.
ocapro,IPHONE 17 AIR,Комплект скла основної камери,190.5,UAH,Скло камери iPhone 17 Air ORIG комплект 3 шт.
ocapro,IPHONE 17 AIR,Комплект скла основної камери,178.5,UAH,Скло камери iPhone 17 Air ORIG комплект 3 шт.
ocapro,IPHONE 17 PRO MAX,Комплект скла основної камери,190.5,UAH,Скло камери iPhone 17 Pro Max ORIG комплект 3 шт.
ocapro,IPHONE 17 PRO MAX,Комплект скла основної камери,178.5,UAH,Скло камери iPhone 17 Pro Max ORIG комплект 3 шт.
ocapro,IPHONE 17 PRO,Комплект скла основної камери,190.5,UAH,Скло камери iPhone 17 Pro ORIG комплект 3 шт.
ocapro,IPHONE 17 PRO,Комплект скла основної камери,178.5,UAH,Скло камери iPhone 17 Pro ORIG комплект 3 шт.
ocapro,IPHONE X,Комплект скла основної камери,56.0,UAH,Скло камери iPhone X ORIG
ocapro,IPHONE X,Комплект скла основної камери,52.5,UAH,Скло камери iPhone X ORIG
ocapro,IPHONE XR,Комплект скла основної камери,34.0,UAH,Скло камери iPhone XR ORIG
ocapro,IPHONE XR,Комплект скла основної камери,31.5,UAH,Скло камери iPhone XR ORIG
ocapro,IPHONE XS MAX,Комплект скла основної камери,56.0,UAH,Скло камери iPhone XS Max ORIG
ocapro,IPHONE XS MAX,Комплект скла основної камери,52.5,UAH,Скло камери iPhone XS Max ORIG
ocapro,IPHONE 14,,331.5,UAH,Нижні гвинти iPhone 13-14 pm black (100 шт)
ocapro,IPHONE 14,,301.0,UAH,Нижні гвинти iPhone 13-14 pm black (100 шт)
ocapro,IPHONE 14,,562.5,UAH,Нижні гвинти iPhone 13-14 pm blue (100 шт)
ocapro,IPHONE 14,,511.0,UAH,Нижні гвинти iPhone 13-14 pm blue (100 шт)
ocapro,IPHONE 14,,870.5,UAH,Нижні гвинти iPhone 13-14 pm deep purple (100 шт)
ocapro,IPHONE 14,,791.0,UAH,Нижні гвинти iPhone 13-14 pm deep purple (100 шт)
ocapro,IPHONE 14,,331.5,UAH,Нижні гвинти iPhone 13-14 pm gold (100 шт)
ocapro,IPHONE 14,,301.0,UAH,Нижні гвинти iPhone 13-14 pm gold (100 шт)
ocapro,IPHONE 14,,870.5,UAH,Нижні гвинти iPhone 13-14 pm green (100 шт)
ocapro,IPHONE 14,,791.0,UAH,Нижні гвинти iPhone 13-14 pm green (100 шт)
ocapro,IPHONE 14,,331.5,UAH,Нижні гвинти iPhone 13-14 pm white (100 шт)
ocapro,IPHONE 14,,301.0,UAH,Нижні гвинти iPhone 13-14 pm white (100 шт)
ocapro,IPHONE 16,,331.5,UAH,Нижні гвинти iPhone 15-16 pm black (100 шт)
ocapro,IPHONE 16,,301.0,UAH,Нижні гвинти iPhone 15-16 pm black (100 шт)
ocapro,IPHONE 16,,485.5,UAH,Нижні гвинти iPhone 15-16 pm blue (100 шт)
ocapro,IPHONE 16,,441.0,UAH,Нижні гвинти iPhone 15-16 pm blue (100 шт)
ocapro,IPHONE 16,,485.5,UAH,Нижні гвинти iPhone 15-16 pm gold (100 шт)
ocapro,IPHONE 16,,441.0,UAH,Нижні гвинти iPhone 15-16 pm gold (100 шт)
ocapro,IPHONE 16,,485.5,UAH,Нижні гвинти iPhone 15-16 pm titanium (100 шт)
ocapro,IPHONE 16,,441.0,UAH,Нижні гвинти iPhone 15-16 pm titanium (100 шт)
ocapro,IPHONE 16,,331.5,UAH,Нижні гвинти iPhone 15-16 pm white (100 шт)
ocapro,IPHONE 16,,301.0,UAH,Нижні гвинти iPhone 15-16 pm white (100 шт)
ocapro,,,127400.0,UAH,NJLD automatic laser screen removal machine (+ доставка)
ocapro,,,118300.0,UAH,NJLD automatic laser screen removal machine (+ доставка)
ocapro,,,140630.0,UAH,NJLD automatic laser screen removal machine LD-5W-A19
ocapro,,,130585.0,UAH,NJLD automatic laser screen removal machine LD-5W-A19
ocapro,,,15190.0,UAH,NJLD LD-W2 2 в 1 Термопрес для дисплея та заднього скла
ocapro,,,14105.0,UAH,NJLD LD-W2 2 в 1 Термопрес для дисплея та заднього скла
ocapro,,,187180.0,UAH,QIANLI SU8 PRO Laser Machine Cold Light Source UV
ocapro,,,173810.0,UAH,QIANLI SU8 PRO Laser Machine Cold Light Source UV
ocapro,,,158760.0,UAH,TBK958ZE 5W UV Laser Machine Screen Remover
ocapro,,,147420.0,UAH,TBK958ZE 5W UV Laser Machine Screen Remover
ocapro,,,26460.0,UAH,Антипиловий бокс FFU F-D682 1200*1330*1850 mm
ocapro,,,24570.0,UAH,Антипиловий бокс FFU F-D682 1200*1330*1850 mm
ocapro,,,12936.0,UAH,Барокамера Sanheking D1 14 inch
ocapro,,,12012.0,UAH,Барокамера Sanheking D1 14 inch
ocapro,,,2940.0,UAH,Вакуумний насос RS-1 58l min
ocapro,,,2730.0,UAH,Вакуумний насос RS-1 58l min
ocapro,,,7448.0,UAH,Камера УФ лампа NJLD LD 29-2 UV Lamp
ocapro,,,6916.0,UAH,Камера УФ лампа NJLD LD 29-2 UV Lamp
ocapro,,,10290.0,UAH,Камера УФ лампа NJLD LD-U14 Lamp (14 inch)
ocapro,,,9555.0,UAH,Камера УФ лампа NJLD LD-U14 Lamp (14 inch)
ocapro,,,18081.0,UAH,Компресор YMJ KY-1EW 32L
ocapro,,,16789.5,UAH,Компресор YMJ KY-1EW 32L
ocapro,,,89670.0,UAH,Лазерний сепаратор M Triangel PG oneS
ocapro,,,83265.0,UAH,Лазерний сепаратор M Triangel PG oneS
ocapro,,,100842.0,UAH,Лазерний сепаратор M Triangel PG PRO
ocapro,,,93639.0,UAH,Лазерний сепаратор M Triangel PG PRO
ocapro,,,25480.0,UAH,Ламинатор KERUI(камера 213*170 мм) + барокамера
ocapro,,,23660.0,UAH,Ламинатор KERUI(камера 213*170 мм) + барокамера
ocapro,,,69580.0,UAH,Ламинатор YMJ TH 30 + вакуумний насос Value vi280
ocapro,,,64610.0,UAH,Ламинатор YMJ TH 30 + вакуумний насос Value vi280
ocapro,,,47040.0,UAH,Ламинатор YMJ TH 40 (під замовлення+доставка)
ocapro,,,43680.0,UAH,Ламинатор YMJ TH 40 (під замовлення+доставка)
ocapro,,,80360.0,UAH,Ламинатор YMJ TH 50 (під замовлення+доставка)
ocapro,,,74620.0,UAH,Ламинатор YMJ TH 50 (під замовлення+доставка)
ocapro,,,71050.0,UAH,Ламинатор YMJ TTH 100 (під замовлення+доставка)
ocapro,,,65975.0,UAH,Ламинатор YMJ TTH 100 (під замовлення+доставка)
ocapro,,,98784.0,UAH,Ламинатор YMJ TTH 150
ocapro,,,91728.0,UAH,Ламинатор YMJ TTH 150
ocapro,,,88200.0,UAH,Ламинатор YMJ TTH 200 15 (під замовлення+доставка)
ocapro,,,81900.0,UAH,Ламинатор YMJ TTH 200 15 (під замовлення+доставка)
ocapro,,,112700.0,UAH,Ламинатор YMJ TTH 300 13 (під замовлення+доставка)
ocapro,,,104650.0,UAH,Ламинатор YMJ TTH 300 13 (під замовлення+доставка)
ocapro,,,151900.0,UAH,Ламинатор YMJ TTH 500 22 (під замовлення+доставка)
ocapro,,,141050.0,UAH,Ламинатор YMJ TTH 500 22 (під замовлення+доставка)
ocapro,,,13132.0,UAH,Машинка для нанесення клея на рамку 10сс
ocapro,,,12194.0,UAH,Машинка для нанесення клея на рамку 10сс
ocapro,,,14112.0,UAH,Машинка для нанесення клея на рамку 30сс
ocapro,,,13104.0,UAH,Машинка для нанесення клея на рамку 30сс
ocapro,,,27930.0,UAH,Мікроскоп тринокулярний RF4 RF-CX71R
ocapro,,,25935.0,UAH,Мікроскоп тринокулярний RF4 RF-CX71R
ocapro,,,152880.0,UAH,Обладнання для заміни шлейфа LCD ZJWY-EN 580(+доставка)
ocapro,,,141960.0,UAH,Обладнання для заміни шлейфа LCD ZJWY-EN 580(+доставка)
ocapro,,,32340.0,UAH,Обладнання для поліровки LCD Mini (1 LCD)
ocapro,,,30030.0,UAH,Обладнання для поліровки LCD Mini (1 LCD)
ocapro,,,66640.0,UAH,Обладнання для поліровки дисплея (2 LCD) (+доставка)
ocapro,,,61880.0,UAH,Обладнання для поліровки дисплея (2 LCD) (+доставка)
ocapro,,,5096.0,UAH,Паяльна станція QUICK 857 DW+
ocapro,,,4732.0,UAH,Паяльна станція QUICK 857 DW+
ocapro,,,7105.0,UAH,Паяльна станція Sugon T26D
ocapro,,,6597.5,UAH,Паяльна станція Sugon T26D
ocapro,,,1637.0,UAH,Пристрій для точкової пайки
ocapro,,,1520.0,UAH,Пристрій для точкової пайки
ocapro,,,10094.0,UAH,Сепаратор QianLi PM86 360
ocapro,,,9373.0,UAH,Сепаратор QianLi PM86 360
ocapro,,,13622.0,UAH,Тестер LCD DL400 PRO
ocapro,,,12649.0,UAH,Тестер LCD DL400 PRO
ocapro,,,5880.0,UAH,Тестер touchscreen X
ocapro,,,5460.0,UAH,Тестер touchscreen X
ocapro,,,549.0,UAH,Форма LCD (mould) XHZC Apple Watch s1-s7 40-45mm
ocapro,,,510.0,UAH,Форма LCD (mould) XHZC Apple Watch s1-s7 40-45mm
ocapro,,,1176.0,UAH,Форма LCD (mould) XHZC iPad 11 1/2g
ocapro,,,1092.0,UAH,Форма LCD (mould) XHZC iPad 11 1/2g
ocapro,,,1176.0,UAH,Форма LCD (mould) XHZC iPad 11 3g
ocapro,,,1092.0,UAH,Форма LCD (mould) XHZC iPad 11 3g
ocapro,,,1225.0,UAH,Форма LCD (mould) XHZC iPad 11 M4 2024
ocapro,,,1137.5,UAH,Форма LCD (mould) XHZC iPad 11 M4 2024
ocapro,,,1519.0,UAH,"Форма LCD (mould) XHZC iPad 12,9 3/4g"
ocapro,,,1410.5,UAH,"Форма LCD (mould) XHZC iPad 12,9 3/4g"
ocapro,,,1519.0,UAH,"Форма LCD (mould) XHZC iPad 12,9 5g"
ocapro,,,1410.5,UAH,"Форма LCD (mould) XHZC iPad 12,9 5g"
ocapro,,,1627.0,UAH,Форма LCD (mould) XHZC iPad 12.9 M4 2024
ocapro,,,1511.0,UAH,Форма LCD (mould) XHZC iPad 12.9 M4 2024
ocapro,,,1176.0,UAH,"Форма LCD (mould) XHZC iPad Air 4 10,9"
ocapro,,,1092.0,UAH,"Форма LCD (mould) XHZC iPad Air 4 10,9"
ocapro,,,1578.0,UAH,Форма LCD (mould) XHZC iPad Air 6 2024
ocapro,,,1465.5,UAH,Форма LCD (mould) XHZC iPad Air 6 2024
ocapro,,,1127.0,UAH,Форма LCD (mould) XHZC iPad mini 6
ocapro,,,1046.5,UAH,Форма LCD (mould) XHZC iPad mini 6
ocapro,,,5978.0,UAH,Форма LCD (mould) YMJ 13 inch
ocapro,,,5551.0,UAH,Форма LCD (mould) YMJ 13 inch
ocapro,IPHONE 11 PRO,,823.5,UAH,Форма LCD iPhone 11 Pro 2 шт
ocapro,IPHONE 11 PRO,,764.5,UAH,Форма LCD iPhone 11 Pro 2 шт
ocapro,IPHONE 11 PRO MAX,,823.5,UAH,Форма LCD iPhone 11 Pro Max 2 шт
ocapro,IPHONE 11 PRO MAX,,764.5,UAH,Форма LCD iPhone 11 Pro Max 2 шт
ocapro,IPHONE 12 MINI,,392.0,UAH,Форма LCD iPhone 12 mini
ocapro,IPHONE 12 MINI,,364.0,UAH,Форма LCD iPhone 12 mini
ocapro,IPHONE 12 PRO,,510.0,UAH,Форма LCD iPhone 12 Pro
ocapro,IPHONE 12 PRO,,473.5,UAH,Форма LCD iPhone 12 Pro
ocapro,IPHONE 12 PRO MAX,,441.0,UAH,Форма LCD iPhone 12 Pro Max
ocapro,IPHONE 12 PRO MAX,,409.5,UAH,Форма LCD iPhone 12 Pro Max
ocapro,IPHONE XS,,823.5,UAH,Форма LCD iPhone X/XS 2 шт
ocapro,IPHONE XS,,764.5,UAH,Форма LCD iPhone X/XS 2 шт
ocapro,IPHONE XS MAX,,823.5,UAH,Форма LCD iPhone XS MAX 2 шт
ocapro,IPHONE XS MAX,,764.5,UAH,Форма LCD iPhone XS MAX 2 шт
ocapro,IPHONE 11 PRO,,1156.5,UAH,Форма LCD для нанесення термоклею на рамку iPhone 11 Pro
ocapro,IPHONE 11 PRO,,1074.0,UAH,Форма LCD для нанесення термоклею на рамку iPhone 11 Pro
ocapro,IPHONE 11 PRO MAX,,1156.5,UAH,Форма LCD для нанесення термоклею на рамку iPhone 11 Pro Max
ocapro,IPHONE 11 PRO MAX,,1074.0,UAH,Форма LCD для нанесення термоклею на рамку iPhone 11 Pro Max
ocapro,IPHONE 12 MINI,,1156.5,UAH,Форма LCD для нанесення термоклею на рамку iPhone 12 Mini
ocapro,IPHONE 12 MINI,,1074.0,UAH,Форма LCD для нанесення термоклею на рамку iPhone 12 Mini
ocapro,IPHONE 12 PRO,,1156.5,UAH,Форма LCD для нанесення термоклею на рамку iPhone 12 Pro
ocapro,IPHONE 12 PRO,,1074.0,UAH,Форма LCD для нанесення термоклею на рамку iPhone 12 Pro
ocapro,IPHONE 12 PRO MAX,,1156.5,UAH,Форма LCD для нанесення термоклею на рамку iPhone 12 Pro Max
ocapro,IPHONE 12 PRO MAX,,1074.0,UAH,Форма LCD для нанесення термоклею на рамку iPhone 12 Pro Max
ocapro,IPHONE 13 MINI,,1156.5,UAH,Форма LCD для нанесення термоклею на рамку iPhone 13 Mini
ocapro,IPHONE 13 MINI,,1074.0,UAH,Форма LCD для нанесення термоклею на рамку iPhone 13 Mini
ocapro,IPHONE 13 PRO,,1156.5,UAH,Форма LCD для нанесення термоклею на рамку iPhone 13 Pro
ocapro,IPHONE 13 PRO,,1074.0,UAH,Форма LCD для нанесення термоклею на рамку iPhone 13 Pro
ocapro,IPHONE 13 PRO MAX,,1156.5,UAH,Форма LCD для нанесення термоклею на рамку iPhone 13 Pro Max
ocapro,IPHONE 13 PRO MAX,,1074.0,UAH,Форма LCD для нанесення термоклею на рамку iPhone 13 Pro Max
ocapro,IPHONE 14,,1156.5,UAH,Форма LCD для нанесення термоклею на рамку iPhone 14
ocapro,IPHONE 14,,1074.0,UAH,Форма LCD для нанесення термоклею на рамку iPhone 14
ocapro,IPHONE 14 PLUS,,1156.5,UAH,Форма LCD для нанесення термоклею на рамку iPhone 14 Plus
ocapro,IPHONE 14 PLUS,,1074.0,UAH,Форма LCD для нанесення термоклею на рамку iPhone 14 Plus
ocapro,IPHONE 14 PRO,,1156.5,UAH,Форма LCD для нанесення термоклею на рамку iPhone 14 Pro
ocapro,IPHONE 14 PRO,,1074.0,UAH,Форма LCD для нанесення термоклею на рамку iPhone 14 Pro
ocapro,IPHONE 14 PRO MAX,,1156.5,UAH,Форма LCD для нанесення термоклею на рамку iPhone 14 Pro Max
ocapro,IPHONE 14 PRO MAX,,1074.0,UAH,Форма LCD для нанесення термоклею на рамку iPhone 14 Pro Max
ocapro,IPHONE 15,,1156.5,UAH,Форма LCD для нанесення термоклею на рамку iPhone 15
ocapro,IPHONE 15,,1074.0,UAH,Форма LCD для нанесення термоклею на рамку iPhone 15
ocapro,IPHONE 15 PLUS,,1156.5,UAH,Форма LCD для нанесення термоклею на рамку iPhone 15 Plus
ocapro,IPHONE 15 PLUS,,1074.0,UAH,Форма LCD для нанесення термоклею на рамку iPhone 15 Plus
ocapro,IPHONE 15 PRO,,1156.5,UAH,Форма LCD для нанесення термоклею на рамку iPhone 15 Pro
ocapro,IPHONE 15 PRO,,1074.0,UAH,Форма LCD для нанесення термоклею на рамку iPhone 15 Pro
ocapro,IPHONE 15 PRO MAX,,1156.5,UAH,Форма LCD для нанесення термоклею на рамку iPhone 15 Pro Max
ocapro,IPHONE 15 PRO MAX,,1074.0,UAH,Форма LCD для нанесення термоклею на рамку iPhone 15 Pro Max
ocapro,IPHONE XS,,1156.5,UAH,Форма LCD для нанесення термоклею на рамку iPhone X/XS
ocapro,IPHONE XS,,1074.0,UAH,Форма LCD для нанесення термоклею на рамку iPhone X/XS
ocapro,,,1156.5,UAH,Форма LCD для нанесення термоклею на рамку iPhone XSM
ocapro,,,1074.0,UAH,Форма LCD для нанесення термоклею на рамку iPhone XSM
ocapro,,,274.5,UAH,Форма LCD для поліровки Apple Watch 38 mm (6 in 1)
ocapro,,,255.0,UAH,Форма LCD для поліровки Apple Watch 38 mm (6 in 1)
ocapro,,,274.5,UAH,Форма LCD для поліровки Apple Watch 40 mm (6 in 1)
ocapro,,,255.0,UAH,Форма LCD для поліровки Apple Watch 40 mm (6 in 1)
ocapro,,,274.5,UAH,Форма LCD для поліровки Apple Watch 41 mm (6 in 1)
ocapro,,,255.0,UAH,Форма LCD для поліровки Apple Watch 41 mm (6 in 1)
ocapro,,,274.5,UAH,Форма LCD для поліровки Apple Watch 42 mm (6 in 1)
ocapro,,,255.0,UAH,Форма LCD для поліровки Apple Watch 42 mm (6 in 1)
ocapro,,,274.5,UAH,Форма LCD для поліровки Apple Watch 44 mm (6 in 1)
ocapro,,,255.0,UAH,Форма LCD для поліровки Apple Watch 44 mm (6 in 1)
ocapro,,,274.5,UAH,Форма LCD для поліровки Apple Watch 45 mm (6 in 1)
ocapro,,,255.0,UAH,Форма LCD для поліровки Apple Watch 45 mm (6 in 1)
ocapro,,,274.5,UAH,Форма LCD для поліровки Apple Watch 49 mm (6 in 1)
ocapro,,,255.0,UAH,Форма LCD для поліровки Apple Watch 49 mm (6 in 1)
ocapro,IPHONE 11 PRO,,402.0,UAH,Форма LCD для поліровки iPhone 11 Pro
ocapro,IPHONE 11 PRO,,373.5,UAH,Форма LCD для поліровки iPhone 11 Pro
ocapro,IPHONE 11 PRO MAX,,402.0,UAH,Форма LCD для поліровки iPhone 11 Pro Max
ocapro,IPHONE 11 PRO MAX,,373.5,UAH,Форма LCD для поліровки iPhone 11 Pro Max
ocapro,IPHONE 12,,402.0,UAH,Форма LCD для поліровки iPhone 12
ocapro,IPHONE 12,,373.5,UAH,Форма LCD для поліровки iPhone 12
ocapro,IPHONE 12 MINI,,480.5,UAH,Форма LCD для поліровки iPhone 12 mini
ocapro,IPHONE 12 MINI,,446.0,UAH,Форма LCD для поліровки iPhone 12 mini
ocapro,IPHONE 12 PRO MAX,,402.0,UAH,Форма LCD для поліровки iPhone 12 Pro Max
ocapro,IPHONE 12 PRO MAX,,373.5,UAH,Форма LCD для поліровки iPhone 12 Pro Max
ocapro,IPHONE 13,,480.5,UAH,Форма LCD для поліровки iPhone 13
ocapro,IPHONE 13,,446.0,UAH,Форма LCD для поліровки iPhone 13
ocapro,IPHONE 13 MINI,,480.5,UAH,Форма LCD для поліровки iPhone 13 mini
ocapro,IPHONE 13 MINI,,446.0,UAH,Форма LCD для поліровки iPhone 13 mini
ocapro,IPHONE 13 PRO,,402.0,UAH,Форма LCD для поліровки iPhone 13 Pro
ocapro,IPHONE 13 PRO,,373.5,UAH,Форма LCD для поліровки iPhone 13 Pro
ocapro,IPHONE 13 PRO MAX,,402.0,UAH,Форма LCD для поліровки iPhone 13 Pro Max
ocapro,IPHONE 13 PRO MAX,,373.5,UAH,Форма LCD для поліровки iPhone 13 Pro Max
ocapro,IPHONE 14,,480.5,UAH,Форма LCD для поліровки iPhone 14
ocapro,IPHONE 14,,446.0,UAH,Форма LCD для поліровки iPhone 14
ocapro,IPHONE 14 PLUS,,480.5,UAH,Форма LCD для поліровки iPhone 14 Plus
ocapro,IPHONE 14 PLUS,,446.0,UAH,Форма LCD для поліровки iPhone 14 Plus
ocapro,IPHONE 14 PRO,,402.0,UAH,Форма LCD для поліровки iPhone 14 Pro
ocapro,IPHONE 14 PRO,,373.5,UAH,Форма LCD для поліровки iPhone 14 Pro
ocapro,IPHONE 14 PRO MAX,,402.0,UAH,Форма LCD для поліровки iPhone 14 Pro Max
ocapro,IPHONE 14 PRO MAX,,373.5,UAH,Форма LCD для поліровки iPhone 14 Pro Max
ocapro,IPHONE 15,,480.5,UAH,Форма LCD для поліровки iPhone 15
ocapro,IPHONE 15,,446.0,UAH,Форма LCD для поліровки iPhone 15
ocapro,IPHONE 15 PLUS,,480.5,UAH,Форма LCD для поліровки iPhone 15 plus
ocapro,IPHONE 15 PLUS,,446.0,UAH,Форма LCD для поліровки iPhone 15 plus
ocapro,IPHONE 15 PRO,,402.0,UAH,Форма LCD для поліровки iPhone 15 Pro
ocapro,IPHONE 15 PRO,,373.5,UAH,Форма LCD для поліровки iPhone 15 Pro
ocapro,IPHONE 15 PRO MAX,,402.0,UAH,Форма LCD для поліровки iPhone 15 Pro Max
ocapro,IPHONE 15 PRO MAX,,373.5,UAH,Форма LCD для поліровки iPhone 15 Pro Max
ocapro,IPHONE XS,,402.0,UAH,Форма LCD для поліровки iPhone X/XS
ocapro,IPHONE XS,,373.5,UAH,Форма LCD для поліровки iPhone X/XS
ocapro,IPHONE 11,,402.0,UAH,Форма LCD для поліровки iPhone XR/11
ocapro,IPHONE 11,,373.5,UAH,Форма LCD для поліровки iPhone XR/11
ocapro,IPHONE XS MAX,,402.0,UAH,Форма LCD для поліровки iPhone XS MAX
ocapro,IPHONE XS MAX,,373.5,UAH,Форма LCD для поліровки iPhone XS MAX
ocapro,IPHONE 11,,490.0,UAH,Форма M Triangel back cover protection iPhone 11 (для лазерого станка)
ocapro,IPHONE 11,,455.0,UAH,Форма M Triangel back cover protection iPhone 11 (для лазерого станка)
ocapro,IPHONE 11 PRO,,490.0,UAH,Форма M Triangel back cover protection iPhone 11 Pro (для лазерого станка)
ocapro,IPHONE 11 PRO,,455.0,UAH,Форма M Triangel back cover protection iPhone 11 Pro (для лазерого станка)
ocapro,IPHONE 11 PRO MAX,,490.0,UAH,Форма M Triangel back cover protection iPhone 11 Pro Max (для лазерого станка)
ocapro,IPHONE 11 PRO MAX,,455.0,UAH,Форма M Triangel back cover protection iPhone 11 Pro Max (для лазерого станка)
ocapro,IPHONE 12,,490.0,UAH,Форма M Triangel back cover protection iPhone 12 (для лазерого станка)
ocapro,IPHONE 12,,455.0,UAH,Форма M Triangel back cover protection iPhone 12 (для лазерого станка)
ocapro,IPHONE 12 MINI,,490.0,UAH,Форма M Triangel back cover protection iPhone 12 mini (для лазерого станка)
ocapro,IPHONE 12 MINI,,455.0,UAH,Форма M Triangel back cover protection iPhone 12 mini (для лазерого станка)
ocapro,IPHONE 12 PRO,,490.0,UAH,Форма M Triangel back cover protection iPhone 12 Pro (для лазерого станка)
ocapro,IPHONE 12 PRO,,455.0,UAH,Форма M Triangel back cover protection iPhone 12 Pro (для лазерого станка)
ocapro,IPHONE 12 PRO MAX,,490.0,UAH,Форма M Triangel back cover protection iPhone 12 Pro Max (для лазерого станка)
ocapro,IPHONE 12 PRO MAX,,455.0,UAH,Форма M Triangel back cover protection iPhone 12 Pro Max (для лазерого станка)
ocapro,IPHONE 13,,490.0,UAH,Форма M Triangel back cover protection iPhone 13 (для лазерого станка)
ocapro,IPHONE 13,,455.0,UAH,Форма M Triangel back cover protection iPhone 13 (для лазерого станка)
ocapro,IPHONE 13 MINI,,490.0,UAH,Форма M Triangel back cover protection iPhone 13 mini (для лазерого станка)
ocapro,IPHONE 13 MINI,,455.0,UAH,Форма M Triangel back cover protection iPhone 13 mini (для лазерого станка)
ocapro,IPHONE 13 PRO,,490.0,UAH,Форма M Triangel back cover protection iPhone 13 Pro (для лазерого станка)
ocapro,IPHONE 13 PRO,,455.0,UAH,Форма M Triangel back cover protection iPhone 13 Pro (для лазерого станка)
ocapro,IPHONE 13 PRO MAX,,490.0,UAH,Форма M Triangel back cover protection iPhone 13 Pro Max (для лазерого станка)
ocapro,IPHONE 13 PRO MAX,,455.0,UAH,Форма M Triangel back cover protection iPhone 13 Pro Max (для лазерого станка)
ocapro,IPHONE 14 PRO,,490.0,UAH,Форма M Triangel back cover protection iPhone 14 Pro (для лазерого станка)
ocapro,IPHONE 14 PRO,,455.0,UAH,Форма M Triangel back cover protection iPhone 14 Pro (для лазерого станка)
ocapro,IPHONE 14 PRO MAX,,490.0,UAH,Форма M Triangel back cover protection iPhone 14 Pro Max (для лазерого станка)
ocapro,IPHONE 14 PRO MAX,,455.0,UAH,Форма M Triangel back cover protection iPhone 14 Pro Max (для лазерого станка)
ocapro,IPHONE X,,490.0,UAH,Форма M Triangel back cover protection iPhone X (для лазерого станка)
ocapro,IPHONE X,,455.0,UAH,Форма M Triangel back cover protection iPhone X (для лазерого станка)
ocapro,IPHONE XR,,490.0,UAH,Форма M Triangel back cover protection iPhone XR (для лазерого станка)
ocapro,IPHONE XR,,455.0,UAH,Форма M Triangel back cover protection iPhone XR (для лазерого станка)
ocapro,IPHONE XS,,490.0,UAH,Форма M Triangel back cover protection iPhone XS (для лазерого станка)
ocapro,IPHONE XS,,455.0,UAH,Форма M Triangel back cover protection iPhone XS (для лазерого станка)
ocapro,IPHONE XS MAX,,490.0,UAH,Форма M Triangel back cover protection iPhone XS MAX (для лазерого станка)
ocapro,IPHONE XS MAX,,455.0,UAH,Форма M Triangel back cover protection iPhone XS MAX (для лазерого станка)
ocapro,,,402.0,UAH,Форма для поліровки LCD Apple Watch 40 mm 3 in 1
ocapro,,,373.5,UAH,Форма для поліровки LCD Apple Watch 40 mm 3 in 1
ocapro,,,402.0,UAH,Форма для поліровки LCD Apple Watch 41 mm 3 in 1
ocapro,,,373.5,UAH,Форма для поліровки LCD Apple Watch 41 mm 3 in 1
ocapro,,,657.0,UAH,Форма для поліровки LCD Apple Watch 42 mm 3 in 1
ocapro,,,610.0,UAH,Форма для поліровки LCD Apple Watch 42 mm 3 in 1
ocapro,,,402.0,UAH,Форма для поліровки LCD Apple Watch 44 mm 3 in 1
ocapro,,,373.5,UAH,Форма для поліровки LCD Apple Watch 44 mm 3 in 1
ocapro,,,402.0,UAH,Форма для поліровки LCD Apple Watch 45 mm 3 in 1
ocapro,,,373.5,UAH,Форма для поліровки LCD Apple Watch 45 mm 3 in 1
ocapro,,,657.0,UAH,Форма для поліровки LCD Apple Watch 49 mm 3 in 1
ocapro,,,610.0,UAH,Форма для поліровки LCD Apple Watch 49 mm 3 in 1
ocapro,IPHONE 14,,657.0,UAH,Форма для поліровки LCD iPhone 14
ocapro,IPHONE 14,,610.0,UAH,Форма для поліровки LCD iPhone 14
ocapro,IPHONE 14 PRO,,657.0,UAH,Форма для поліровки LCD iPhone 14 Pro
ocapro,IPHONE 14 PRO,,610.0,UAH,Форма для поліровки LCD iPhone 14 Pro
ocapro,IPHONE 14 PRO MAX,,657.0,UAH,Форма для поліровки LCD iPhone 14 Pro Max
ocapro,IPHONE 14 PRO MAX,,610.0,UAH,Форма для поліровки LCD iPhone 14 Pro Max
ocapro,IPHONE 12 PRO MAX,,343.0,UAH,Форма коврик для преса iPhone 12 Pro Max XHZC
ocapro,IPHONE 12 PRO MAX,,318.5,UAH,Форма коврик для преса iPhone 12 Pro Max XHZC
ocapro,IPHONE 12 PRO,,343.0,UAH,Форма коврик для преса iPhone 12/12 Pro XHZC
ocapro,IPHONE 12 PRO,,318.5,UAH,Форма коврик для преса iPhone 12/12 Pro XHZC
ocapro,IPHONE 13 PRO MAX,,343.0,UAH,Форма коврик для преса iPhone 13 Pro Max XHZC
ocapro,IPHONE 13 PRO MAX,,318.5,UAH,Форма коврик для преса iPhone 13 Pro Max XHZC
ocapro,IPHONE 13 PRO,,343.0,UAH,Форма коврик для преса iPhone 13 Pro XHZC
ocapro,IPHONE 13 PRO,,318.5,UAH,Форма коврик для преса iPhone 13 Pro XHZC
ocapro,IPHONE 13,,343.0,UAH,Форма коврик для преса iPhone 13 XHZC
ocapro,IPHONE 13,,318.5,UAH,Форма коврик для преса iPhone 13 XHZC
ocapro,IPHONE 14 PLUS,,343.0,UAH,Форма коврик для преса iPhone 14 Plus XHZC
ocapro,IPHONE 14 PLUS,,318.5,UAH,Форма коврик для преса iPhone 14 Plus XHZC
ocapro,IPHONE 14 PRO MAX,,343.0,UAH,Форма коврик для преса iPhone 14 Pro Max XHZC
ocapro,IPHONE 14 PRO MAX,,318.5,UAH,Форма коврик для преса iPhone 14 Pro Max XHZC
ocapro,IPHONE 14 PRO,,343.0,UAH,Форма коврик для преса iPhone 14 Pro XHZC
ocapro,IPHONE 14 PRO,,318.5,UAH,Форма коврик для преса iPhone 14 Pro XHZC
ocapro,IPHONE 14,,343.0,UAH,Форма коврик для преса iPhone 14 XHZC
ocapro,IPHONE 14,,318.5,UAH,Форма коврик для преса iPhone 14 XHZC
ocapro,IPHONE 15 PLUS,,343.0,UAH,Форма коврик для преса iPhone 15 Plus XHZC
ocapro,IPHONE 15 PLUS,,318.5,UAH,Форма коврик для преса iPhone 15 Plus XHZC
ocapro,IPHONE 15 PRO MAX,,343.0,UAH,Форма коврик для преса iPhone 15 Pro Max XHZC
ocapro,IPHONE 15 PRO MAX,,318.5,UAH,Форма коврик для преса iPhone 15 Pro Max XHZC
ocapro,IPHONE 15 PRO,,343.0,UAH,Форма коврик для преса iPhone 15 Pro XHZC
ocapro,IPHONE 15 PRO,,318.5,UAH,Форма коврик для преса iPhone 15 Pro XHZC
ocapro,IPHONE 15,,343.0,UAH,Форма коврик для преса iPhone 15 XHZC
ocapro,IPHONE 15,,318.5,UAH,Форма коврик для преса iPhone 15 XHZC
ocapro,IPHONE 16 PLUS,,343.0,UAH,Форма коврик для преса iPhone 16 Plus XHZC
ocapro,IPHONE 16 PLUS,,318.5,UAH,Форма коврик для преса iPhone 16 Plus XHZC
ocapro,IPHONE 16 PRO MAX,,343.0,UAH,Форма коврик для преса iPhone 16 Pro Max XHZC
ocapro,IPHONE 16 PRO MAX,,318.5,UAH,Форма коврик для преса iPhone 16 Pro Max XHZC
ocapro,IPHONE 16 PRO,,343.0,UAH,Форма коврик для преса iPhone 16 Pro XHZC
ocapro,IPHONE 16 PRO,,318.5,UAH,Форма коврик для преса iPhone 16 Pro XHZC
ocapro,IPHONE 16,,343.0,UAH,Форма коврик для преса iPhone 16 XHZC
ocapro,IPHONE 16,,318.5,UAH,Форма коврик для преса iPhone 16 XHZC
ocapro,IPHONE 17 AIR,,343.0,UAH,Форма коврик для преса iPhone 17 Air XHZC
ocapro,IPHONE 17 AIR,,318.5,UAH,Форма коврик для преса iPhone 17 Air XHZC
ocapro,IPHONE 17 PRO MAX,,343.0,UAH,Форма коврик для преса iPhone 17 Pro Max XHZC
ocapro,IPHONE 17 PRO MAX,,318.5,UAH,Форма коврик для преса iPhone 17 Pro Max XHZC
ocapro,IPHONE 17 PRO,,343.0,UAH,Форма коврик для преса iPhone 17 Pro XHZC
ocapro,IPHONE 17 PRO,,318.5,UAH,Форма коврик для преса iPhone 17 Pro XHZC
ocapro,IPHONE 17,,343.0,UAH,Форма коврик для преса iPhone 17 XHZC
ocapro,IPHONE 17,,318.5,UAH,Форма коврик для преса iPhone 17 XHZC
ocapro,IPHONE 12 PRO MAX,Витратні матеріали для монтажу,921.5,UAH,Форма магнітна для поклейки рамки дисплея iPhone 12 Pro Max XHZC
ocapro,IPHONE 12 PRO MAX,Витратні матеріали для монтажу,855.5,UAH,Форма магнітна для поклейки рамки дисплея iPhone 12 Pro Max XHZC
ocapro,IPHONE 12 PRO,Витратні матеріали для монтажу,872.5,UAH,Форма магнітна для поклейки рамки дисплея iPhone 12/12 Pro XHZC
ocapro,IPHONE 12 PRO,Витратні матеріали для монтажу,810.0,UAH,Форма магнітна для поклейки рамки дисплея iPhone 12/12 Pro XHZC
ocapro,IPHONE 13 PRO MAX,Витратні матеріали для монтажу,921.5,UAH,Форма магнітна для поклейки рамки дисплея iPhone 13 Pro Max XHZC
ocapro,IPHONE 13 PRO MAX,Витратні матеріали для монтажу,855.5,UAH,Форма магнітна для поклейки рамки дисплея iPhone 13 Pro Max XHZC
ocapro,IPHONE 13 PRO,Витратні матеріали для монтажу,872.5,UAH,Форма магнітна для поклейки рамки дисплея iPhone 13/13 Pro XHZC
ocapro,IPHONE 13 PRO,Витратні матеріали для монтажу,810.0,UAH,Форма магнітна для поклейки рамки дисплея iPhone 13/13 Pro XHZC
ocapro,IPHONE 14 PLUS,Витратні матеріали для монтажу,970.5,UAH,Форма магнітна для поклейки рамки дисплея iPhone 14 Plus XHZC
ocapro,IPHONE 14 PLUS,Витратні матеріали для монтажу,901.0,UAH,Форма магнітна для поклейки рамки дисплея iPhone 14 Plus XHZC
ocapro,IPHONE 14 PRO MAX,Витратні матеріали для монтажу,970.5,UAH,Форма магнітна для поклейки рамки дисплея iPhone 14 Pro Max XHZC
ocapro,IPHONE 14 PRO MAX,Витратні матеріали для монтажу,901.0,UAH,Форма магнітна для поклейки рамки дисплея iPhone 14 Pro Max XHZC
ocapro,IPHONE 14 PRO,Витратні матеріали для монтажу,921.5,UAH,Форма магнітна для поклейки рамки дисплея iPhone 14 Pro XHZC
ocapro,IPHONE 14 PRO,Витратні матеріали для монтажу,855.5,UAH,Форма магнітна для поклейки рамки дисплея iPhone 14 Pro XHZC
ocapro,IPHONE 14,Витратні матеріали для монтажу,921.5,UAH,Форма магнітна для поклейки рамки дисплея iPhone 14 XHZC
ocapro,IPHONE 14,Витратні матеріали для монтажу,855.5,UAH,Форма магнітна для поклейки рамки дисплея iPhone 14 XHZC
ocapro,IPHONE 16 PLUS,Витратні матеріали для монтажу,970.5,UAH,Форма магнітна для поклейки рамки дисплея iPhone 15 Plus/16 Plus XHZC
ocapro,IPHONE 16 PLUS,Витратні матеріали для монтажу,901.0,UAH,Форма магнітна для поклейки рамки дисплея iPhone 15 Plus/16 Plus XHZC
ocapro,IPHONE 15 PRO MAX,Витратні матеріали для монтажу,970.5,UAH,Форма магнітна для поклейки рамки дисплея iPhone 15 Pro Max XHZC
ocapro,IPHONE 15 PRO MAX,Витратні матеріали для монтажу,901.0,UAH,Форма магнітна для поклейки рамки дисплея iPhone 15 Pro Max XHZC
ocapro,IPHONE 15 PRO,Витратні матеріали для монтажу,921.5,UAH,Форма магнітна для поклейки рамки дисплея iPhone 15 Pro XHZC
ocapro,IPHONE 15 PRO,Витратні матеріали для монтажу,855.5,UAH,Форма магнітна для поклейки рамки дисплея iPhone 15 Pro XHZC
ocapro,IPHONE 16,Витратні матеріали для монтажу,921.5,UAH,Форма магнітна для поклейки рамки дисплея iPhone 15/16 XHZC
ocapro,IPHONE 16,Витратні матеріали для монтажу,855.5,UAH,Форма магнітна для поклейки рамки дисплея iPhone 15/16 XHZC
ocapro,IPHONE 16 PRO MAX,Витратні матеріали для монтажу,970.5,UAH,Форма магнітна для поклейки рамки дисплея iPhone 16 Pro Max XHZC
ocapro,IPHONE 16 PRO MAX,Витратні матеріали для монтажу,901.0,UAH,Форма магнітна для поклейки рамки дисплея iPhone 16 Pro Max XHZC
ocapro,IPHONE 16 PRO,Витратні матеріали для монтажу,921.5,UAH,Форма магнітна для поклейки рамки дисплея iPhone 16 Pro XHZC
ocapro,IPHONE 16 PRO,Витратні матеріали для монтажу,855.5,UAH,Форма магнітна для поклейки рамки дисплея iPhone 16 Pro XHZC
ocapro,IPHONE 17 AIR,Витратні матеріали для монтажу,970.5,UAH,Форма магнітна для поклейки рамки дисплея iPhone 17 Air XHZC
ocapro,IPHONE 17 AIR,Витратні матеріали для монтажу,901.0,UAH,Форма магнітна для поклейки рамки дисплея iPhone 17 Air XHZC
ocapro,IPHONE 17 PRO MAX,Витратні матеріали для монтажу,970.5,UAH,Форма магнітна для поклейки рамки дисплея iPhone 17 Pro Max XHZC
ocapro,IPHONE 17 PRO MAX,Витратні матеріали для монтажу,901.0,UAH,Форма магнітна для поклейки рамки дисплея iPhone 17 Pro Max XHZC
ocapro,IPHONE 17 PRO,Витратні матеріали для монтажу,970.5,UAH,Форма магнітна для поклейки рамки дисплея iPhone 17 Pro XHZC
ocapro,IPHONE 17 PRO,Витратні матеріали для монтажу,901.0,UAH,Форма магнітна для поклейки рамки дисплея iPhone 17 Pro XHZC
ocapro,IPHONE 17,Витратні матеріали для монтажу,970.5,UAH,Форма магнітна для поклейки рамки дисплея iPhone 17 XHZC
ocapro,IPHONE 17,Витратні матеріали для монтажу,901.0,UAH,Форма магнітна для поклейки рамки дисплея iPhone 17 XHZC
ocapro,IPHONE 15 PRO,,431.5,UAH,Форма центрувальна XHZC iPhone 15 pro
ocapro,IPHONE 15 PRO,,400.5,UAH,Форма центрувальна XHZC iPhone 15 pro
ocapro,IPHONE 15 PRO MAX,,431.5,UAH,Форма центрувальна XHZC iPhone 15 pro max
ocapro,IPHONE 15 PRO MAX,,400.5,UAH,Форма центрувальна XHZC iPhone 15 pro max
ocapro,IPHONE 16 PRO,,431.5,UAH,Форма центрувальна XHZC iPhone 16 pro
ocapro,IPHONE 16 PRO,,400.5,UAH,Форма центрувальна XHZC iPhone 16 pro
ocapro,IPHONE 16 PRO MAX,,431.5,UAH,Форма центрувальна XHZC iPhone 16 pro max
ocapro,IPHONE 16 PRO MAX,,400.5,UAH,Форма центрувальна XHZC iPhone 16 pro max
ocapro,,,1225.0,UAH,Комплект шлейфів для тестера DL400 pro (13 pro-15 promax 6 шт)
ocapro,,,1137.5,UAH,Комплект шлейфів для тестера DL400 pro (13 pro-15 promax 6 шт)
ocapro,,,2107.0,UAH,Комплект шлейфів для тестера DL400 pro (X-15 Plus 15 шт)
ocapro,,,1956.5,UAH,Комплект шлейфів для тестера DL400 pro (X-15 Plus 15 шт)
ocapro,,,794.0,UAH,Шлейф eDP board
ocapro,,,737.5,UAH,Шлейф eDP board
ocapro,IPHONE 6,,54.0,UAH,Підсвітка iPhone 6
ocapro,IPHONE 6,,50.0,UAH,Підсвітка iPhone 6
ocapro,IPHONE 6 PLUS,,94.5,UAH,Підсвітка iPhone 6 Plus
ocapro,IPHONE 6 PLUS,,88.5,UAH,Підсвітка iPhone 6 Plus
ocapro,IPHONE 6S,,110.5,UAH,Підсвітка iPhone 6S
ocapro,IPHONE 6S,,103.0,UAH,Підсвітка iPhone 6S
ocapro,IPHONE 6S PLUS,,63.0,UAH,Підсвітка iPhone 6S Plus без 3D
ocapro,IPHONE 6S PLUS,,59.0,UAH,Підсвітка iPhone 6S Plus без 3D
ocapro,IPHONE 7,,115.5,UAH,Підсвітка iPhone 7
ocapro,IPHONE 7,,108.0,UAH,Підсвітка iPhone 7
ocapro,IPHONE 7 PLUS,,115.5,UAH,Підсвітка iPhone 7 Plus
ocapro,IPHONE 7 PLUS,,108.0,UAH,Підсвітка iPhone 7 Plus
ocapro,IPHONE 8 PLUS,,115.5,UAH,Підсвітка iPhone 8 Plus
ocapro,IPHONE 8 PLUS,,108.0,UAH,Підсвітка iPhone 8 Plus
ocapro,IPHONE SE,,115.5,UAH,Підсвітка iPhone 8/SE
ocapro,IPHONE SE,,108.0,UAH,Підсвітка iPhone 8/SE
ocapro,IPHONE 11,,101.0,UAH,Підсвітка iPhone XR/11
ocapro,IPHONE 11,,94.5,UAH,Підсвітка iPhone XR/11
ocapro,IPHONE 6S,,73.5,UAH,Підсвітка без 3D iPhone 6S
ocapro,IPHONE 6S,,69.0,UAH,Підсвітка без 3D iPhone 6S
ocapro,IPHONE 7 PLUS,,68.5,UAH,Підсвітка без 3D iPhone 7 Plus
ocapro,IPHONE 7 PLUS,,64.0,UAH,Підсвітка без 3D iPhone 7 Plus
ocapro,IPHONE 8,,58.0,UAH,Підсвітка без 3D iPhone 7/8
ocapro,IPHONE 8,,54.0,UAH,Підсвітка без 3D iPhone 7/8
ocapro,IPHONE 12,,37.0,UAH,Поляризатор iPhone 12
ocapro,IPHONE 12,,35.0,UAH,Поляризатор iPhone 12
ocapro,IPHONE 12 MINI,,37.0,UAH,Поляризатор iPhone 12 mini
ocapro,IPHONE 12 MINI,,35.0,UAH,Поляризатор iPhone 12 mini
ocapro,IPHONE 12 PRO MAX,,37.0,UAH,Поляризатор iPhone 12 pro max
ocapro,IPHONE 12 PRO MAX,,35.0,UAH,Поляризатор iPhone 12 pro max
ocapro,IPHONE 13,,37.0,UAH,Поляризатор iPhone 13
ocapro,IPHONE 13,,35.0,UAH,Поляризатор iPhone 13
ocapro,IPHONE 13 MINI,,37.0,UAH,Поляризатор iPhone 13 mini
ocapro,IPHONE 13 MINI,,35.0,UAH,Поляризатор iPhone 13 mini
ocapro,IPHONE 13 PRO MAX,,37.0,UAH,Поляризатор iPhone 13 pro max/14 Plus
ocapro,IPHONE 13 PRO MAX,,35.0,UAH,Поляризатор iPhone 13 pro max/14 Plus
ocapro,IPHONE 14 PRO MAX,,25.0,UAH,Поляризатор iPhone 14 pro max/15 plus/15 pm
ocapro,IPHONE 14 PRO MAX,,23.5,UAH,Поляризатор iPhone 14 pro max/15 plus/15 pm
ocapro,IPHONE 15 PRO,,25.0,UAH,Поляризатор iPhone 14 pro/15/15 pro
ocapro,IPHONE 15 PRO,,23.5,UAH,Поляризатор iPhone 14 pro/15/15 pro
ocapro,,,21.5,UAH,"Поляризатор iPhone 4,7"
ocapro,,,20.0,UAH,"Поляризатор iPhone 4,7"
ocapro,,,25.0,UAH,"Поляризатор iPhone 5,5"
ocapro,,,23.5,UAH,"Поляризатор iPhone 5,5"
ocapro,IPHONE 5S,,22.5,UAH,Поляризатор iPhone 5/5s
ocapro,IPHONE 5S,,21.0,UAH,Поляризатор iPhone 5/5s
ocapro,IPHONE X,,34.0,UAH,Поляризатор iPhone X
ocapro,IPHONE X,,31.5,UAH,Поляризатор iPhone X
ocapro,IPHONE XR,,25.0,UAH,Поляризатор iPhone XR
ocapro,IPHONE XR,,23.5,UAH,Поляризатор iPhone XR
ocapro,IPHONE XS MAX,,34.0,UAH,Поляризатор iPhone XS MAX
ocapro,IPHONE XS MAX,,31.5,UAH,Поляризатор iPhone XS MAX
ocapro,IPHONE 11 PRO MAX,Витратні матеріали для монтажу,23.5,UAH,проклейка дисплея iPhone 11 PRO MAX рожева
ocapro,IPHONE 11 PRO MAX,Витратні матеріали для монтажу,22.0,UAH,проклейка дисплея iPhone 11 PRO MAX рожева
ocapro,IPHONE 11 PRO,Витратні матеріали для монтажу,23.5,UAH,проклейка дисплея iPhone 11 PRO рожева
ocapro,IPHONE 11 PRO,Витратні матеріали для монтажу,22.0,UAH,проклейка дисплея iPhone 11 PRO рожева
ocapro,IPHONE 12 MINI,Витратні матеріали для монтажу,23.5,UAH,проклейка дисплея iPhone 12 Mini рожева
ocapro,IPHONE 12 MINI,Витратні матеріали для монтажу,22.0,UAH,проклейка дисплея iPhone 12 Mini рожева
ocapro,IPHONE 12 PRO MAX,Витратні матеріали для монтажу,23.5,UAH,проклейка дисплея iPhone 12 PRO MAX рожева
ocapro,IPHONE 12 PRO MAX,Витратні матеріали для монтажу,22.0,UAH,проклейка дисплея iPhone 12 PRO MAX рожева
ocapro,IPHONE 12 PRO,Витратні матеріали для монтажу,23.5,UAH,проклейка дисплея iPhone 12/12 PRO рожева
ocapro,IPHONE 12 PRO,Витратні матеріали для монтажу,22.0,UAH,проклейка дисплея iPhone 12/12 PRO рожева
ocapro,IPHONE 13 MINI,Витратні матеріали для монтажу,23.5,UAH,проклейка дисплея iPhone 13 Mini рожева
ocapro,IPHONE 13 MINI,Витратні матеріали для монтажу,22.0,UAH,проклейка дисплея iPhone 13 Mini рожева
ocapro,IPHONE 13 PRO MAX,Витратні матеріали для монтажу,24.5,UAH,проклейка дисплея iPhone 13 PRO MAX рожева
ocapro,IPHONE 13 PRO MAX,Витратні матеріали для монтажу,23.0,UAH,проклейка дисплея iPhone 13 PRO MAX рожева
ocapro,IPHONE 13 PRO,Витратні матеріали для монтажу,23.5,UAH,проклейка дисплея iPhone 13 PRO рожева
ocapro,IPHONE 13 PRO,Витратні матеріали для монтажу,22.0,UAH,проклейка дисплея iPhone 13 PRO рожева
ocapro,IPHONE 13,Витратні матеріали для монтажу,23.5,UAH,проклейка дисплея iPhone 13 рожева
ocapro,IPHONE 13,Витратні матеріали для монтажу,22.0,UAH,проклейка дисплея iPhone 13 рожева
ocapro,IPHONE 14 PLUS,Витратні матеріали для монтажу,23.5,UAH,проклейка дисплея iPhone 14 Plus рожева
ocapro,IPHONE 14 PLUS,Витратні матеріали для монтажу,22.0,UAH,проклейка дисплея iPhone 14 Plus рожева
ocapro,IPHONE 14 PRO MAX,Витратні матеріали для монтажу,23.5,UAH,проклейка дисплея iPhone 14 Pro Max рожева
ocapro,IPHONE 14 PRO MAX,Витратні матеріали для монтажу,22.0,UAH,проклейка дисплея iPhone 14 Pro Max рожева
ocapro,IPHONE 14 PRO,Витратні матеріали для монтажу,23.5,UAH,проклейка дисплея iPhone 14 Pro рожева
ocapro,IPHONE 14 PRO,Витратні матеріали для монтажу,22.0,UAH,проклейка дисплея iPhone 14 Pro рожева
ocapro,IPHONE 14,Витратні матеріали для монтажу,26.5,UAH,проклейка дисплея iPhone 14 рожева
ocapro,IPHONE 14,Витратні матеріали для монтажу,24.5,UAH,проклейка дисплея iPhone 14 рожева
ocapro,IPHONE 15 PLUS,Витратні матеріали для монтажу,23.5,UAH,проклейка дисплея iPhone 15 Plus рожева
ocapro,IPHONE 15 PLUS,Витратні матеріали для монтажу,22.0,UAH,проклейка дисплея iPhone 15 Plus рожева
ocapro,IPHONE 15 PRO MAX,Витратні матеріали для монтажу,23.5,UAH,проклейка дисплея iPhone 15 Pro Max рожева
ocapro,IPHONE 15 PRO MAX,Витратні матеріали для монтажу,22.0,UAH,проклейка дисплея iPhone 15 Pro Max рожева
ocapro,IPHONE 15 PRO,Витратні матеріали для монтажу,23.5,UAH,проклейка дисплея iPhone 15 Pro рожева
ocapro,IPHONE 15 PRO,Витратні матеріали для монтажу,22.0,UAH,проклейка дисплея iPhone 15 Pro рожева
ocapro,IPHONE 15,Витратні матеріали для монтажу,22.5,UAH,проклейка дисплея iPhone 15 рожева
ocapro,IPHONE 15,Витратні матеріали для монтажу,21.0,UAH,проклейка дисплея iPhone 15 рожева
ocapro,IPHONE 16,Витратні матеріали для монтажу,23.5,UAH,проклейка дисплея iPhone 16
ocapro,IPHONE 16,Витратні матеріали для монтажу,22.0,UAH,проклейка дисплея iPhone 16
ocapro,IPHONE 16 PLUS,Витратні матеріали для монтажу,23.5,UAH,проклейка дисплея iPhone 16 Plus
ocapro,IPHONE 16 PLUS,Витратні матеріали для монтажу,22.0,UAH,проклейка дисплея iPhone 16 Plus
ocapro,IPHONE 16 PRO MAX,Витратні матеріали для монтажу,23.5,UAH,проклейка дисплея iPhone 16 Pro Max рожева
ocapro,IPHONE 16 PRO MAX,Витратні матеріали для монтажу,22.0,UAH,проклейка дисплея iPhone 16 Pro Max рожева
ocapro,IPHONE 16 PRO,Витратні матеріали для монтажу,24.5,UAH,проклейка дисплея iPhone 16 Pro рожева
ocapro,IPHONE 16 PRO,Витратні матеріали для монтажу,23.0,UAH,проклейка дисплея iPhone 16 Pro рожева
ocapro,IPHONE 6S,Витратні матеріали для монтажу,16.0,UAH,проклейка дисплея iPhone 6S рожева
ocapro,IPHONE 6S,Витратні матеріали для монтажу,15.0,UAH,проклейка дисплея iPhone 6S рожева
ocapro,IPHONE 7 PLUS,Витратні матеріали для монтажу,20.0,UAH,проклейка дисплея iPhone 7 Plus рожева
ocapro,IPHONE 7 PLUS,Витратні матеріали для монтажу,19.0,UAH,проклейка дисплея iPhone 7 Plus рожева
ocapro,IPHONE 7,Витратні матеріали для монтажу,21.0,UAH,проклейка дисплея iPhone 7 рожева
ocapro,IPHONE 7,Витратні матеріали для монтажу,20.0,UAH,проклейка дисплея iPhone 7 рожева
ocapro,IPHONE 8 PLUS,Витратні матеріали для монтажу,24.5,UAH,проклейка дисплея iPhone 8 Plus рожева
ocapro,IPHONE 8 PLUS,Витратні матеріали для монтажу,23.0,UAH,проклейка дисплея iPhone 8 Plus рожева
ocapro,IPHONE 8,Витратні матеріали для монтажу,23.5,UAH,проклейка дисплея iPhone 8 рожева
ocapro,IPHONE 8,Витратні матеріали для монтажу,22.0,UAH,проклейка дисплея iPhone 8 рожева
ocapro,IPHONE X,Витратні матеріали для монтажу,23.5,UAH,проклейка дисплея iPhone X ORIG рожева
ocapro,IPHONE X,Витратні матеріали для монтажу,22.0,UAH,проклейка дисплея iPhone X ORIG рожева
ocapro,IPHONE 11,Витратні матеріали для монтажу,23.5,UAH,проклейка дисплея iPhone XR/11 рожева
ocapro,IPHONE 11,Витратні матеріали для монтажу,22.0,UAH,проклейка дисплея iPhone XR/11 рожева
ocapro,IPHONE XS MAX,Витратні матеріали для монтажу,24.5,UAH,проклейка дисплея iPhone XS MAX рожева
ocapro,IPHONE XS MAX,Витратні матеріали для монтажу,23.0,UAH,проклейка дисплея iPhone XS MAX рожева
ocapro,IPHONE XS,Витратні матеріали для монтажу,24.5,UAH,Проклейка дисплея iPhone XS рожева
ocapro,IPHONE XS,Витратні матеріали для монтажу,23.0,UAH,Проклейка дисплея iPhone XS рожева
ocapro,IPHONE 14,Витратні матеріали для монтажу,23.5,UAH,проклейка кришки iPhone 14
ocapro,IPHONE 14,Витратні матеріали для монтажу,22.0,UAH,проклейка кришки iPhone 14
ocapro,IPHONE 14 PLUS,Витратні матеріали для монтажу,23.5,UAH,проклейка кришки iPhone 14 Plus
ocapro,IPHONE 14 PLUS,Витратні матеріали для монтажу,22.0,UAH,проклейка кришки iPhone 14 Plus
ocapro,IPHONE 15,Витратні матеріали для монтажу,23.5,UAH,проклейка кришки iPhone 15
ocapro,IPHONE 15,Витратні матеріали для монтажу,22.0,UAH,проклейка кришки iPhone 15
ocapro,IPHONE 15 PLUS,Витратні матеріали для монтажу,23.5,UAH,проклейка кришки iPhone 15 Plus
ocapro,IPHONE 15 PLUS,Витратні матеріали для монтажу,22.0,UAH,проклейка кришки iPhone 15 Plus
ocapro,IPHONE 15 PRO,Витратні матеріали для монтажу,23.5,UAH,проклейка кришки iPhone 15 Pro
ocapro,IPHONE 15 PRO,Витратні матеріали для монтажу,22.0,UAH,проклейка кришки iPhone 15 Pro
ocapro,IPHONE 15 PRO MAX,Витратні матеріали для монтажу,23.5,UAH,проклейка кришки iPhone 15 Pro Max
ocapro,IPHONE 15 PRO MAX,Витратні матеріали для монтажу,22.0,UAH,проклейка кришки iPhone 15 Pro Max
ocapro,IPHONE 16,Витратні матеріали для монтажу,23.5,UAH,проклейка кришки iPhone 16
ocapro,IPHONE 16,Витратні матеріали для монтажу,22.0,UAH,проклейка кришки iPhone 16
ocapro,IPHONE 16 PLUS,Витратні матеріали для монтажу,23.5,UAH,проклейка кришки iPhone 16 Plus
ocapro,IPHONE 16 PLUS,Витратні матеріали для монтажу,22.0,UAH,проклейка кришки iPhone 16 Plus
ocapro,IPHONE 16 PRO,Витратні матеріали для монтажу,23.5,UAH,проклейка кришки iPhone 16 Pro
ocapro,IPHONE 16 PRO,Витратні матеріали для монтажу,22.0,UAH,проклейка кришки iPhone 16 Pro
ocapro,IPHONE 16 PRO MAX,Витратні матеріали для монтажу,23.5,UAH,проклейка кришки iPhone 16 Pro Max
ocapro,IPHONE 16 PRO MAX,Витратні матеріали для монтажу,22.0,UAH,проклейка кришки iPhone 16 Pro Max
ocapro,IPHONE 12 PRO MAX,Витратні матеріали для монтажу,43.0,UAH,Проклейка дисплея iPhone 12 Pro Max ORIG 100%
ocapro,IPHONE 12 PRO MAX,Витратні матеріали для монтажу,40.0,UAH,Проклейка дисплея iPhone 12 Pro Max ORIG 100%
ocapro,IPHONE 12 PRO,Витратні матеріали для монтажу,36.0,UAH,Проклейка дисплея iPhone 12/12 Pro ORIG 100%
ocapro,IPHONE 12 PRO,Витратні матеріали для монтажу,34.0,UAH,Проклейка дисплея iPhone 12/12 Pro ORIG 100%
ocapro,IPHONE 13,Витратні матеріали для монтажу,29.5,UAH,Проклейка дисплея iPhone 13 ORIG 100%
ocapro,IPHONE 13,Витратні матеріали для монтажу,27.5,UAH,Проклейка дисплея iPhone 13 ORIG 100%
ocapro,IPHONE 13 PRO MAX,Витратні матеріали для монтажу,43.0,UAH,Проклейка дисплея iPhone 13 Pro Max ORIG 100%
ocapro,IPHONE 13 PRO MAX,Витратні матеріали для монтажу,40.0,UAH,Проклейка дисплея iPhone 13 Pro Max ORIG 100%
ocapro,IPHONE 13 PRO,Витратні матеріали для монтажу,36.0,UAH,Проклейка дисплея iPhone 13 Pro ORIG 100%
ocapro,IPHONE 13 PRO,Витратні матеріали для монтажу,34.0,UAH,Проклейка дисплея iPhone 13 Pro ORIG 100%
ocapro,IPHONE 14,Витратні матеріали для монтажу,17.0,UAH,Проклейка дисплея iPhone 14 ORIG 100%
ocapro,IPHONE 14,Витратні матеріали для монтажу,16.0,UAH,Проклейка дисплея iPhone 14 ORIG 100%
ocapro,IPHONE 14 PLUS,Витратні матеріали для монтажу,18.0,UAH,Проклейка дисплея iPhone 14 Plus ORIG 100%
ocapro,IPHONE 14 PLUS,Витратні матеріали для монтажу,17.0,UAH,Проклейка дисплея iPhone 14 Plus ORIG 100%
ocapro,IPHONE 14 PRO MAX,Витратні матеріали для монтажу,60.5,UAH,Проклейка дисплея iPhone 14 Pro Max ORIG 100%
ocapro,IPHONE 14 PRO MAX,Витратні матеріали для монтажу,57.0,UAH,Проклейка дисплея iPhone 14 Pro Max ORIG 100%
ocapro,IPHONE 14 PRO,Витратні матеріали для монтажу,52.0,UAH,Проклейка дисплея iPhone 14 Pro ORIG 100%
ocapro,IPHONE 14 PRO,Витратні матеріали для монтажу,48.5,UAH,Проклейка дисплея iPhone 14 Pro ORIG 100%
ocapro,IPHONE 15,Витратні матеріали для монтажу,18.0,UAH,Проклейка дисплея iPhone 15 ORIG 100%
ocapro,IPHONE 15,Витратні матеріали для монтажу,17.0,UAH,Проклейка дисплея iPhone 15 ORIG 100%
ocapro,IPHONE 15 PLUS,Витратні матеріали для монтажу,18.0,UAH,Проклейка дисплея iPhone 15 Plus ORIG 100%
ocapro,IPHONE 15 PLUS,Витратні матеріали для монтажу,17.0,UAH,Проклейка дисплея iPhone 15 Plus ORIG 100%
ocapro,IPHONE 15 PRO MAX,Витратні матеріали для монтажу,48.5,UAH,Проклейка дисплея iPhone 15 Pro Max ORIG 100%
ocapro,IPHONE 15 PRO MAX,Витратні матеріали для монтажу,45.5,UAH,Проклейка дисплея iPhone 15 Pro Max ORIG 100%
ocapro,IPHONE 15 PRO,Витратні матеріали для монтажу,46.0,UAH,Проклейка дисплея iPhone 15 Pro ORIG 100%
ocapro,IPHONE 15 PRO,Витратні матеріали для монтажу,43.5,UAH,Проклейка дисплея iPhone 15 Pro ORIG 100%
ocapro,IPHONE 16,Витратні матеріали для монтажу,18.0,UAH,Проклейка дисплея iPhone 16 ORIG 100%
ocapro,IPHONE 16,Витратні матеріали для монтажу,17.0,UAH,Проклейка дисплея iPhone 16 ORIG 100%
ocapro,IPHONE 16 PLUS,Витратні матеріали для монтажу,18.0,UAH,Проклейка дисплея iPhone 16 Plus ORIG 100%
ocapro,IPHONE 16 PLUS,Витратні матеріали для монтажу,17.0,UAH,Проклейка дисплея iPhone 16 Plus ORIG 100%
ocapro,IPHONE 16 PRO MAX,Витратні матеріали для монтажу,24.0,UAH,Проклейка дисплея iPhone 16 Pro Max ORIG 100%
ocapro,IPHONE 16 PRO MAX,Витратні матеріали для монтажу,22.5,UAH,Проклейка дисплея iPhone 16 Pro Max ORIG 100%
ocapro,IPHONE 16 PRO,Витратні матеріали для монтажу,24.0,UAH,Проклейка дисплея iPhone 16 Pro ORIG 100%
ocapro,IPHONE 16 PRO,Витратні матеріали для монтажу,22.5,UAH,Проклейка дисплея iPhone 16 Pro ORIG 100%
ocapro,IPHONE 17 AIR,Витратні матеріали для монтажу,39.5,UAH,Проклейка дисплея iPhone 17 Air ORIG 100%
ocapro,IPHONE 17 AIR,Витратні матеріали для монтажу,37.0,UAH,Проклейка дисплея iPhone 17 Air ORIG 100%
ocapro,IPHONE 17,Витратні матеріали для монтажу,24.0,UAH,Проклейка дисплея iPhone 17 ORIG 100%
ocapro,IPHONE 17,Витратні матеріали для монтажу,22.5,UAH,Проклейка дисплея iPhone 17 ORIG 100%
ocapro,IPHONE 17 PRO MAX,Витратні матеріали для монтажу,24.0,UAH,Проклейка дисплея iPhone 17 Pro Max ORIG 100%
ocapro,IPHONE 17 PRO MAX,Витратні матеріали для монтажу,22.5,UAH,Проклейка дисплея iPhone 17 Pro Max ORIG 100%
ocapro,IPHONE 17 PRO,Витратні матеріали для монтажу,24.0,UAH,Проклейка дисплея iPhone 17 Pro ORIG 100%
ocapro,IPHONE 17 PRO,Витратні матеріали для монтажу,22.5,UAH,Проклейка дисплея iPhone 17 Pro ORIG 100%
ocapro,IPHONE 14,Витратні матеріали для монтажу,35.0,UAH,Проклейка кришки корпусу iPhone 14  ORIG 100%
ocapro,IPHONE 14,Витратні матеріали для монтажу,33.0,UAH,Проклейка кришки корпусу iPhone 14  ORIG 100%
ocapro,IPHONE 14 PLUS,Витратні матеріали для монтажу,35.0,UAH,Проклейка кришки корпусу iPhone 14 Plus ORIG 100%
ocapro,IPHONE 14 PLUS,Витратні матеріали для монтажу,33.0,UAH,Проклейка кришки корпусу iPhone 14 Plus ORIG 100%
ocapro,IPHONE 15,Витратні матеріали для монтажу,36.0,UAH,Проклейка кришки корпусу iPhone 15 ORIG 100%
ocapro,IPHONE 15,Витратні матеріали для монтажу,34.0,UAH,Проклейка кришки корпусу iPhone 15 ORIG 100%
ocapro,IPHONE 15 PLUS,Витратні матеріали для монтажу,35.0,UAH,Проклейка кришки корпусу iPhone 15 Plus ORIG 100%
ocapro,IPHONE 15 PLUS,Витратні матеріали для монтажу,33.0,UAH,Проклейка кришки корпусу iPhone 15 Plus ORIG 100%
ocapro,IPHONE 15 PRO MAX,Витратні матеріали для монтажу,74.0,UAH,Проклейка кришки корпусу iPhone 15 Pro Max ORIG 100%
ocapro,IPHONE 15 PRO MAX,Витратні матеріали для монтажу,69.5,UAH,Проклейка кришки корпусу iPhone 15 Pro Max ORIG 100%
ocapro,IPHONE 15 PRO,Витратні матеріали для монтажу,40.5,UAH,Проклейка кришки корпусу iPhone 15 Pro ORIG 100%
ocapro,IPHONE 15 PRO,Витратні матеріали для монтажу,38.0,UAH,Проклейка кришки корпусу iPhone 15 Pro ORIG 100%
ocapro,IPHONE 16,Витратні матеріали для монтажу,29.5,UAH,Проклейка кришки корпусу iPhone 16 ORIG 100%
ocapro,IPHONE 16,Витратні матеріали для монтажу,27.5,UAH,Проклейка кришки корпусу iPhone 16 ORIG 100%
ocapro,IPHONE 16 PLUS,Витратні матеріали для монтажу,21.5,UAH,Проклейка кришки корпусу iPhone 16 Plus ORIG 100%
ocapro,IPHONE 16 PLUS,Витратні матеріали для монтажу,20.0,UAH,Проклейка кришки корпусу iPhone 16 Plus ORIG 100%
ocapro,IPHONE 16 PRO MAX,Витратні матеріали для монтажу,35.0,UAH,Проклейка кришки корпусу iPhone 16 Pro Max ORIG 100%
ocapro,IPHONE 16 PRO MAX,Витратні матеріали для монтажу,33.0,UAH,Проклейка кришки корпусу iPhone 16 Pro Max ORIG 100%
ocapro,IPHONE 16 PRO,Витратні матеріали для монтажу,35.0,UAH,Проклейка кришки корпусу iPhone 16 Pro ORIG 100%
ocapro,IPHONE 16 PRO,Витратні матеріали для монтажу,33.0,UAH,Проклейка кришки корпусу iPhone 16 Pro ORIG 100%
ocapro,IPHONE 17 AIR,Витратні матеріали для монтажу,39.5,UAH,Проклейка кришки корпусу iPhone 17 Air ORIG 100%
ocapro,IPHONE 17 AIR,Витратні матеріали для монтажу,37.0,UAH,Проклейка кришки корпусу iPhone 17 Air ORIG 100%
ocapro,IPHONE 17,Витратні матеріали для монтажу,39.5,UAH,Проклейка кришки корпусу iPhone 17 ORIG 100%
ocapro,IPHONE 17,Витратні матеріали для монтажу,37.0,UAH,Проклейка кришки корпусу iPhone 17 ORIG 100%
ocapro,IPHONE 17 PRO MAX,Витратні матеріали для монтажу,39.5,UAH,Проклейка кришки корпусу iPhone 17 Pro Max ORIG 100%
ocapro,IPHONE 17 PRO MAX,Витратні матеріали для монтажу,37.0,UAH,Проклейка кришки корпусу iPhone 17 Pro Max ORIG 100%
ocapro,IPHONE 17 PRO,Витратні матеріали для монтажу,39.5,UAH,Проклейка кришки корпусу iPhone 17 Pro ORIG 100%
ocapro,IPHONE 17 PRO,Витратні матеріали для монтажу,37.0,UAH,Проклейка кришки корпусу iPhone 17 Pro ORIG 100%
ocapro,IPHONE 11 PRO,,10.5,UAH,Задній стікер диссплея iPhone 11 Pro
ocapro,IPHONE 11 PRO,,10.0,UAH,Задній стікер диссплея iPhone 11 Pro
ocapro,IPHONE 11 PRO MAX,,10.5,UAH,Задній стікер диссплея iPhone 11 Pro Max
ocapro,IPHONE 11 PRO MAX,,10.0,UAH,Задній стікер диссплея iPhone 11 Pro Max
ocapro,IPHONE 12 MINI,,10.5,UAH,Задній стікер диссплея iPhone 12 mini
ocapro,IPHONE 12 MINI,,10.0,UAH,Задній стікер диссплея iPhone 12 mini
ocapro,IPHONE 12 PRO,,10.5,UAH,Задній стікер диссплея iPhone 12 pro
ocapro,IPHONE 12 PRO,,10.0,UAH,Задній стікер диссплея iPhone 12 pro
ocapro,IPHONE 12 PRO MAX,,10.5,UAH,Задній стікер диссплея iPhone 12 pro Max
ocapro,IPHONE 12 PRO MAX,,10.0,UAH,Задній стікер диссплея iPhone 12 pro Max
ocapro,IPHONE 13,,10.5,UAH,Задній стікер диссплея iPhone 13
ocapro,IPHONE 13,,10.0,UAH,Задній стікер диссплея iPhone 13
ocapro,IPHONE 13 MINI,,10.5,UAH,Задній стікер диссплея iPhone 13 mini
ocapro,IPHONE 13 MINI,,10.0,UAH,Задній стікер диссплея iPhone 13 mini
ocapro,IPHONE 13 PRO,,10.5,UAH,Задній стікер диссплея iPhone 13 Pro
ocapro,IPHONE 13 PRO,,10.0,UAH,Задній стікер диссплея iPhone 13 Pro
ocapro,IPHONE 13 PRO MAX,,10.5,UAH,Задній стікер диссплея iPhone 13 Pro Max
ocapro,IPHONE 13 PRO MAX,,10.0,UAH,Задній стікер диссплея iPhone 13 Pro Max
ocapro,IPHONE 14 PRO,,11.0,UAH,Задній стікер диссплея iPhone 14 Pro
ocapro,IPHONE 14 PRO,,10.5,UAH,Задній стікер диссплея iPhone 14 Pro
ocapro,IPHONE 14 PRO MAX,,15.5,UAH,Задній стікер диссплея iPhone 14 Pro Max
ocapro,IPHONE 14 PRO MAX,,14.5,UAH,Задній стікер диссплея iPhone 14 Pro Max
ocapro,IPHONE 15 PRO,,14.5,UAH,Задній стікер диссплея iPhone 15 Pro
ocapro,IPHONE 15 PRO,,13.5,UAH,Задній стікер диссплея iPhone 15 Pro
ocapro,IPHONE 15 PRO MAX,,14.5,UAH,Задній стікер диссплея iPhone 15 Pro Max
ocapro,IPHONE 15 PRO MAX,,13.5,UAH,Задній стікер диссплея iPhone 15 Pro Max
ocapro,IPHONE X,,10.5,UAH,Задній стікер диссплея iPhone X
ocapro,IPHONE X,,10.0,UAH,Задній стікер диссплея iPhone X
ocapro,IPHONE XS,,10.5,UAH,Задній стікер диссплея iPhone Xs
ocapro,IPHONE XS,,10.0,UAH,Задній стікер диссплея iPhone Xs
ocapro,,,13.5,UAH,Задній стікер диссплея iPhone XSM
ocapro,,,12.5,UAH,Задній стікер диссплея iPhone XSM
ocapro,,,273.0,UAH,Contact cleaner Falcon 530
ocapro,,,255.0,UAH,Contact cleaner Falcon 530
ocapro,,,1470.0,UAH,Масло для компресора Luo Mа Pal 1л
ocapro,,,1372.0,UAH,Масло для компресора Luo Mа Pal 1л
ocapro,,,546.0,UAH,Набір для нанесення олеофобного покриття 80 мл.
ocapro,,,510.0,UAH,Набір для нанесення олеофобного покриття 80 мл.
ocapro,,,3570.0,UAH,Олеофобне покриття 500 мл
ocapro,,,3332.0,UAH,Олеофобне покриття 500 мл
ocapro,,,1848.0,UAH,Порошок для полирування скла 1 кг
ocapro,,,1725.0,UAH,Порошок для полирування скла 1 кг
ocapro,,,430.5,UAH,Рідина для видалення ОСА плівки X12 120 мл
ocapro,,,402.0,UAH,Рідина для видалення ОСА плівки X12 120 мл
ocapro,,,1071.0,UAH,Рідина для видалення ОСА плівки X12 500 мл
ocapro,,,1000.0,UAH,Рідина для видалення ОСА плівки X12 500 мл
ocapro,,,640.5,UAH,Рідина для видалення рамки X11 120 мл
ocapro,,,598.0,UAH,Рідина для видалення рамки X11 120 мл
ocapro,,,1837.5,UAH,Рідина для видалення рамки X11 500 мл
ocapro,,,1715.0,UAH,Рідина для видалення рамки X11 500 мл
ocapro,IPHONE 6,,96.0,UAH,скло + рамка  iPhone 6  black H.Q.
ocapro,IPHONE 6,,89.5,UAH,скло + рамка  iPhone 6  black H.Q.
ocapro,IPHONE 6,,112.5,UAH,скло + рамка  iPhone 6  white H.Q.
ocapro,IPHONE 6,,105.0,UAH,скло + рамка  iPhone 6  white H.Q.
ocapro,IPHONE 6 PLUS,,105.0,UAH,скло + рамка  iPhone 6 Plus black H.Q.
ocapro,IPHONE 6 PLUS,,98.0,UAH,скло + рамка  iPhone 6 Plus black H.Q.
ocapro,IPHONE 6 PLUS,,84.0,UAH,скло + рамка  iPhone 6 Plus white H.Q.
ocapro,IPHONE 6 PLUS,,78.5,UAH,скло + рамка  iPhone 6 Plus white H.Q.
ocapro,IPHONE 6S PLUS,,129.5,UAH,скло + рамка  iPhone 6s Plus white H.Q.
ocapro,IPHONE 6S PLUS,,121.0,UAH,скло + рамка  iPhone 6s Plus white H.Q.
ocapro,IPHONE 7 PLUS,,115.5,UAH,скло + рамка  iPhone 7 Plus black H.Q.
ocapro,IPHONE 7 PLUS,,108.0,UAH,скло + рамка  iPhone 7 Plus black H.Q.
ocapro,IPHONE 7 PLUS,,129.5,UAH,скло + рамка  iPhone 7 Plus white H.Q.
ocapro,IPHONE 7 PLUS,,121.0,UAH,скло + рамка  iPhone 7 Plus white H.Q.
ocapro,IPHONE 6S,,111.5,UAH,скло + рамка iPhone 6s black H.Q.
ocapro,IPHONE 6S,,104.0,UAH,скло + рамка iPhone 6s black H.Q.
ocapro,IPHONE 6S PLUS,,129.5,UAH,скло + рамка iPhone 6s Plus black H.Q.
ocapro,IPHONE 6S PLUS,,121.0,UAH,скло + рамка iPhone 6s Plus black H.Q.
ocapro,IPHONE 6S,,111.5,UAH,скло + рамка iPhone 6s white H.Q.
ocapro,IPHONE 6S,,104.0,UAH,скло + рамка iPhone 6s white H.Q.
ocapro,IPHONE 7,,110.5,UAH,скло + рамка iPhone 7  black H.Q.
ocapro,IPHONE 7,,103.0,UAH,скло + рамка iPhone 7  black H.Q.
ocapro,IPHONE 7,,126.0,UAH,скло + рамка iPhone 7 white H.Q.
ocapro,IPHONE 7,,118.0,UAH,скло + рамка iPhone 7 white H.Q.
ocapro,IPHONE 8,,115.5,UAH,скло + рамка iPhone 8  black H.Q.
ocapro,IPHONE 8,,108.0,UAH,скло + рамка iPhone 8  black H.Q.
ocapro,IPHONE 8 PLUS,,135.5,UAH,Скло + рамка iPhone 8 Plus black H.Q
ocapro,IPHONE 8 PLUS,,126.5,UAH,Скло + рамка iPhone 8 Plus black H.Q
ocapro,IPHONE 8 PLUS,,135.5,UAH,Скло + рамка iPhone 8 Plus white H.Q
ocapro,IPHONE 8 PLUS,,126.5,UAH,Скло + рамка iPhone 8 Plus white H.Q
ocapro,IPHONE 8,,132.5,UAH,скло + рамка iPhone 8 white H.Q.
ocapro,IPHONE 8,,123.5,UAH,скло + рамка iPhone 8 white H.Q.
ocapro,IPHONE 11,Скло дисплейного модулю,115.5,UAH,скло дисплея iPhone 11 + рамка HQ
ocapro,IPHONE 11,Скло дисплейного модулю,108.0,UAH,скло дисплея iPhone 11 + рамка HQ
ocapro,IPHONE 11 PRO MAX,Скло дисплейного модулю,89.5,UAH,Скло дисплея iPhone 11 Pro Max ORIG 1:1
ocapro,IPHONE 11 PRO MAX,Скло дисплейного модулю,83.5,UAH,Скло дисплея iPhone 11 Pro Max ORIG 1:1
ocapro,IPHONE 12 MINI,Скло дисплейного модулю,94.5,UAH,Скло дисплея iPhone 12 mini ORIG 1:1
ocapro,IPHONE 12 MINI,Скло дисплейного модулю,88.5,UAH,Скло дисплея iPhone 12 mini ORIG 1:1
ocapro,IPHONE 12 PRO MAX,Скло дисплейного модулю,79.0,UAH,Скло дисплея iPhone 12 Pro Max ORIG 1:1
ocapro,IPHONE 12 PRO MAX,Скло дисплейного модулю,73.5,UAH,Скло дисплея iPhone 12 Pro Max ORIG 1:1
ocapro,IPHONE 13 MINI,Скло дисплейного модулю,73.5,UAH,Скло дисплея iPhone 13 mini ORIG 1:1
ocapro,IPHONE 13 MINI,Скло дисплейного модулю,69.0,UAH,Скло дисплея iPhone 13 mini ORIG 1:1
ocapro,IPHONE 14 PLUS,Скло дисплейного модулю,79.0,UAH,Скло дисплея iPhone 14 Plus ORIG 1:1
ocapro,IPHONE 14 PLUS,Скло дисплейного модулю,73.5,UAH,Скло дисплея iPhone 14 Plus ORIG 1:1
ocapro,IPHONE X,Скло дисплейного модулю,525.0,UAH,скло дисплея iPhone X ORIG 100 %
ocapro,IPHONE X,Скло дисплейного модулю,490.0,UAH,скло дисплея iPhone X ORIG 100 %
ocapro,IPHONE XS,Скло дисплейного модулю,73.5,UAH,скло дисплея iPhone X/XS ORIG 1:1
ocapro,IPHONE XS,Скло дисплейного модулю,69.0,UAH,скло дисплея iPhone X/XS ORIG 1:1
ocapro,IPHONE XR,Скло дисплейного модулю,126.0,UAH,скло дисплея iPhone XR + рамка HQ
ocapro,IPHONE XR,Скло дисплейного модулю,118.0,UAH,скло дисплея iPhone XR + рамка HQ
ocapro,IPHONE XS MAX,Скло дисплейного модулю,73.5,UAH,скло дисплея iPhone XS Max ORIG 1:1
ocapro,IPHONE XS MAX,Скло дисплейного модулю,69.0,UAH,скло дисплея iPhone XS Max ORIG 1:1
ocapro,IPHONE 6,,121.0,UAH,скло + рамка + OCA  iPhone 6  black H.Q.
ocapro,IPHONE 6,,113.0,UAH,скло + рамка + OCA  iPhone 6  black H.Q.
ocapro,IPHONE 6,,121.0,UAH,скло + рамка + OCA  iPhone 6  White H.Q.
ocapro,IPHONE 6,,113.0,UAH,скло + рамка + OCA  iPhone 6  White H.Q.
ocapro,IPHONE 6 PLUS,,115.5,UAH,скло + рамка + OCA  iPhone 6 Plus black H.Q.
ocapro,IPHONE 6 PLUS,,108.0,UAH,скло + рамка + OCA  iPhone 6 Plus black H.Q.
ocapro,IPHONE 6 PLUS,,115.5,UAH,скло + рамка + OCA  iPhone 6 Plus white H.Q.
ocapro,IPHONE 6 PLUS,,108.0,UAH,скло + рамка + OCA  iPhone 6 Plus white H.Q.
ocapro,IPHONE 6S,,121.0,UAH,скло + рамка + OCA iPhone 6s black H.Q.
ocapro,IPHONE 6S,,113.0,UAH,скло + рамка + OCA iPhone 6s black H.Q.
ocapro,IPHONE 6S PLUS,,131.5,UAH,скло + рамка + OCA iPhone 6s Plus black H.Q.
ocapro,IPHONE 6S PLUS,,122.5,UAH,скло + рамка + OCA iPhone 6s Plus black H.Q.
ocapro,IPHONE 6S PLUS,,131.5,UAH,скло + рамка + OCA iPhone 6s Plus white H.Q.
ocapro,IPHONE 6S PLUS,,122.5,UAH,скло + рамка + OCA iPhone 6s Plus white H.Q.
ocapro,IPHONE 6S,,121.0,UAH,скло + рамка + OCA iPhone 6s white H.Q.
ocapro,IPHONE 6S,,113.0,UAH,скло + рамка + OCA iPhone 6s white H.Q.
ocapro,IPHONE 7,,131.5,UAH,скло + рамка + OCA iPhone 7  black H.Q.
ocapro,IPHONE 7,,122.5,UAH,скло + рамка + OCA iPhone 7  black H.Q.
ocapro,IPHONE 7 PLUS,,143.0,UAH,скло + рамка + OCA iPhone 7 Plus black H.Q.
ocapro,IPHONE 7 PLUS,,133.5,UAH,скло + рамка + OCA iPhone 7 Plus black H.Q.
ocapro,IPHONE 7 PLUS,,143.0,UAH,скло + рамка + OCA iPhone 7 Plus white H.Q.
ocapro,IPHONE 7 PLUS,,133.5,UAH,скло + рамка + OCA iPhone 7 Plus white H.Q.
ocapro,IPHONE 7,,132.5,UAH,скло + рамка + OCA iPhone 7 white H.Q.
ocapro,IPHONE 7,,123.5,UAH,скло + рамка + OCA iPhone 7 white H.Q.
ocapro,IPHONE 8,,131.5,UAH,скло + рамка + OCA iPhone 8 black H.Q.
ocapro,IPHONE 8,,122.5,UAH,скло + рамка + OCA iPhone 8 black H.Q.
ocapro,IPHONE 8 PLUS,,143.0,UAH,скло + рамка + OCA iPhone 8 Plus black H.Q.
ocapro,IPHONE 8 PLUS,,133.5,UAH,скло + рамка + OCA iPhone 8 Plus black H.Q.
ocapro,IPHONE 8 PLUS,,142.0,UAH,скло + рамка + OCA iPhone 8 Plus White H.Q.
ocapro,IPHONE 8 PLUS,,132.5,UAH,скло + рамка + OCA iPhone 8 Plus White H.Q.
ocapro,IPHONE 8,,136.5,UAH,скло + рамка + OCA iPhone 8 White H.Q.
ocapro,IPHONE 8,,127.5,UAH,скло + рамка + OCA iPhone 8 White H.Q.
ocapro,IPHONE 11,Скло дисплейного модулю,113.5,UAH,Скло дисплея iPhone 11 + рамка + ОСА
ocapro,IPHONE 11,Скло дисплейного модулю,106.0,UAH,Скло дисплея iPhone 11 + рамка + ОСА
ocapro,IPHONE 11,Скло дисплейного модулю,133.5,UAH,Скло дисплея iPhone 11 + рамка OCA ORIG 100%
ocapro,IPHONE 11,Скло дисплейного модулю,124.5,UAH,Скло дисплея iPhone 11 + рамка OCA ORIG 100%
ocapro,IPHONE 11 PRO MAX,Скло дисплейного модулю,89.5,UAH,Скло дисплея iPhone 11 Pro Max+OCA 1:1
ocapro,IPHONE 11 PRO MAX,Скло дисплейного модулю,83.5,UAH,Скло дисплея iPhone 11 Pro Max+OCA 1:1
ocapro,IPHONE 12 MINI,Скло дисплейного модулю,90.0,UAH,Скло дисплея iPhone 12 mini+OCA ORIG 1:1
ocapro,IPHONE 12 MINI,Скло дисплейного модулю,84.0,UAH,Скло дисплея iPhone 12 mini+OCA ORIG 1:1
ocapro,IPHONE 12 PRO MAX,Скло дисплейного модулю,94.5,UAH,Скло дисплея iPhone 12 Pro Max+OCA ORIG 1:1
ocapro,IPHONE 12 PRO MAX,Скло дисплейного модулю,88.5,UAH,Скло дисплея iPhone 12 Pro Max+OCA ORIG 1:1
ocapro,IPHONE 12 PRO MAX,Скло дисплейного модулю,94.5,UAH,Скло дисплея iPhone 12 Pro Max+OCA ORIG 1:1 ZM
ocapro,IPHONE 12 PRO MAX,Скло дисплейного модулю,88.5,UAH,Скло дисплея iPhone 12 Pro Max+OCA ORIG 1:1 ZM
ocapro,IPHONE 12 PRO MAX,Скло дисплейного модулю,252.0,UAH,Скло дисплея iPhone 12 Pro Max+OCA ORIG 99%
ocapro,IPHONE 12 PRO MAX,Скло дисплейного модулю,235.5,UAH,Скло дисплея iPhone 12 Pro Max+OCA ORIG 99%
ocapro,IPHONE 12 PRO MAX,Скло дисплейного модулю,126.0,UAH,Скло дисплея iPhone 12 Pro Max+Polar+OCA ORIG 1:1
ocapro,IPHONE 12 PRO MAX,Скло дисплейного модулю,118.0,UAH,Скло дисплея iPhone 12 Pro Max+Polar+OCA ORIG 1:1
ocapro,IPHONE 13 MINI,Скло дисплейного модулю,94.5,UAH,Скло дисплея iPhone 13 mini + OCA 1:1
ocapro,IPHONE 13 MINI,Скло дисплейного модулю,88.5,UAH,Скло дисплея iPhone 13 mini + OCA 1:1
ocapro,IPHONE 14 PLUS,Скло дисплейного модулю,94.5,UAH,Скло дисплея iPhone 14 Plus+OCA ORIG 1:1
ocapro,IPHONE 14 PLUS,Скло дисплейного модулю,88.5,UAH,Скло дисплея iPhone 14 Plus+OCA ORIG 1:1
ocapro,IPHONE 14 PLUS,Скло дисплейного модулю,136.5,UAH,Скло дисплея iPhone 14 Plus+Polar+OCA ORIG 1:1
ocapro,IPHONE 14 PLUS,Скло дисплейного модулю,127.5,UAH,Скло дисплея iPhone 14 Plus+Polar+OCA ORIG 1:1
ocapro,IPHONE 16 PLUS,Скло дисплейного модулю,100.0,UAH,Скло дисплея iPhone 16 Plus+OCA ORIG 1:1
ocapro,IPHONE 16 PLUS,Скло дисплейного модулю,93.5,UAH,Скло дисплея iPhone 16 Plus+OCA ORIG 1:1
ocapro,IPHONE 17 AIR,Скло дисплейного модулю,105.0,UAH,Скло дисплея iPhone 17 Air+OCA ORIG 1:1
ocapro,IPHONE 17 AIR,Скло дисплейного модулю,98.0,UAH,Скло дисплея iPhone 17 Air+OCA ORIG 1:1
ocapro,IPHONE XS,Скло дисплейного модулю,92.5,UAH,Скло дисплея iPhone X/XS + OCA ORIG 1:1
ocapro,IPHONE XS,Скло дисплейного модулю,86.5,UAH,Скло дисплея iPhone X/XS + OCA ORIG 1:1
ocapro,IPHONE XS,Скло дисплейного модулю,80.0,UAH,Скло дисплея iPhone X/XS + OCA ORIG 1:1 ZM
ocapro,IPHONE XS,Скло дисплейного модулю,74.5,UAH,Скло дисплея iPhone X/XS + OCA ORIG 1:1 ZM
ocapro,IPHONE XR,Скло дисплейного модулю,112.5,UAH,Скло дисплея iPhone XR + рамка + OCA
ocapro,IPHONE XR,Скло дисплейного модулю,105.0,UAH,Скло дисплея iPhone XR + рамка + OCA
ocapro,IPHONE XR,Скло дисплейного модулю,147.0,UAH,Скло дисплея iPhone XR + рамка OCA ORIG 100%
ocapro,IPHONE XR,Скло дисплейного модулю,137.5,UAH,Скло дисплея iPhone XR + рамка OCA ORIG 100%
ocapro,IPHONE XS MAX,Скло дисплейного модулю,100.0,UAH,Скло дисплея iPhone XS MAX + OCA 1:1
ocapro,IPHONE XS MAX,Скло дисплейного модулю,93.5,UAH,Скло дисплея iPhone XS MAX + OCA 1:1
ocapro,IPHONE XS MAX,Скло дисплейного модулю,87.5,UAH,Скло дисплея iPhone XS MAX + OCA 1:1 ZM
ocapro,IPHONE XS MAX,Скло дисплейного модулю,81.5,UAH,Скло дисплея iPhone XS MAX + OCA 1:1 ZM
ocapro,IPHONE 12 PRO MAX,Скло дисплейного модулю,131.5,UAH,Скло дисплея iPhone 12 Pro Max + OCA ORIG 1:1 (Feaglet)
ocapro,IPHONE 12 PRO MAX,Скло дисплейного модулю,122.5,UAH,Скло дисплея iPhone 12 Pro Max + OCA ORIG 1:1 (Feaglet)
ocapro,IPHONE 17 AIR,Скло дисплейного модулю,178.5,UAH,Скло дисплея iPhone 17 Air + OCA ORIG 1:1 (Feaglet)
ocapro,IPHONE 17 AIR,Скло дисплейного модулю,167.0,UAH,Скло дисплея iPhone 17 Air + OCA ORIG 1:1 (Feaglet)
ocapro,IPHONE 11 PRO MAX,Скло дисплейного модулю,118.0,UAH,скло дисплея iPhone 11 PRO MAX + T-OCA 125u ORIG 1:1
ocapro,IPHONE 11 PRO MAX,Скло дисплейного модулю,110.5,UAH,скло дисплея iPhone 11 PRO MAX + T-OCA 125u ORIG 1:1
ocapro,IPHONE 12 MINI,Скло дисплейного модулю,112.0,UAH,скло дисплея iPhone 12 mini + T-OCA 125u ORIG 1:1
ocapro,IPHONE 12 MINI,Скло дисплейного модулю,105.0,UAH,скло дисплея iPhone 12 mini + T-OCA 125u ORIG 1:1
ocapro,IPHONE 12 PRO MAX,Скло дисплейного модулю,134.5,UAH,скло дисплея iPhone 12 PRO MAX + T-OCA 125u ORIG 1:1
ocapro,IPHONE 12 PRO MAX,Скло дисплейного модулю,126.0,UAH,скло дисплея iPhone 12 PRO MAX + T-OCA 125u ORIG 1:1
ocapro,IPHONE 13 MINI,Скло дисплейного модулю,112.0,UAH,скло дисплея iPhone 13 mini + T-OCA 125u ORIG 1:1
ocapro,IPHONE 13 MINI,Скло дисплейного модулю,105.0,UAH,скло дисплея iPhone 13 mini + T-OCA 125u ORIG 1:1
ocapro,IPHONE 14 PLUS,Скло дисплейного модулю,129.0,UAH,скло дисплея iPhone 14 Plus + T-OCA 125u ORIG 1:1
ocapro,IPHONE 14 PLUS,Скло дисплейного модулю,121.0,UAH,скло дисплея iPhone 14 Plus + T-OCA 125u ORIG 1:1
ocapro,IPHONE 16 PLUS,Скло дисплейного модулю,140.0,UAH,Скло дисплея iPhone 16 Plus +Т-OCA ORIG 1:1
ocapro,IPHONE 16 PLUS,Скло дисплейного модулю,131.5,UAH,Скло дисплея iPhone 16 Plus +Т-OCA ORIG 1:1
ocapro,IPHONE 17 AIR,Скло дисплейного модулю,151.5,UAH,Скло дисплея iPhone 17 Air+Т-OCA ORIG 1:1
ocapro,IPHONE 17 AIR,Скло дисплейного модулю,142.0,UAH,Скло дисплея iPhone 17 Air+Т-OCA ORIG 1:1
ocapro,IPHONE XS,Скло дисплейного модулю,106.5,UAH,скло дисплея iPhone X/XS + T-OCA 125u ORIG 1:1
ocapro,IPHONE XS,Скло дисплейного модулю,100.0,UAH,скло дисплея iPhone X/XS + T-OCA 125u ORIG 1:1
ocapro,,Скло дисплейного модулю,131.5,UAH,скло дисплея iPhone XSM + T-OCA 125u ORIG 1:1
ocapro,,Скло дисплейного модулю,123.0,UAH,скло дисплея iPhone XSM + T-OCA 125u ORIG 1:1
ocapro,IPHONE X,,69.0,UAH,3D Touch iPhone X ORIG
ocapro,IPHONE X,,64.0,UAH,3D Touch iPhone X ORIG
ocapro,IPHONE XS MAX,,108.0,UAH,3D Touch iPhone XS Max ORIG
ocapro,IPHONE XS MAX,,100.5,UAH,3D Touch iPhone XS Max ORIG
ocapro,IPHONE XS,,98.0,UAH,3D Touch iPhone XS ORIG
ocapro,IPHONE XS,,91.0,UAH,3D Touch iPhone XS ORIG
ocapro,IPHONE 11 PRO,,412.0,UAH,Тачскрин iPhone 11 Pro + ОСА XF HQ
ocapro,IPHONE 11 PRO,,382.5,UAH,Тачскрин iPhone 11 Pro + ОСА XF HQ
ocapro,IPHONE 11 PRO,,490.0,UAH,Тачскрин iPhone 11 Pro + ОСА XF ORIG QR code
ocapro,IPHONE 11 PRO,,455.0,UAH,Тачскрин iPhone 11 Pro + ОСА XF ORIG QR code
ocapro,IPHONE 11 PRO,,539.0,UAH,Тачскрин iPhone 11 Pro Copy (без помилки)
ocapro,IPHONE 11 PRO,,500.5,UAH,Тачскрин iPhone 11 Pro Copy (без помилки)
ocapro,IPHONE 11 PRO MAX,,588.0,UAH,Тачскрин iPhone 11 Pro Max Copy (без помилки)
ocapro,IPHONE 11 PRO MAX,,546.0,UAH,Тачскрин iPhone 11 Pro Max Copy (без помилки)
ocapro,IPHONE 11 PRO MAX,,431.5,UAH,Тачскрин iPhone 11 Pro Max HQ c OCA XF (without IC)
ocapro,IPHONE 11 PRO MAX,,400.5,UAH,Тачскрин iPhone 11 Pro Max HQ c OCA XF (without IC)
ocapro,IPHONE 11 PRO MAX,,519.5,UAH,Тачскрин iPhone 11 Pro Max ORIG QR code c OCA (without IC)
ocapro,IPHONE 11 PRO MAX,,482.5,UAH,Тачскрин iPhone 11 Pro Max ORIG QR code c OCA (without IC)
ocapro,IPHONE 11 PRO MAX,,510.0,UAH,Тачскрин iPhone 11 Pro Max XF HQ
ocapro,IPHONE 11 PRO MAX,,473.5,UAH,Тачскрин iPhone 11 Pro Max XF HQ
ocapro,IPHONE 11 PRO MAX,,500.0,UAH,Тачскрин iPhone 11 Pro Max XF HQ(without IC)
ocapro,IPHONE 11 PRO MAX,,464.5,UAH,Тачскрин iPhone 11 Pro Max XF HQ(without IC)
ocapro,IPHONE 11 PRO MAX,,608.0,UAH,Тачскрин iPhone 11 Pro Max XF ORIG QR code
ocapro,IPHONE 11 PRO MAX,,564.5,UAH,Тачскрин iPhone 11 Pro Max XF ORIG QR code
ocapro,IPHONE 11 PRO MAX,,549.0,UAH,Тачскрин iPhone 11 Pro Max XF ORIG QR code (NO IC)
ocapro,IPHONE 11 PRO MAX,,510.0,UAH,Тачскрин iPhone 11 Pro Max XF ORIG QR code (NO IC)
ocapro,IPHONE 11 PRO MAX,,441.0,UAH,Тачскрин iPhone 11 Pro Max XF ОСА HQ
ocapro,IPHONE 11 PRO MAX,,409.5,UAH,Тачскрин iPhone 11 Pro Max XF ОСА HQ
ocapro,IPHONE 11 PRO MAX,,539.0,UAH,Тачскрин iPhone 11 Pro Max XF ОСА ORIG QR code
ocapro,IPHONE 11 PRO MAX,,500.5,UAH,Тачскрин iPhone 11 Pro Max XF ОСА ORIG QR code
ocapro,IPHONE 11 PRO,,461.0,UAH,Тачскрин iPhone 11 Pro XF HQ
ocapro,IPHONE 11 PRO,,428.0,UAH,Тачскрин iPhone 11 Pro XF HQ
ocapro,IPHONE 11 PRO,,392.0,UAH,Тачскрин iPhone 11 Pro XF HQ (without IC)
ocapro,IPHONE 11 PRO,,364.0,UAH,Тачскрин iPhone 11 Pro XF HQ (without IC)
ocapro,IPHONE 11 PRO,,470.5,UAH,Тачскрин iPhone 11 Pro XF ORIG QR code
ocapro,IPHONE 11 PRO,,437.0,UAH,Тачскрин iPhone 11 Pro XF ORIG QR code
ocapro,IPHONE 11 PRO,,451.0,UAH,Тачскрин iPhone 11 Pro XF ORIG QR code (NO IC)
ocapro,IPHONE 11 PRO,,419.0,UAH,Тачскрин iPhone 11 Pro XF ORIG QR code (NO IC)
ocapro,IPHONE 11 PRO,,480.5,UAH,Тачскрин iPhone 11 Pro XF+OCA ORIG QR code (NO IC)
ocapro,IPHONE 11 PRO,,446.0,UAH,Тачскрин iPhone 11 Pro XF+OCA ORIG QR code (NO IC)
ocapro,IPHONE 11,,392.0,UAH,Тачскрин iPhone 11 ProXF+OCA HQ (NO IC)
ocapro,IPHONE 11,,364.0,UAH,Тачскрин iPhone 11 ProXF+OCA HQ (NO IC)
ocapro,IPHONE 11,,451.0,UAH,Тачскрин iPhone 11 XF + OCA ORIG QR (NO IC)
ocapro,IPHONE 11,,419.0,UAH,Тачскрин iPhone 11 XF + OCA ORIG QR (NO IC)
ocapro,IPHONE 11,,470.5,UAH,Тачскрин iPhone 11 XF + OCA ORIG QR code
ocapro,IPHONE 11,,437.0,UAH,Тачскрин iPhone 11 XF + OCA ORIG QR code
ocapro,IPHONE 11,,470.5,UAH,Тачскрин iPhone 11 XF QR code
ocapro,IPHONE 11,,437.0,UAH,Тачскрин iPhone 11 XF QR code
ocapro,IPHONE 11,,510.0,UAH,Тачскрин iPhone 11 XF QR(NO IC)
ocapro,IPHONE 11,,473.5,UAH,Тачскрин iPhone 11 XF QR(NO IC)
ocapro,IPHONE 12 MINI,,686.0,UAH,Тачскрин iPhone 12 mini XF OCA + рамка
ocapro,IPHONE 12 MINI,,637.0,UAH,Тачскрин iPhone 12 mini XF OCA + рамка
ocapro,IPHONE 12 PRO MAX,,539.0,UAH,Тачскрин iPhone 12 Pro Max XF OCA HQ
ocapro,IPHONE 12 PRO MAX,,500.5,UAH,Тачскрин iPhone 12 Pro Max XF OCA HQ
ocapro,IPHONE 12 PRO,,421.5,UAH,Тачскрин iPhone 12 Pro XF ОСА HQ
ocapro,IPHONE 12 PRO,,391.5,UAH,Тачскрин iPhone 12 Pro XF ОСА HQ
ocapro,IPHONE 12 PRO,,588.0,UAH,Тачскрин iPhone 12/12 Pro XF (NO IC)
ocapro,IPHONE 12 PRO,,546.0,UAH,Тачскрин iPhone 12/12 Pro XF (NO IC)
ocapro,IPHONE 12 PRO,,490.0,UAH,Тачскрин iPhone 12/12 Pro XF + OCA ORIG QR
ocapro,IPHONE 12 PRO,,455.0,UAH,Тачскрин iPhone 12/12 Pro XF + OCA ORIG QR
ocapro,IPHONE 12 PRO,,500.0,UAH,Тачскрин iPhone 12/12 Pro XF + OCA ORIG QR (NO IC)
ocapro,IPHONE 12 PRO,,464.5,UAH,Тачскрин iPhone 12/12 Pro XF + OCA ORIG QR (NO IC)
ocapro,IPHONE 12 PRO,,490.0,UAH,Тачскрин iPhone 12/12 Pro XF HQ
ocapro,IPHONE 12 PRO,,455.0,UAH,Тачскрин iPhone 12/12 Pro XF HQ
ocapro,IPHONE 12 PRO,,412.0,UAH,Тачскрин iPhone 12/12 Pro XF OCA (NO IC)
ocapro,IPHONE 12 PRO,,382.5,UAH,Тачскрин iPhone 12/12 Pro XF OCA (NO IC)
ocapro,IPHONE 12 PRO,,617.5,UAH,Тачскрин iPhone 12/12 Pro XF ORIG QR (NO IC)
ocapro,IPHONE 12 PRO,,573.5,UAH,Тачскрин iPhone 12/12 Pro XF ORIG QR (NO IC)
ocapro,IPHONE 13 PRO MAX,,784.0,UAH,Тачскрин iPhone 13 Pro Max XF OCA + рамка HQ
ocapro,IPHONE 13 PRO MAX,,728.0,UAH,Тачскрин iPhone 13 Pro Max XF OCA + рамка HQ
ocapro,IPHONE 13 PRO,,1029.0,UAH,Тачскрин iPhone 13 Pro XF OCA HQ
ocapro,IPHONE 13 PRO,,955.5,UAH,Тачскрин iPhone 13 Pro XF OCA HQ
ocapro,IPHONE 13,,804.0,UAH,Тачскрин iPhone 13 XF OCA + рамка  HQ
ocapro,IPHONE 13,,746.5,UAH,Тачскрин iPhone 13 XF OCA + рамка  HQ
ocapro,IPHONE 14 PRO MAX,,980.0,UAH,Тачскрин iPhone 14 Pro Max XF OCA HQ
ocapro,IPHONE 14 PRO MAX,,910.0,UAH,Тачскрин iPhone 14 Pro Max XF OCA HQ
ocapro,IPHONE 14 PRO,,735.0,UAH,Тачскрин iPhone 14 Pro XF OCA HQ
ocapro,IPHONE 14 PRO,,682.5,UAH,Тачскрин iPhone 14 Pro XF OCA HQ
ocapro,IPHONE X,,314.0,UAH,Тачскрин iPhone X XF + ОСА HQ
ocapro,IPHONE X,,291.5,UAH,Тачскрин iPhone X XF + ОСА HQ
ocapro,IPHONE X,,274.5,UAH,Тачскрин iPhone X XF Copy + OCA (без пайки)
ocapro,IPHONE X,,255.0,UAH,Тачскрин iPhone X XF Copy + OCA (без пайки)
ocapro,IPHONE X,,294.0,UAH,Тачскрин iPhone X XF HQ
ocapro,IPHONE X,,273.0,UAH,Тачскрин iPhone X XF HQ
ocapro,IPHONE X,,421.5,UAH,Тачскрин iPhone X XF ORIG QR code
ocapro,IPHONE X,,391.5,UAH,Тачскрин iPhone X XF ORIG QR code
ocapro,IPHONE X,,412.0,UAH,Тачскрин iPhone X XF ORIG QR code OCA
ocapro,IPHONE X,,382.5,UAH,Тачскрин iPhone X XF ORIG QR code OCA
ocapro,IPHONE XR,,431.5,UAH,тачскрин iPhone XR  XF Copy
ocapro,IPHONE XR,,400.5,UAH,тачскрин iPhone XR  XF Copy
ocapro,IPHONE XR,,343.0,UAH,тачскрин iPhone XR XF Copy + OCA
ocapro,IPHONE XR,,318.5,UAH,тачскрин iPhone XR XF Copy + OCA
ocapro,IPHONE XR,,461.0,UAH,тачскрин iPhone XR XF QR code
ocapro,IPHONE XR,,428.0,UAH,тачскрин iPhone XR XF QR code
ocapro,IPHONE XR,,461.0,UAH,тачскрин iPhone XR XF+OCA QR
ocapro,IPHONE XR,,428.0,UAH,тачскрин iPhone XR XF+OCA QR
ocapro,IPHONE XR,,441.0,UAH,тачскрин iPhone XR+OCA QR ocapro
ocapro,IPHONE XR,,409.5,UAH,тачскрин iPhone XR+OCA QR ocapro
ocapro,IPHONE XS MAX,,392.0,UAH,Тачскрин iPhone XS Max  XF Copy + OCA (без пайки)
ocapro,IPHONE XS MAX,,364.0,UAH,Тачскрин iPhone XS Max  XF Copy + OCA (без пайки)
ocapro,IPHONE XS MAX,,451.0,UAH,тачскрин iPhone XS Max XF HQ
ocapro,IPHONE XS MAX,,419.0,UAH,тачскрин iPhone XS Max XF HQ
ocapro,IPHONE XS MAX,,500.0,UAH,тачскрин iPhone XS Max XF ORIG QR code
ocapro,IPHONE XS MAX,,464.5,UAH,тачскрин iPhone XS Max XF ORIG QR code
ocapro,IPHONE XS MAX,,353.0,UAH,тачскрин iPhone XS Max XF ОСА HQ
ocapro,IPHONE XS MAX,,328.0,UAH,тачскрин iPhone XS Max XF ОСА HQ
ocapro,IPHONE XS MAX,,470.5,UAH,тачскрин iPhone XS Max XF+OCA ORIG QR code
ocapro,IPHONE XS MAX,,437.0,UAH,тачскрин iPhone XS Max XF+OCA ORIG QR code
ocapro,IPHONE XS,,284.5,UAH,тачскрин iPhone XS XF Copy + OCA (без пайки)
ocapro,IPHONE XS,,264.0,UAH,тачскрин iPhone XS XF Copy + OCA (без пайки)
ocapro,IPHONE XS,,372.5,UAH,тачскрин iPhone XS XF HQ
ocapro,IPHONE XS,,346.0,UAH,тачскрин iPhone XS XF HQ
ocapro,IPHONE XS,,353.0,UAH,тачскрин iPhone XS XF OCA HQ
ocapro,IPHONE XS,,328.0,UAH,тачскрин iPhone XS XF OCA HQ
ocapro,IPHONE XS,,451.0,UAH,тачскрин iPhone XS XF ORIG QR code
ocapro,IPHONE XS,,419.0,UAH,тачскрин iPhone XS XF ORIG QR code
ocapro,IPHONE XS,,412.0,UAH,тачскрин iPhone XS XF ORIG QR code OCA
ocapro,IPHONE XS,,382.5,UAH,тачскрин iPhone XS XF ORIG QR code OCA
ocapro,IPHONE 11 PRO MAX,,735.0,UAH,Тачскрін iPhone 11 Pro Max+OCA NO IC QR code
ocapro,IPHONE 11 PRO MAX,,682.5,UAH,Тачскрін iPhone 11 Pro Max+OCA NO IC QR code
ocapro,IPHONE 11 PRO MAX,,745.0,UAH,Тачскрін iPhone 11 Pro Max+OCA QR code Feaglet
ocapro,IPHONE 11 PRO MAX,,692.0,UAH,Тачскрін iPhone 11 Pro Max+OCA QR code Feaglet
ocapro,IPHONE 11 PRO,,706.0,UAH,Тачскрін iPhone 11 Pro+OCA NO IC QR code Feaglet
ocapro,IPHONE 11 PRO,,655.5,UAH,Тачскрін iPhone 11 Pro+OCA NO IC QR code Feaglet
ocapro,IPHONE 11 PRO,,725.5,UAH,Тачскрін iPhone 11 Pro+OCA QR code Feaglet
ocapro,IPHONE 11 PRO,,673.5,UAH,Тачскрін iPhone 11 Pro+OCA QR code Feaglet
ocapro,IPHONE 11,,568.5,UAH,Тачскрін iPhone 11+OCA NO IC QR code Feaglet
ocapro,IPHONE 11,,528.0,UAH,Тачскрін iPhone 11+OCA NO IC QR code Feaglet
ocapro,IPHONE 11,,588.0,UAH,Тачскрін iPhone 11+OCA QR code Feaglet
ocapro,IPHONE 11,,546.0,UAH,Тачскрін iPhone 11+OCA QR code Feaglet
ocapro,IPHONE 12 PRO,,706.0,UAH,Тачскрін iPhone 12/12 Pro+OCA NO IC QR code Feaglet
ocapro,IPHONE 12 PRO,,655.5,UAH,Тачскрін iPhone 12/12 Pro+OCA NO IC QR code Feaglet
ocapro,IPHONE 12 PRO,,725.5,UAH,Тачскрін iPhone 12/12 Pro+OCA QR code Feaglet
ocapro,IPHONE 12 PRO,,673.5,UAH,Тачскрін iPhone 12/12 Pro+OCA QR code Feaglet
ocapro,IPHONE 11,,131.5,UAH,Шлейф з датчиком наближення iPhone 11 ORIG
ocapro,IPHONE 11,,122.5,UAH,Шлейф з датчиком наближення iPhone 11 ORIG
ocapro,IPHONE 11 PRO MAX,,173.5,UAH,Шлейф з датчиком наближення iPhone 11 Pro Max ORIG
ocapro,IPHONE 11 PRO MAX,,162.0,UAH,Шлейф з датчиком наближення iPhone 11 Pro Max ORIG
ocapro,IPHONE 11 PRO,,184.0,UAH,Шлейф з датчиком наближення iPhone 11 Pro ORIG
ocapro,IPHONE 11 PRO,,171.5,UAH,Шлейф з датчиком наближення iPhone 11 Pro ORIG
ocapro,IPHONE 12 MINI,,236.5,UAH,Шлейф з датчиком наближення iPhone 12 mini ORIG
ocapro,IPHONE 12 MINI,,220.5,UAH,Шлейф з датчиком наближення iPhone 12 mini ORIG
ocapro,IPHONE 12,,257.5,UAH,Шлейф з датчиком наближення iPhone 12 ORIG
ocapro,IPHONE 12,,240.5,UAH,Шлейф з датчиком наближення iPhone 12 ORIG
ocapro,IPHONE 12 PRO MAX,,289.0,UAH,Шлейф з датчиком наближення iPhone 12 Pro Max ORIG
ocapro,IPHONE 12 PRO MAX,,269.5,UAH,Шлейф з датчиком наближення iPhone 12 Pro Max ORIG
ocapro,IPHONE 12 PRO,,257.5,UAH,Шлейф з датчиком наближення iPhone 12 Pro ORIG
ocapro,IPHONE 12 PRO,,240.5,UAH,Шлейф з датчиком наближення iPhone 12 Pro ORIG
ocapro,IPHONE 13 MINI,,100.0,UAH,Шлейф з датчиком наближення iPhone 13 mini ORIG
ocapro,IPHONE 13 MINI,,93.5,UAH,Шлейф з датчиком наближення iPhone 13 mini ORIG
ocapro,IPHONE 13,,100.0,UAH,Шлейф з датчиком наближення iPhone 13 ORIG
ocapro,IPHONE 13,,93.5,UAH,Шлейф з датчиком наближення iPhone 13 ORIG
ocapro,IPHONE 13 PRO MAX,,131.5,UAH,Шлейф з датчиком наближення iPhone 13 Pro Max ORIG
ocapro,IPHONE 13 PRO MAX,,122.5,UAH,Шлейф з датчиком наближення iPhone 13 Pro Max ORIG
ocapro,IPHONE 13 PRO,,173.5,UAH,Шлейф з датчиком наближення iPhone 13 Pro ORIG
ocapro,IPHONE 13 PRO,,162.0,UAH,Шлейф з датчиком наближення iPhone 13 Pro ORIG
ocapro,IPHONE 14,,100.0,UAH,Шлейф з датчиком наближення iPhone 14 ORIG
ocapro,IPHONE 14,,93.5,UAH,Шлейф з датчиком наближення iPhone 14 ORIG
ocapro,IPHONE 14 PLUS,,100.0,UAH,Шлейф з датчиком наближення iPhone 14 Plus ORIG
ocapro,IPHONE 14 PLUS,,93.5,UAH,Шлейф з датчиком наближення iPhone 14 Plus ORIG
ocapro,IPHONE 14 PRO MAX,,583.0,UAH,Шлейф з датчиком наближення iPhone 14 Pro Max ORIG
ocapro,IPHONE 14 PRO MAX,,544.0,UAH,Шлейф з датчиком наближення iPhone 14 Pro Max ORIG
ocapro,IPHONE 14 PRO,,583.0,UAH,Шлейф з датчиком наближення iPhone 14 Pro ORIG
ocapro,IPHONE 14 PRO,,544.0,UAH,Шлейф з датчиком наближення iPhone 14 Pro ORIG
ocapro,IPHONE 15,,100.0,UAH,Шлейф з датчиком наближення iPhone 15 ORIG
ocapro,IPHONE 15,,93.5,UAH,Шлейф з датчиком наближення iPhone 15 ORIG
ocapro,IPHONE 15 PLUS,,110.5,UAH,Шлейф з датчиком наближення iPhone 15 Plus ORIG
ocapro,IPHONE 15 PLUS,,103.0,UAH,Шлейф з датчиком наближення iPhone 15 Plus ORIG
ocapro,IPHONE 15 PRO MAX,,110.5,UAH,Шлейф з датчиком наближення iPhone 15 Pro Max ORIG
ocapro,IPHONE 15 PRO MAX,,103.0,UAH,Шлейф з датчиком наближення iPhone 15 Pro Max ORIG
ocapro,IPHONE 15 PRO,,89.5,UAH,Шлейф з датчиком наближення iPhone 15 Pro ORIG
ocapro,IPHONE 15 PRO,,83.5,UAH,Шлейф з датчиком наближення iPhone 15 Pro ORIG
ocapro,IPHONE 16,,173.5,UAH,Шлейф з датчиком наближення iPhone 16 ORIG
ocapro,IPHONE 16,,162.0,UAH,Шлейф з датчиком наближення iPhone 16 ORIG
ocapro,IPHONE 16 PLUS,,194.5,UAH,Шлейф з датчиком наближення iPhone 16 Plus ORIG
ocapro,IPHONE 16 PLUS,,181.5,UAH,Шлейф з датчиком наближення iPhone 16 Plus ORIG
ocapro,IPHONE 16 PRO MAX,,142.0,UAH,Шлейф з датчиком наближення iPhone 16 Pro Max ORIG
ocapro,IPHONE 16 PRO MAX,,132.5,UAH,Шлейф з датчиком наближення iPhone 16 Pro Max ORIG
ocapro,IPHONE 16 PRO,,142.0,UAH,Шлейф з датчиком наближення iPhone 16 Pro ORIG
ocapro,IPHONE 16 PRO,,132.5,UAH,Шлейф з датчиком наближення iPhone 16 Pro ORIG
ocapro,IPHONE X,,121.0,UAH,Шлейф з датчиком наближення iPhone X ORIG
ocapro,IPHONE X,,113.0,UAH,Шлейф з датчиком наближення iPhone X ORIG
ocapro,IPHONE XR,,121.0,UAH,Шлейф з датчиком наближення iPhone XR ORIG
ocapro,IPHONE XR,,113.0,UAH,Шлейф з датчиком наближення iPhone XR ORIG
ocapro,IPHONE XS MAX,,121.0,UAH,Шлейф з датчиком наближення iPhone XS MAX ORIG
ocapro,IPHONE XS MAX,,113.0,UAH,Шлейф з датчиком наближення iPhone XS MAX ORIG
ocapro,IPHONE XS,,121.0,UAH,Шлейф з датчиком наближення iPhone XS ORIG
ocapro,IPHONE XS,,113.0,UAH,Шлейф з датчиком наближення iPhone XS ORIG
ocapro,IPHONE 11 PRO MAX,,1638.0,UAH,Шлейф iPhone 11 Pro Max з портом зарядки black ORIG 100%
ocapro,IPHONE 11 PRO MAX,,1529.0,UAH,Шлейф iPhone 11 Pro Max з портом зарядки black ORIG 100%
ocapro,IPHONE 11 PRO MAX,,1638.0,UAH,Шлейф iPhone 11 Pro Max з портом зарядки gold ORIG 100%
ocapro,IPHONE 11 PRO MAX,,1529.0,UAH,Шлейф iPhone 11 Pro Max з портом зарядки gold ORIG 100%
ocapro,IPHONE 11 PRO MAX,,1638.0,UAH,Шлейф iPhone 11 Pro Max з портом зарядки green ORIG 100%
ocapro,IPHONE 11 PRO MAX,,1529.0,UAH,Шлейф iPhone 11 Pro Max з портом зарядки green ORIG 100%
ocapro,IPHONE 11 PRO MAX,,1638.0,UAH,Шлейф iPhone 11 Pro Max з портом зарядки white ORIG 100%
ocapro,IPHONE 11 PRO MAX,,1529.0,UAH,Шлейф iPhone 11 Pro Max з портом зарядки white ORIG 100%
ocapro,IPHONE 11 PRO,,955.5,UAH,Шлейф iPhone 11 Pro з портом зарядки black ORIG 100%
ocapro,IPHONE 11 PRO,,892.0,UAH,Шлейф iPhone 11 Pro з портом зарядки black ORIG 100%
ocapro,IPHONE 11 PRO,,955.5,UAH,Шлейф iPhone 11 Pro з портом зарядки gold ORIG 100%
ocapro,IPHONE 11 PRO,,892.0,UAH,Шлейф iPhone 11 Pro з портом зарядки gold ORIG 100%
ocapro,IPHONE 11 PRO,,955.5,UAH,Шлейф iPhone 11 Pro з портом зарядки green ORIG 100%
ocapro,IPHONE 11 PRO,,892.0,UAH,Шлейф iPhone 11 Pro з портом зарядки green ORIG 100%
ocapro,IPHONE 11 PRO,,955.5,UAH,Шлейф iPhone 11 Pro з портом зарядки white ORIG 100%
ocapro,IPHONE 11 PRO,,892.0,UAH,Шлейф iPhone 11 Pro з портом зарядки white ORIG 100%
ocapro,IPHONE 11,,273.0,UAH,Шлейф iPhone 11 з портом зарядки black ORIG 100%
ocapro,IPHONE 11,,255.0,UAH,Шлейф iPhone 11 з портом зарядки black ORIG 100%
ocapro,IPHONE 11,,273.0,UAH,Шлейф iPhone 11 з портом зарядки red ORIG 100%
ocapro,IPHONE 11,,255.0,UAH,Шлейф iPhone 11 з портом зарядки red ORIG 100%
ocapro,IPHONE 11,,273.0,UAH,Шлейф iPhone 11 з портом зарядки white ORIG 100%
ocapro,IPHONE 11,,255.0,UAH,Шлейф iPhone 11 з портом зарядки white ORIG 100%
ocapro,IPHONE 12 PRO MAX,,945.0,UAH,Шлейф iPhone 12 Pro Max з портом зарядки black ORIG 100%
ocapro,IPHONE 12 PRO MAX,,882.0,UAH,Шлейф iPhone 12 Pro Max з портом зарядки black ORIG 100%
ocapro,IPHONE 12 PRO MAX,,945.0,UAH,Шлейф iPhone 12 Pro Max з портом зарядки blue ORIG 100%
ocapro,IPHONE 12 PRO MAX,,882.0,UAH,Шлейф iPhone 12 Pro Max з портом зарядки blue ORIG 100%
ocapro,IPHONE 12 PRO MAX,,945.0,UAH,Шлейф iPhone 12 Pro Max з портом зарядки gold ORIG 100%
ocapro,IPHONE 12 PRO MAX,,882.0,UAH,Шлейф iPhone 12 Pro Max з портом зарядки gold ORIG 100%
ocapro,IPHONE 12 PRO MAX,,945.0,UAH,Шлейф iPhone 12 Pro Max з портом зарядки white ORIG 100%
ocapro,IPHONE 12 PRO MAX,,882.0,UAH,Шлейф iPhone 12 Pro Max з портом зарядки white ORIG 100%
ocapro,IPHONE 12 PRO,,325.5,UAH,Шлейф iPhone 12 Pro з портом зарядки blue ORIG 100%
ocapro,IPHONE 12 PRO,,304.0,UAH,Шлейф iPhone 12 Pro з портом зарядки blue ORIG 100%
ocapro,IPHONE 12 PRO,,378.0,UAH,Шлейф iPhone 12 Pro з портом зарядки gold ORIG 100%
ocapro,IPHONE 12 PRO,,353.0,UAH,Шлейф iPhone 12 Pro з портом зарядки gold ORIG 100%
ocapro,IPHONE 12,,325.5,UAH,Шлейф iPhone 12 з портом зарядки blue ORIG 100%
ocapro,IPHONE 12,,304.0,UAH,Шлейф iPhone 12 з портом зарядки blue ORIG 100%
ocapro,IPHONE 12 PRO,,378.0,UAH,Шлейф iPhone 12/12 Pro з портом зарядки black ORIG
ocapro,IPHONE 12 PRO,,353.0,UAH,Шлейф iPhone 12/12 Pro з портом зарядки black ORIG
ocapro,IPHONE 12 PRO,,378.0,UAH,Шлейф iPhone 12/12 Pro з портом зарядки white ORIG 100%
ocapro,IPHONE 12 PRO,,353.0,UAH,Шлейф iPhone 12/12 Pro з портом зарядки white ORIG 100%
ocapro,IPHONE 13 PRO MAX,,640.5,UAH,Шлейф iPhone 13 Pro Max з портом зарядки black ORIG 100%
ocapro,IPHONE 13 PRO MAX,,598.0,UAH,Шлейф iPhone 13 Pro Max з портом зарядки black ORIG 100%
ocapro,IPHONE 13 PRO MAX,,640.5,UAH,Шлейф iPhone 13 Pro Max з портом зарядки blue ORIG 100%
ocapro,IPHONE 13 PRO MAX,,598.0,UAH,Шлейф iPhone 13 Pro Max з портом зарядки blue ORIG 100%
ocapro,IPHONE 13 PRO MAX,,640.5,UAH,Шлейф iPhone 13 Pro Max з портом зарядки gold ORIG 100%
ocapro,IPHONE 13 PRO MAX,,598.0,UAH,Шлейф iPhone 13 Pro Max з портом зарядки gold ORIG 100%
ocapro,IPHONE 13 PRO MAX,,640.5,UAH,Шлейф iPhone 13 Pro Max з портом зарядки white ORIG 100%
ocapro,IPHONE 13 PRO MAX,,598.0,UAH,Шлейф iPhone 13 Pro Max з портом зарядки white ORIG 100%
ocapro,IPHONE 13 PRO,,745.5,UAH,Шлейф iPhone 13 Pro з портом зарядки black ORIG 100%
ocapro,IPHONE 13 PRO,,696.0,UAH,Шлейф iPhone 13 Pro з портом зарядки black ORIG 100%
ocapro,IPHONE 13 PRO,,798.0,UAH,Шлейф iPhone 13 Pro з портом зарядки blue ORIG 100%
ocapro,IPHONE 13 PRO,,745.0,UAH,Шлейф iPhone 13 Pro з портом зарядки blue ORIG 100%
ocapro,IPHONE 13 PRO,,798.0,UAH,Шлейф iPhone 13 Pro з портом зарядки gold ORIG 100%
ocapro,IPHONE 13 PRO,,745.0,UAH,Шлейф iPhone 13 Pro з портом зарядки gold ORIG 100%
ocapro,IPHONE 13 PRO,,798.0,UAH,Шлейф iPhone 13 Pro з портом зарядки white ORIG 100%
ocapro,IPHONE 13 PRO,,745.0,UAH,Шлейф iPhone 13 Pro з портом зарядки white ORIG 100%
ocapro,IPHONE 13,,430.5,UAH,Шлейф iPhone 13 з портом зарядки black ORIG 100%
ocapro,IPHONE 13,,402.0,UAH,Шлейф iPhone 13 з портом зарядки black ORIG 100%
ocapro,IPHONE 13,,483.0,UAH,Шлейф iPhone 13 з портом зарядки blue ORIG 100%
ocapro,IPHONE 13,,451.0,UAH,Шлейф iPhone 13 з портом зарядки blue ORIG 100%
ocapro,IPHONE 13,,483.0,UAH,Шлейф iPhone 13 з портом зарядки white ORIG 100%
ocapro,IPHONE 13,,451.0,UAH,Шлейф iPhone 13 з портом зарядки white ORIG 100%
ocapro,IPHONE 14 PRO MAX,,1018.5,UAH,Шлейф iPhone 14 Pro Max з портом зарядки black ORIG 100%
ocapro,IPHONE 14 PRO MAX,,951.0,UAH,Шлейф iPhone 14 Pro Max з портом зарядки black ORIG 100%
ocapro,IPHONE 14 PRO MAX,,1018.5,UAH,Шлейф iPhone 14 Pro Max з портом зарядки deep purple ORIG 100%
ocapro,IPHONE 14 PRO MAX,,951.0,UAH,Шлейф iPhone 14 Pro Max з портом зарядки deep purple ORIG 100%
ocapro,IPHONE 14 PRO MAX,,1018.5,UAH,Шлейф iPhone 14 Pro Max з портом зарядки gold ORIG 100%
ocapro,IPHONE 14 PRO MAX,,951.0,UAH,Шлейф iPhone 14 Pro Max з портом зарядки gold ORIG 100%
ocapro,IPHONE 14 PRO MAX,,1018.5,UAH,Шлейф iPhone 14 Pro Max з портом зарядки white ORIG 100%
ocapro,IPHONE 14 PRO MAX,,951.0,UAH,Шлейф iPhone 14 Pro Max з портом зарядки white ORIG 100%
ocapro,IPHONE 14 PRO,,966.0,UAH,Шлейф iPhone 14 Pro з портом зарядки black ORIG 100%
ocapro,IPHONE 14 PRO,,902.0,UAH,Шлейф iPhone 14 Pro з портом зарядки black ORIG 100%
ocapro,IPHONE 14 PRO,,850.5,UAH,Шлейф iPhone 14 Pro з портом зарядки deep purple ORIG 100%
ocapro,IPHONE 14 PRO,,794.0,UAH,Шлейф iPhone 14 Pro з портом зарядки deep purple ORIG 100%
ocapro,IPHONE 14 PRO,,966.0,UAH,Шлейф iPhone 14 Pro з портом зарядки gold ORIG 100%
ocapro,IPHONE 14 PRO,,902.0,UAH,Шлейф iPhone 14 Pro з портом зарядки gold ORIG 100%
ocapro,IPHONE 14 PRO,,966.0,UAH,Шлейф iPhone 14 Pro з портом зарядки white ORIG 100%
ocapro,IPHONE 14 PRO,,902.0,UAH,Шлейф iPhone 14 Pro з портом зарядки white ORIG 100%
ocapro,,,2835.0,UAH,Аккумулятор A1437 MacBook Pro Retina 13″ A1425 2012
ocapro,,,2646.0,UAH,Аккумулятор A1437 MacBook Pro Retina 13″ A1425 2012
ocapro,,АКБ з калібруванням,1732.5,UAH,"Акумулятор A1405  MacBook Air 13"" 2013-2017 A1466-1496"
ocapro,,АКБ з калібруванням,1617.0,UAH,"Акумулятор A1405  MacBook Air 13"" 2013-2017 A1466-1496"
ocapro,,АКБ з калібруванням,1890.0,UAH,Акумулятор A1495 MacBook Air 11″ (A1465) 2013-2015
ocapro,,АКБ з калібруванням,1764.0,UAH,Акумулятор A1495 MacBook Air 11″ (A1465) 2013-2015
ocapro,,АКБ з калібруванням,2625.0,UAH,Акумулятор A1618 для MacBook Pro 15ᐥ 2015 (A1398)
ocapro,,АКБ з калібруванням,2450.0,UAH,Акумулятор A1618 для MacBook Pro 15ᐥ 2015 (A1398)
ocapro,,АКБ з калібруванням,2310.0,UAH,Акумулятор A1713 MacBook Pro Retina 13 A1708 (2016-2017) ORIG
ocapro,,АКБ з калібруванням,2156.0,UAH,Акумулятор A1713 MacBook Pro Retina 13 A1708 (2016-2017) ORIG
ocapro,,АКБ з калібруванням,2310.0,UAH,Акумулятор A1819 Macbook Pro Retina 13″ A1706 2016-2017
ocapro,,АКБ з калібруванням,2156.0,UAH,Акумулятор A1819 Macbook Pro Retina 13″ A1706 2016-2017
ocapro,,АКБ з калібруванням,2782.5,UAH,"Акумулятор A1820 MacBook Pro 15"" A1707 2016-2017"
ocapro,,АКБ з калібруванням,2597.0,UAH,"Акумулятор A1820 MacBook Pro 15"" A1707 2016-2017"
ocapro,,АКБ з калібруванням,2730.0,UAH,Акумулятор A1953 MacBook Pro Retina 15″ A1990 2018-2019
ocapro,,АКБ з калібруванням,2548.0,UAH,Акумулятор A1953 MacBook Pro Retina 15″ A1990 2018-2019
ocapro,,АКБ з калібруванням,2310.0,UAH,Акумулятор A1965 MacBook Air 13 A2179 / A1932 (2018-2020) ORIG
ocapro,,АКБ з калібруванням,2156.0,UAH,Акумулятор A1965 MacBook Air 13 A2179 / A1932 (2018-2020) ORIG
ocapro,,АКБ з калібруванням,2415.0,UAH,Акумулятор A2171 MacBook Pro Retina 13 A2338 / A2159 / A2289 (2019) ORIG
ocapro,,АКБ з калібруванням,2254.0,UAH,Акумулятор A2171 MacBook Pro Retina 13 A2338 / A2159 / A2289 (2019) ORIG
ocapro,,АКБ з калібруванням,2520.0,UAH,"Акумулятор A2389 MacBook Air 13"" M1 A2337 2020"
ocapro,,АКБ з калібруванням,2352.0,UAH,"Акумулятор A2389 MacBook Air 13"" M1 A2337 2020"
ocapro,,АКБ з калібруванням,2677.5,UAH,Акумулятор MacBook A1398/EMC2881 2013-2014
ocapro,,АКБ з калібруванням,2499.0,UAH,Акумулятор MacBook A1398/EMC2881 2013-2014
ocapro,,АКБ з калібруванням,2488.5,UAH,"Акумулятор MacBook Pro 13ᐥ 2018, 2019, 2020 (A1989/A2251)"
ocapro,,АКБ з калібруванням,2323.0,UAH,"Акумулятор MacBook Pro 13ᐥ 2018, 2019, 2020 (A1989/A2251)"
ocapro,,АКБ з калібруванням,2940.0,UAH,Акумулятор MacBook Pro 16” A2141 (2019)
ocapro,,АКБ з калібруванням,2744.0,UAH,Акумулятор MacBook Pro 16” A2141 (2019)
ocapro,,АКБ з калібруванням,2362.5,UAH,Акумулятор MacBook Pro Retina 13″ A1502 2013-2015
ocapro,,АКБ з калібруванням,2205.0,UAH,Акумулятор MacBook Pro Retina 13″ A1502 2013-2015
ocapro,,,7140.0,UAH,LCD MacBook Air 11 A1465 Silver ORIG
ocapro,,,6664.0,UAH,LCD MacBook Air 11 A1465 Silver ORIG
ocapro,,,7560.0,UAH,LCD MacBook Air 11 A1466 Silver ORIG
ocapro,,,7056.0,UAH,LCD MacBook Air 11 A1466 Silver ORIG
ocapro,,,9240.0,UAH,"LCD MacBook Air 13 (2019-2020) A1932, A2179 silver ORIG"
ocapro,,,8624.0,UAH,"LCD MacBook Air 13 (2019-2020) A1932, A2179 silver ORIG"
ocapro,,,10290.0,UAH,"LCD MacBook Air 13 (2019-2020) A1932, A2179 Space gray ORIG"
ocapro,,,9604.0,UAH,"LCD MacBook Air 13 (2019-2020) A1932, A2179 Space gray ORIG"
ocapro,,,12600.0,UAH,LCD MacBook Air 13 M1 A2337 Gold ORIG
ocapro,,,11760.0,UAH,LCD MacBook Air 13 M1 A2337 Gold ORIG
ocapro,,,12600.0,UAH,LCD MacBook Air 13 M1 A2337 Silver ORIG
ocapro,,,11760.0,UAH,LCD MacBook Air 13 M1 A2337 Silver ORIG
ocapro,,,12390.0,UAH,LCD MacBook Air 13 M1 A2337 Space Gray ORIG
ocapro,,,11564.0,UAH,LCD MacBook Air 13 M1 A2337 Space Gray ORIG
ocapro,,,13650.0,UAH,LCD MacBook Air 13″ 2022 (A2681) Silver ORIG
ocapro,,,12740.0,UAH,LCD MacBook Air 13″ 2022 (A2681) Silver ORIG
ocapro,,,10290.0,UAH,LCD MacBook Pro 13  A1989 Space Gray ORIG
ocapro,,,9604.0,UAH,LCD MacBook Pro 13  A1989 Space Gray ORIG
ocapro,,,9870.0,UAH,LCD MacBook Pro 13 A1706/A1708 Silver ORIG
ocapro,,,9212.0,UAH,LCD MacBook Pro 13 A1706/A1708 Silver ORIG
ocapro,,,10290.0,UAH,LCD MacBook Pro 13 A1706/A1708 Space Gray ORIG
ocapro,,,9604.0,UAH,LCD MacBook Pro 13 A1706/A1708 Space Gray ORIG
ocapro,,,12600.0,UAH,"LCD MacBook Pro 13"" М1 2020 (A2338) Silver ORIG"
ocapro,,,11760.0,UAH,"LCD MacBook Pro 13"" М1 2020 (A2338) Silver ORIG"
ocapro,,,12390.0,UAH,"LCD MacBook Pro 13"" М1 2020 (A2338) Space Gray"
ocapro,,,11564.0,UAH,"LCD MacBook Pro 13"" М1 2020 (A2338) Space Gray"
ocapro,,,24045.0,UAH,LCD MacBook Pro 15  A1990 Silver ORIG
ocapro,,,22442.0,UAH,LCD MacBook Pro 15  A1990 Silver ORIG
ocapro,,,24045.0,UAH,LCD MacBook Pro 15  A1990 Space Gray ORIG
ocapro,,,22442.0,UAH,LCD MacBook Pro 15  A1990 Space Gray ORIG
ocapro,,,23100.0,UAH,"LCD MacBook Pro 16"" 2019-2020 (A2141) Silver ORIG"
ocapro,,,21560.0,UAH,"LCD MacBook Pro 16"" 2019-2020 (A2141) Silver ORIG"
ocapro,,,12495.0,UAH,LCD MacBook Pro A1398 Silver ORIG (2015)
ocapro,,,11662.0,UAH,LCD MacBook Pro A1398 Silver ORIG (2015)
ocapro,,,10290.0,UAH,LCD MacBook Pro Retina 13 A1989 / A2159 / A2289 / A2251 Silver ORIG
ocapro,,,9604.0,UAH,LCD MacBook Pro Retina 13 A1989 / A2159 / A2289 / A2251 Silver ORIG
ocapro,,,11340.0,UAH,LCD MacBook Pro Retina 13 A1989 / A2159 / A2289 / A2251 Space gray ORIG
ocapro,,,10584.0,UAH,LCD MacBook Pro Retina 13 A1989 / A2159 / A2289 / A2251 Space gray ORIG
ocapro,,,1669.5,UAH,Клавіатура MacBook A1706/A1707 US
ocapro,,,1558.5,UAH,Клавіатура MacBook A1706/A1707 US
ocapro,,,1564.5,UAH,Клавіатура MacBook A1708 US
ocapro,,,1460.5,UAH,Клавіатура MacBook A1708 US
ocapro,,,3255.0,UAH,Клавіатура MacBook A1932 US
ocapro,,,3038.0,UAH,Клавіатура MacBook A1932 US
ocapro,,,2205.0,UAH,Клавіатура MacBook A1989/A1990 US
ocapro,,,2058.0,UAH,Клавіатура MacBook A1989/A1990 US
ocapro,,,577.5,UAH,Клавіатура MacBook A2141 US
ocapro,,,539.0,UAH,Клавіатура MacBook A2141 US
ocapro,,,4620.0,UAH,Клавіатура MacBook A2159 US
ocapro,,,4312.0,UAH,Клавіатура MacBook A2159 US
ocapro,,,577.5,UAH,Клавіатура MacBook A2179 US
ocapro,,,539.0,UAH,Клавіатура MacBook A2179 US
ocapro,,,577.5,UAH,Клавіатура MacBook A2251 US
ocapro,,,539.0,UAH,Клавіатура MacBook A2251 US
ocapro,,,577.5,UAH,Клавіатура MacBook A2289 US
ocapro,,,539.0,UAH,Клавіатура MacBook A2289 US
ocapro,,,577.5,UAH,Клавіатура MacBook A2337 US
ocapro,,,539.0,UAH,Клавіатура MacBook A2337 US
ocapro,,,577.5,UAH,Клавіатура MacBook A2338 US
ocapro,,,539.0,UAH,Клавіатура MacBook A2338 US
ocapro,,,630.0,UAH,Клавіатура MacBook A2442/A2485/A2779/A2780/A2918/A2992/A2991 US
ocapro,,,588.0,UAH,Клавіатура MacBook A2442/A2485/A2779/A2780/A2918/A2992/A2991 US
ocapro,,,630.0,UAH,Клавіатура MacBook A2681/A2941/A3113/A3114 US
ocapro,,,588.0,UAH,Клавіатура MacBook A2681/A2941/A3113/A3114 US
refparts,IPHONE 17 PRO MAX,Рамка дисплейного модулю,3.7,USD,Рамка дисплея G+OCA pro iPhone 17 Pro Max
refparts,IPHONE 17 PRO MAX,Рамка дисплейного модулю,3.75,USD,Рамка дисплея G+OCA pro iPhone 17 Pro Max
refparts,IPHONE 17 PRO MAX,Рамка дисплейного модулю,3.8,USD,Рамка дисплея G+OCA pro iPhone 17 Pro Max
refparts,IPHONE 17 PRO MAX,,15.5,USD,Форма для скла iPhone 17 Pro Max металева зелена
refparts,IPHONE 17 PRO MAX,,15.8,USD,Форма для скла iPhone 17 Pro Max металева зелена
refparts,IPHONE 17 PRO MAX,,16.1,USD,Форма для скла iPhone 17 Pro Max металева зелена
refparts,IPHONE 17 PRO MAX,,27.0,USD,Форма-тримач рамок iPhone 17 Pro Max металева зелена
refparts,IPHONE 17 PRO MAX,,27.5,USD,Форма-тримач рамок iPhone 17 Pro Max металева зелена
refparts,IPHONE 17 PRO MAX,,28.0,USD,Форма-тримач рамок iPhone 17 Pro Max металева зелена
refparts,IPHONE 17 PRO,Рамка дисплейного модулю,3.7,USD,Рамка дисплея G+OCA pro iPhone 17 Pro
refparts,IPHONE 17 PRO,Рамка дисплейного модулю,3.75,USD,Рамка дисплея G+OCA pro iPhone 17 Pro
refparts,IPHONE 17 PRO,Рамка дисплейного модулю,3.8,USD,Рамка дисплея G+OCA pro iPhone 17 Pro
refparts,IPHONE 17 PRO,,15.5,USD,Форма для скла iPhone 17 Pro металева зелена
refparts,IPHONE 17 PRO,,15.8,USD,Форма для скла iPhone 17 Pro металева зелена
refparts,IPHONE 17 PRO,,16.1,USD,Форма для скла iPhone 17 Pro металева зелена
refparts,IPHONE 17 PRO,,27.0,USD,Форма-тримач рамок iPhone 17 Pro металева зелена
refparts,IPHONE 17 PRO,,27.5,USD,Форма-тримач рамок iPhone 17 Pro металева зелена
refparts,IPHONE 17 PRO,,28.0,USD,Форма-тримач рамок iPhone 17 Pro металева зелена
refparts,IPHONE 17,Рамка дисплейного модулю,3.7,USD,Рамка дисплея G+OCA pro iPhone 17
refparts,IPHONE 17,Рамка дисплейного модулю,3.75,USD,Рамка дисплея G+OCA pro iPhone 17
refparts,IPHONE 17,Рамка дисплейного модулю,3.8,USD,Рамка дисплея G+OCA pro iPhone 17
refparts,IPHONE 17,,15.5,USD,Форма для скла iPhone 17 металева зелена
refparts,IPHONE 17,,15.8,USD,Форма для скла iPhone 17 металева зелена
refparts,IPHONE 17,,16.1,USD,Форма для скла iPhone 17 металева зелена
refparts,IPHONE 17,,27.0,USD,Форма-тримач рамок iPhone 17 металева зелена
refparts,IPHONE 17,,27.5,USD,Форма-тримач рамок iPhone 17 металева зелена
refparts,IPHONE 17,,28.0,USD,Форма-тримач рамок iPhone 17 металева зелена
refparts,IPHONE 17 AIR,Рамка дисплейного модулю,3.7,USD,Рамка дисплея G+OCA pro iPhone 17 Air
refparts,IPHONE 17 AIR,Рамка дисплейного модулю,3.75,USD,Рамка дисплея G+OCA pro iPhone 17 Air
refparts,IPHONE 17 AIR,Рамка дисплейного модулю,3.8,USD,Рамка дисплея G+OCA pro iPhone 17 Air
refparts,IPHONE 17 AIR,Скло дисплейного модулю,3.4,USD,Скло+ОСА Feaglet iPhone 17 Air
refparts,IPHONE 17 AIR,Скло дисплейного модулю,3.45,USD,Скло+ОСА Feaglet iPhone 17 Air
refparts,IPHONE 17 AIR,Скло дисплейного модулю,3.5,USD,Скло+ОСА Feaglet iPhone 17 Air
refparts,IPHONE 17 AIR,Скло дисплейного модулю,2.6,USD,Скло+ОСА G+OCA pro iPhone 17 Air
refparts,IPHONE 17 AIR,Скло дисплейного модулю,2.65,USD,Скло+ОСА G+OCA pro iPhone 17 Air
refparts,IPHONE 17 AIR,Скло дисплейного модулю,2.7,USD,Скло+ОСА G+OCA pro iPhone 17 Air
refparts,IPHONE 17 AIR,Скло дисплейного модулю,3.0,USD,Скло+ОСА MUSTTBY iPhone 17 Air
refparts,IPHONE 17 AIR,Скло дисплейного модулю,3.05,USD,Скло+ОСА MUSTTBY iPhone 17 Air
refparts,IPHONE 17 AIR,Скло дисплейного модулю,3.1,USD,Скло+ОСА MUSTTBY iPhone 17 Air
refparts,IPHONE 17 AIR,,15.5,USD,Форма для скла iPhone 17 Air металева зелена
refparts,IPHONE 17 AIR,,15.8,USD,Форма для скла iPhone 17 Air металева зелена
refparts,IPHONE 17 AIR,,16.1,USD,Форма для скла iPhone 17 Air металева зелена
refparts,IPHONE 17 AIR,,27.0,USD,Форма-тримач рамок iPhone 17 Air металева зелена
refparts,IPHONE 17 AIR,,27.5,USD,Форма-тримач рамок iPhone 17 Air металева зелена
refparts,IPHONE 17 AIR,,28.0,USD,Форма-тримач рамок iPhone 17 Air металева зелена
refparts,IPHONE 17 PRO MAX,,15.5,USD,Заводска плівка iPhone 16 Pro Max/17Pro Max рулон
refparts,IPHONE 17 PRO MAX,,15.75,USD,Заводска плівка iPhone 16 Pro Max/17Pro Max рулон
refparts,IPHONE 17 PRO MAX,,16.0,USD,Заводска плівка iPhone 16 Pro Max/17Pro Max рулон
refparts,IPHONE 16 PRO MAX,Витратні матеріали для монтажу,2.2,USD,Рамка дисплея G+OCA pro iPhone 16 Pro Max з проклейкою
refparts,IPHONE 16 PRO MAX,Витратні матеріали для монтажу,2.25,USD,Рамка дисплея G+OCA pro iPhone 16 Pro Max з проклейкою
refparts,IPHONE 16 PRO MAX,Витратні матеріали для монтажу,2.3,USD,Рамка дисплея G+OCA pro iPhone 16 Pro Max з проклейкою
refparts,IPHONE 16 PRO MAX,,15.5,USD,Форма для скла iPhone 16 Pro Max зелена
refparts,IPHONE 16 PRO MAX,,15.8,USD,Форма для скла iPhone 16 Pro Max зелена
refparts,IPHONE 16 PRO MAX,,16.1,USD,Форма для скла iPhone 16 Pro Max зелена
refparts,IPHONE 16 PRO MAX,,25.5,USD,Форма-тримач рамок iPhone 16 Pro Max металева зелена
refparts,IPHONE 16 PRO MAX,,26.0,USD,Форма-тримач рамок iPhone 16 Pro Max металева зелена
refparts,IPHONE 16 PRO MAX,,26.5,USD,Форма-тримач рамок iPhone 16 Pro Max металева зелена
refparts,IPHONE 16 PRO,,15.5,USD,Заводска плівка iPhone 16 Pro рулон
refparts,IPHONE 16 PRO,,15.75,USD,Заводска плівка iPhone 16 Pro рулон
refparts,IPHONE 16 PRO,,16.0,USD,Заводска плівка iPhone 16 Pro рулон
refparts,IPHONE 16 PRO,Витратні матеріали для монтажу,2.2,USD,Рамка дисплея G+OCA pro iPhone 16 Pro з проклейкою
refparts,IPHONE 16 PRO,Витратні матеріали для монтажу,2.25,USD,Рамка дисплея G+OCA pro iPhone 16 Pro з проклейкою
refparts,IPHONE 16 PRO,Витратні матеріали для монтажу,2.3,USD,Рамка дисплея G+OCA pro iPhone 16 Pro з проклейкою
refparts,IPHONE 16 PRO MAX,,0.42,USD,Сітка динаміка iPhone 16 Pro/ 16 Pro Max
refparts,IPHONE 16 PRO MAX,,0.43,USD,Сітка динаміка iPhone 16 Pro/ 16 Pro Max
refparts,IPHONE 16 PRO MAX,,0.45,USD,Сітка динаміка iPhone 16 Pro/ 16 Pro Max
refparts,IPHONE 16 PRO,,15.5,USD,Форма для скла iPhone 16 Pro зелена
refparts,IPHONE 16 PRO,,15.8,USD,Форма для скла iPhone 16 Pro зелена
refparts,IPHONE 16 PRO,,16.1,USD,Форма для скла iPhone 16 Pro зелена
refparts,IPHONE 16 PRO,,25.5,USD,Форма-тримач рамок iPhone 16 Pro металева зелена
refparts,IPHONE 16 PRO,,26.0,USD,Форма-тримач рамок iPhone 16 Pro металева зелена
refparts,IPHONE 16 PRO,,26.5,USD,Форма-тримач рамок iPhone 16 Pro металева зелена
refparts,IPHONE 16,Витратні матеріали для монтажу,2.0,USD,Рамка дисплея G+OCA pro iPhone 16 з проклейкою
refparts,IPHONE 16,Витратні матеріали для монтажу,2.05,USD,Рамка дисплея G+OCA pro iPhone 16 з проклейкою
refparts,IPHONE 16,Витратні матеріали для монтажу,2.1,USD,Рамка дисплея G+OCA pro iPhone 16 з проклейкою
refparts,IPHONE 16,,14.9,USD,Форма для скла iPhone 15 зелена
refparts,IPHONE 16,,15.2,USD,Форма для скла iPhone 15 зелена
refparts,IPHONE 16,,15.5,USD,Форма для скла iPhone 15 зелена
refparts,IPHONE 16,,15.5,USD,Форма для скла iPhone 16 зелена
refparts,IPHONE 16,,15.8,USD,Форма для скла iPhone 16 зелена
refparts,IPHONE 16,,16.1,USD,Форма для скла iPhone 16 зелена
refparts,IPHONE 16 PLUS,Витратні матеріали для монтажу,2.0,USD,Рамка дисплея G+OCA pro iPhone 16 Plus з проклейкою
refparts,IPHONE 16 PLUS,Витратні матеріали для монтажу,2.05,USD,Рамка дисплея G+OCA pro iPhone 16 Plus з проклейкою
refparts,IPHONE 16 PLUS,Витратні матеріали для монтажу,2.1,USD,Рамка дисплея G+OCA pro iPhone 16 Plus з проклейкою
refparts,IPHONE 16 PLUS,Скло дисплейного модулю,3.7,USD,Скло+ОСА Feaglet iPhone 16 Plus
refparts,IPHONE 16 PLUS,Скло дисплейного модулю,3.75,USD,Скло+ОСА Feaglet iPhone 16 Plus
refparts,IPHONE 16 PLUS,Скло дисплейного модулю,3.8,USD,Скло+ОСА Feaglet iPhone 16 Plus
refparts,IPHONE 16 PLUS,Скло дисплейного модулю,2.3,USD,Скло+ОСА G+OCA pro iPhone 16 Plus
refparts,IPHONE 16 PLUS,Скло дисплейного модулю,2.35,USD,Скло+ОСА G+OCA pro iPhone 16 Plus
refparts,IPHONE 16 PLUS,Скло дисплейного модулю,2.4,USD,Скло+ОСА G+OCA pro iPhone 16 Plus
refparts,IPHONE 16 PLUS,Скло дисплейного модулю,2.9,USD,Скло+ОСА+поляр G+OCA pro iPhone 16 Plus
refparts,IPHONE 16 PLUS,Скло дисплейного модулю,2.95,USD,Скло+ОСА+поляр G+OCA pro iPhone 16 Plus
refparts,IPHONE 16 PLUS,Скло дисплейного модулю,3.0,USD,Скло+ОСА+поляр G+OCA pro iPhone 16 Plus
refparts,IPHONE 16 PLUS,,15.5,USD,Форма для скла iPhone 16 Plus зелена
refparts,IPHONE 16 PLUS,,15.8,USD,Форма для скла iPhone 16 Plus зелена
refparts,IPHONE 16 PLUS,,16.1,USD,Форма для скла iPhone 16 Plus зелена
refparts,IPHONE 15 PRO MAX,,0.1,USD,Поляризаційна плівка iPhone 15 Pro Max оригінал
refparts,IPHONE 15 PRO MAX,,0.1,USD,Поляризаційна плівка iPhone 15 Pro Max оригінал
refparts,IPHONE 15 PRO MAX,,0.1,USD,Поляризаційна плівка iPhone 15 Pro Max оригінал
refparts,IPHONE 15 PRO MAX,Витратні матеріали для монтажу,2.1,USD,Рамка дисплея G+OCA pro iPhone 15 Pro Max з проклейкою
refparts,IPHONE 15 PRO MAX,Витратні матеріали для монтажу,2.15,USD,Рамка дисплея G+OCA pro iPhone 15 Pro Max з проклейкою
refparts,IPHONE 15 PRO MAX,Витратні матеріали для монтажу,2.2,USD,Рамка дисплея G+OCA pro iPhone 15 Pro Max з проклейкою
refparts,IPHONE 15 PRO MAX,Витратні матеріали для монтажу,1.8,USD,Рамка дисплея iPhone 15 Pro Max з проклейкою
refparts,IPHONE 15 PRO MAX,Витратні матеріали для монтажу,1.85,USD,Рамка дисплея iPhone 15 Pro Max з проклейкою
refparts,IPHONE 15 PRO MAX,Витратні матеріали для монтажу,1.9,USD,Рамка дисплея iPhone 15 Pro Max з проклейкою
refparts,IPHONE 15 PRO MAX,,0.42,USD,Сітка динаміка iPhone 15 Pro/ 15 Pro Max
refparts,IPHONE 15 PRO MAX,,0.43,USD,Сітка динаміка iPhone 15 Pro/ 15 Pro Max
refparts,IPHONE 15 PRO MAX,,0.45,USD,Сітка динаміка iPhone 15 Pro/ 15 Pro Max
refparts,IPHONE 15 PRO MAX,,14.9,USD,Форма для скла iPhone 15 Pro Max зелена
refparts,IPHONE 15 PRO MAX,,15.2,USD,Форма для скла iPhone 15 Pro Max зелена
refparts,IPHONE 15 PRO MAX,,15.5,USD,Форма для скла iPhone 15 Pro Max зелена
refparts,IPHONE 15 PRO MAX,,25.5,USD,Форма-тримач рамок iPhone 15 Pro Max металева зелена
refparts,IPHONE 15 PRO MAX,,26.0,USD,Форма-тримач рамок iPhone 15 Pro Max металева зелена
refparts,IPHONE 15 PRO MAX,,26.5,USD,Форма-тримач рамок iPhone 15 Pro Max металева зелена
refparts,IPHONE 15 PRO,,0.1,USD,Поляризаційна плівка iPhone 15 Pro оригінал
refparts,IPHONE 15 PRO,,0.1,USD,Поляризаційна плівка iPhone 15 Pro оригінал
refparts,IPHONE 15 PRO,,0.1,USD,Поляризаційна плівка iPhone 15 Pro оригінал
refparts,IPHONE 15 PRO,Витратні матеріали для монтажу,2.1,USD,Рамка дисплея G+OCA pro iPhone 15 Pro з проклейкою
refparts,IPHONE 15 PRO,Витратні матеріали для монтажу,2.15,USD,Рамка дисплея G+OCA pro iPhone 15 Pro з проклейкою
refparts,IPHONE 15 PRO,Витратні матеріали для монтажу,2.2,USD,Рамка дисплея G+OCA pro iPhone 15 Pro з проклейкою
refparts,IPHONE 15 PRO,,14.9,USD,Форма для скла iPhone 15 Pro зелена
refparts,IPHONE 15 PRO,,15.2,USD,Форма для скла iPhone 15 Pro зелена
refparts,IPHONE 15 PRO,,15.5,USD,Форма для скла iPhone 15 Pro зелена
refparts,IPHONE 15 PRO,,25.5,USD,Форма-тримач рамок iPhone 15 Pro металева зелена
refparts,IPHONE 15 PRO,,26.0,USD,Форма-тримач рамок iPhone 15 Pro металева зелена
refparts,IPHONE 15 PRO,,26.5,USD,Форма-тримач рамок iPhone 15 Pro металева зелена
refparts,IPHONE 15,,0.1,USD,Поляризаційна плівка iPhone 15 оригінал
refparts,IPHONE 15,,0.1,USD,Поляризаційна плівка iPhone 15 оригінал
refparts,IPHONE 15,,0.1,USD,Поляризаційна плівка iPhone 15 оригінал
refparts,IPHONE 15,Витратні матеріали для монтажу,1.8,USD,Рамка дисплея G+OCA pro iPhone 15 з проклейкою
refparts,IPHONE 15,Витратні матеріали для монтажу,1.85,USD,Рамка дисплея G+OCA pro iPhone 15 з проклейкою
refparts,IPHONE 15,Витратні матеріали для монтажу,1.9,USD,Рамка дисплея G+OCA pro iPhone 15 з проклейкою
refparts,IPHONE 16 PLUS,,0.42,USD,Сітка динаміка iPhone 15/ 16/ 16 Plus
refparts,IPHONE 16 PLUS,,0.43,USD,Сітка динаміка iPhone 15/ 16/ 16 Plus
refparts,IPHONE 16 PLUS,,0.45,USD,Сітка динаміка iPhone 15/ 16/ 16 Plus
refparts,IPHONE 16,,25.5,USD,Форма-тримач рамок iPhone 15/ 16 металева зелена
refparts,IPHONE 16,,26.0,USD,Форма-тримач рамок iPhone 15/ 16 металева зелена
refparts,IPHONE 16,,26.5,USD,Форма-тримач рамок iPhone 15/ 16 металева зелена
refparts,IPHONE 15 PLUS,,0.1,USD,Поляризаційна плівка iPhone 15 Plus оригінал
refparts,IPHONE 15 PLUS,,0.1,USD,Поляризаційна плівка iPhone 15 Plus оригінал
refparts,IPHONE 15 PLUS,,0.1,USD,Поляризаційна плівка iPhone 15 Plus оригінал
refparts,IPHONE 15 PLUS,Витратні матеріали для монтажу,1.8,USD,Рамка дисплея G+OCA pro iPhone 15 Plus з проклейкою
refparts,IPHONE 15 PLUS,Витратні матеріали для монтажу,1.85,USD,Рамка дисплея G+OCA pro iPhone 15 Plus з проклейкою
refparts,IPHONE 15 PLUS,Витратні матеріали для монтажу,1.9,USD,Рамка дисплея G+OCA pro iPhone 15 Plus з проклейкою
refparts,IPHONE 15 PLUS,Витратні матеріали для монтажу,1.8,USD,Рамка дисплея iPhone 15 Plus з проклейкою
refparts,IPHONE 15 PLUS,Витратні матеріали для монтажу,1.85,USD,Рамка дисплея iPhone 15 Plus з проклейкою
refparts,IPHONE 15 PLUS,Витратні матеріали для монтажу,1.9,USD,Рамка дисплея iPhone 15 Plus з проклейкою
refparts,IPHONE 15 PLUS,,0.42,USD,Сітка динаміка iPhone 15 Plus
refparts,IPHONE 15 PLUS,,0.43,USD,Сітка динаміка iPhone 15 Plus
refparts,IPHONE 15 PLUS,,0.45,USD,Сітка динаміка iPhone 15 Plus
refparts,IPHONE 15 PLUS,,14.9,USD,Форма для скла iPhone 15 Plus зелена
refparts,IPHONE 15 PLUS,,15.2,USD,Форма для скла iPhone 15 Plus зелена
refparts,IPHONE 15 PLUS,,15.5,USD,Форма для скла iPhone 15 Plus зелена
refparts,IPHONE 16 PLUS,,25.5,USD,Форма-тримач рамок iPhone 15 Plus/ 16 Plus металева зелена
refparts,IPHONE 16 PLUS,,26.0,USD,Форма-тримач рамок iPhone 15 Plus/ 16 Plus металева зелена
refparts,IPHONE 16 PLUS,,26.5,USD,Форма-тримач рамок iPhone 15 Plus/ 16 Plus металева зелена
refparts,IPHONE 14 PRO MAX,,0.1,USD,ОСА-плівка iPhone 14 Pro Max Mitsubishi 150 um
refparts,IPHONE 14 PRO MAX,,0.1,USD,ОСА-плівка iPhone 14 Pro Max Mitsubishi 150 um
refparts,IPHONE 14 PRO MAX,,0.1,USD,ОСА-плівка iPhone 14 Pro Max Mitsubishi 150 um
refparts,IPHONE 14 PRO MAX,,0.1,USD,Поляризаційна плівка iPhone 14 Pro Max оригінал
refparts,IPHONE 14 PRO MAX,,0.1,USD,Поляризаційна плівка iPhone 14 Pro Max оригінал
refparts,IPHONE 14 PRO MAX,,0.1,USD,Поляризаційна плівка iPhone 14 Pro Max оригінал
refparts,IPHONE 14 PRO MAX,Витратні матеріали для монтажу,1.8,USD,Рамка дисплея G+OCA pro iPhone 14 Pro Max з проклейкою
refparts,IPHONE 14 PRO MAX,Витратні матеріали для монтажу,1.85,USD,Рамка дисплея G+OCA pro iPhone 14 Pro Max з проклейкою
refparts,IPHONE 14 PRO MAX,Витратні матеріали для монтажу,1.9,USD,Рамка дисплея G+OCA pro iPhone 14 Pro Max з проклейкою
refparts,IPHONE 14 PRO MAX,,0.27,USD,Сітка динаміка iPhone 14 Pro/ 14 Pro Max
refparts,IPHONE 14 PRO MAX,,0.28,USD,Сітка динаміка iPhone 14 Pro/ 14 Pro Max
refparts,IPHONE 14 PRO MAX,,0.29,USD,Сітка динаміка iPhone 14 Pro/ 14 Pro Max
refparts,IPHONE 14 PRO MAX,,14.9,USD,Форма для скла iPhone 14 Pro Max зелена
refparts,IPHONE 14 PRO MAX,,15.2,USD,Форма для скла iPhone 14 Pro Max зелена
refparts,IPHONE 14 PRO MAX,,15.5,USD,Форма для скла iPhone 14 Pro Max зелена
refparts,IPHONE 14 PRO MAX,,23.3,USD,Форма-тримач рамок iPhone 14 Pro Max металева зелена
refparts,IPHONE 14 PRO MAX,,23.7,USD,Форма-тримач рамок iPhone 14 Pro Max металева зелена
refparts,IPHONE 14 PRO MAX,,24.1,USD,Форма-тримач рамок iPhone 14 Pro Max металева зелена
refparts,IPHONE 14 PRO,,0.1,USD,ОСА-плівка iPhone 14 Pro Mitsubishi 150 um
refparts,IPHONE 14 PRO,,0.1,USD,ОСА-плівка iPhone 14 Pro Mitsubishi 150 um
refparts,IPHONE 14 PRO,,0.1,USD,ОСА-плівка iPhone 14 Pro Mitsubishi 150 um
refparts,IPHONE 14 PRO,,0.1,USD,Поляризаційна плівка iPhone 14 Pro оригінал
refparts,IPHONE 14 PRO,,0.1,USD,Поляризаційна плівка iPhone 14 Pro оригінал
refparts,IPHONE 14 PRO,,0.1,USD,Поляризаційна плівка iPhone 14 Pro оригінал
refparts,IPHONE 14 PRO,Витратні матеріали для монтажу,1.8,USD,Рамка дисплея G+OCA pro iPhone 14 Pro з проклейкою
refparts,IPHONE 14 PRO,Витратні матеріали для монтажу,1.85,USD,Рамка дисплея G+OCA pro iPhone 14 Pro з проклейкою
refparts,IPHONE 14 PRO,Витратні матеріали для монтажу,1.9,USD,Рамка дисплея G+OCA pro iPhone 14 Pro з проклейкою
refparts,IPHONE 14 PRO,,14.9,USD,Форма для скла iPhone 14 Pro зелена
refparts,IPHONE 14 PRO,,15.2,USD,Форма для скла iPhone 14 Pro зелена
refparts,IPHONE 14 PRO,,15.5,USD,Форма для скла iPhone 14 Pro зелена
refparts,IPHONE 14 PRO,,23.3,USD,Форма-тримач рамок iPhone 14 Pro металева зелена
refparts,IPHONE 14 PRO,,23.7,USD,Форма-тримач рамок iPhone 14 Pro металева зелена
refparts,IPHONE 14 PRO,,24.1,USD,Форма-тримач рамок iPhone 14 Pro металева зелена
refparts,IPHONE 14 PLUS,,0.1,USD,ОСА-плівка iPhone 14 Plus Mitsubishi 150 um
refparts,IPHONE 14 PLUS,,0.1,USD,ОСА-плівка iPhone 14 Plus Mitsubishi 150 um
refparts,IPHONE 14 PLUS,,0.1,USD,ОСА-плівка iPhone 14 Plus Mitsubishi 150 um
refparts,IPHONE 14 PLUS,,0.1,USD,Поляризаційна плівка iPhone 14 Plus оригінал
refparts,IPHONE 14 PLUS,,0.1,USD,Поляризаційна плівка iPhone 14 Plus оригінал
refparts,IPHONE 14 PLUS,,0.1,USD,Поляризаційна плівка iPhone 14 Plus оригінал
refparts,IPHONE 14 PLUS,Витратні матеріали для монтажу,1.6,USD,Рамка дисплея G+OCA pro iPhone 14 Plus з проклейкою
refparts,IPHONE 14 PLUS,Витратні матеріали для монтажу,1.65,USD,Рамка дисплея G+OCA pro iPhone 14 Plus з проклейкою
refparts,IPHONE 14 PLUS,Витратні матеріали для монтажу,1.7,USD,Рамка дисплея G+OCA pro iPhone 14 Plus з проклейкою
refparts,IPHONE 14 PLUS,Витратні матеріали для монтажу,1.6,USD,Рамка дисплея iPhone 14 Plus з проклейкою
refparts,IPHONE 14 PLUS,Витратні матеріали для монтажу,1.65,USD,Рамка дисплея iPhone 14 Plus з проклейкою
refparts,IPHONE 14 PLUS,Витратні матеріали для монтажу,1.7,USD,Рамка дисплея iPhone 14 Plus з проклейкою
refparts,IPHONE 14 PLUS,,0.22,USD,Сітка динаміка iPhone 14/ 14 Plus
refparts,IPHONE 14 PLUS,,0.23,USD,Сітка динаміка iPhone 14/ 14 Plus
refparts,IPHONE 14 PLUS,,0.24,USD,Сітка динаміка iPhone 14/ 14 Plus
refparts,IPHONE 14 PLUS,Скло дисплейного модулю,2.9,USD,Скло+ОСА Feaglet iPhone 14 Plus
refparts,IPHONE 14 PLUS,Скло дисплейного модулю,2.95,USD,Скло+ОСА Feaglet iPhone 14 Plus
refparts,IPHONE 14 PLUS,Скло дисплейного модулю,3.0,USD,Скло+ОСА Feaglet iPhone 14 Plus
refparts,IPHONE 14 PLUS,Скло дисплейного модулю,2.25,USD,Скло+ОСА G+OCA pro iPhone 14 Plus
refparts,IPHONE 14 PLUS,Скло дисплейного модулю,2.3,USD,Скло+ОСА G+OCA pro iPhone 14 Plus
refparts,IPHONE 14 PLUS,Скло дисплейного модулю,2.35,USD,Скло+ОСА G+OCA pro iPhone 14 Plus
refparts,IPHONE 14 PLUS,Скло дисплейного модулю,0.7,USD,Скло+ОСА iPhone 14 Plus під оригінал
refparts,IPHONE 14 PLUS,Скло дисплейного модулю,0.7,USD,Скло+ОСА iPhone 14 Plus під оригінал
refparts,IPHONE 14 PLUS,Скло дисплейного модулю,0.7,USD,Скло+ОСА iPhone 14 Plus під оригінал
refparts,IPHONE 14 PLUS,Скло дисплейного модулю,2.1,USD,Скло+ОСА MUSTTBY iPhone 14 Plus
refparts,IPHONE 14 PLUS,Скло дисплейного модулю,2.15,USD,Скло+ОСА MUSTTBY iPhone 14 Plus
refparts,IPHONE 14 PLUS,Скло дисплейного модулю,2.2,USD,Скло+ОСА MUSTTBY iPhone 14 Plus
refparts,IPHONE 14 PLUS,Скло дисплейного модулю,2.5,USD,Скло+ОСА+поляр G+OCA pro iPhone 14 Plus
refparts,IPHONE 14 PLUS,Скло дисплейного модулю,2.55,USD,Скло+ОСА+поляр G+OCA pro iPhone 14 Plus
refparts,IPHONE 14 PLUS,Скло дисплейного модулю,2.6,USD,Скло+ОСА+поляр G+OCA pro iPhone 14 Plus
refparts,IPHONE 14 PLUS,,14.9,USD,Форма для скла iPhone 14 Plus зелена
refparts,IPHONE 14 PLUS,,15.2,USD,Форма для скла iPhone 14 Plus зелена
refparts,IPHONE 14 PLUS,,15.5,USD,Форма для скла iPhone 14 Plus зелена
refparts,IPHONE 14 PLUS,,23.3,USD,Форма-тримач рамок iPhone 14 Plus металева зелена
refparts,IPHONE 14 PLUS,,23.7,USD,Форма-тримач рамок iPhone 14 Plus металева зелена
refparts,IPHONE 14 PLUS,,24.1,USD,Форма-тримач рамок iPhone 14 Plus металева зелена
refparts,IPHONE 14,,0.1,USD,Поляризаційна плівка iPhone 14 оригінал
refparts,IPHONE 14,,0.1,USD,Поляризаційна плівка iPhone 14 оригінал
refparts,IPHONE 14,,0.1,USD,Поляризаційна плівка iPhone 14 оригінал
refparts,IPHONE 14,Витратні матеріали для монтажу,1.6,USD,Рамка дисплея G+OCA pro iPhone 14 з проклейкою
refparts,IPHONE 14,Витратні матеріали для монтажу,1.65,USD,Рамка дисплея G+OCA pro iPhone 14 з проклейкою
refparts,IPHONE 14,Витратні матеріали для монтажу,1.7,USD,Рамка дисплея G+OCA pro iPhone 14 з проклейкою
refparts,IPHONE 14,,14.9,USD,Форма для скла iPhone 14 зелена
refparts,IPHONE 14,,15.2,USD,Форма для скла iPhone 14 зелена
refparts,IPHONE 14,,15.5,USD,Форма для скла iPhone 14 зелена
refparts,IPHONE 14,,23.3,USD,Форма-тримач рамок iPhone 14 металева зелена
refparts,IPHONE 14,,23.7,USD,Форма-тримач рамок iPhone 14 металева зелена
refparts,IPHONE 14,,24.1,USD,Форма-тримач рамок iPhone 14 металева зелена
refparts,IPHONE 13 PRO MAX,,0.1,USD,Поляризаційна плівка iPhone 13 Pro Max оригінал
refparts,IPHONE 13 PRO MAX,,0.1,USD,Поляризаційна плівка iPhone 13 Pro Max оригінал
refparts,IPHONE 13 PRO MAX,,0.1,USD,Поляризаційна плівка iPhone 13 Pro Max оригінал
refparts,IPHONE 13 PRO MAX,Витратні матеріали для монтажу,1.6,USD,Рамка дисплея G+OCA pro iPhone 13 Pro Max з проклейкою
refparts,IPHONE 13 PRO MAX,Витратні матеріали для монтажу,1.65,USD,Рамка дисплея G+OCA pro iPhone 13 Pro Max з проклейкою
refparts,IPHONE 13 PRO MAX,Витратні матеріали для монтажу,1.7,USD,Рамка дисплея G+OCA pro iPhone 13 Pro Max з проклейкою
refparts,IPHONE 13 PRO MAX,,10.2,USD,Форма для скла iPhone 13 Pro Max
refparts,IPHONE 13 PRO MAX,,10.4,USD,Форма для скла iPhone 13 Pro Max
refparts,IPHONE 13 PRO MAX,,10.6,USD,Форма для скла iPhone 13 Pro Max
refparts,IPHONE 13 PRO MAX,,13.8,USD,Форма для скла iPhone 13 Pro Max зелена
refparts,IPHONE 13 PRO MAX,,14.0,USD,Форма для скла iPhone 13 Pro Max зелена
refparts,IPHONE 13 PRO MAX,,14.2,USD,Форма для скла iPhone 13 Pro Max зелена
refparts,IPHONE 13 PRO MAX,,23.3,USD,Форма-тримач рамок iPhone 13 Pro Max металева зелена
refparts,IPHONE 13 PRO MAX,,23.7,USD,Форма-тримач рамок iPhone 13 Pro Max металева зелена
refparts,IPHONE 13 PRO MAX,,24.1,USD,Форма-тримач рамок iPhone 13 Pro Max металева зелена
refparts,IPHONE 13 PRO,,1.9,USD,Гумовий килимок iPhone 13/ 13 Pro
refparts,IPHONE 13 PRO,,1.9,USD,Гумовий килимок iPhone 13/ 13 Pro
refparts,IPHONE 13 PRO,,1.9,USD,Гумовий килимок iPhone 13/ 13 Pro
refparts,IPHONE 13 PRO,,0.1,USD,Поляризаційна плівка iPhone 13/ 13 Pro оригінал
refparts,IPHONE 13 PRO,,0.1,USD,Поляризаційна плівка iPhone 13/ 13 Pro оригінал
refparts,IPHONE 13 PRO,,0.1,USD,Поляризаційна плівка iPhone 13/ 13 Pro оригінал
refparts,IPHONE 13 PRO,Витратні матеріали для монтажу,1.6,USD,Рамка дисплея G+OCA pro iPhone 13 Pro з проклейкою
refparts,IPHONE 13 PRO,Витратні матеріали для монтажу,1.65,USD,Рамка дисплея G+OCA pro iPhone 13 Pro з проклейкою
refparts,IPHONE 13 PRO,Витратні матеріали для монтажу,1.7,USD,Рамка дисплея G+OCA pro iPhone 13 Pro з проклейкою
refparts,IPHONE 13 PRO,Витратні матеріали для монтажу,1.6,USD,Рамка дисплея G+OCA pro iPhone 13 з проклейкою
refparts,IPHONE 13 PRO,Витратні матеріали для монтажу,1.65,USD,Рамка дисплея G+OCA pro iPhone 13 з проклейкою
refparts,IPHONE 13 PRO,Витратні матеріали для монтажу,1.7,USD,Рамка дисплея G+OCA pro iPhone 13 з проклейкою
refparts,IPHONE 13 PRO MAX,,0.32,USD,Сітка динаміка iPhone 13/ 13 Pro/ 13 Pro Max/ 13 mimi
refparts,IPHONE 13 PRO MAX,,0.33,USD,Сітка динаміка iPhone 13/ 13 Pro/ 13 Pro Max/ 13 mimi
refparts,IPHONE 13 PRO MAX,,0.35,USD,Сітка динаміка iPhone 13/ 13 Pro/ 13 Pro Max/ 13 mimi
refparts,IPHONE 13 PRO,,13.8,USD,Форма для скла iPhone 13 Pro зелена
refparts,IPHONE 13 PRO,,14.0,USD,Форма для скла iPhone 13 Pro зелена
refparts,IPHONE 13 PRO,,14.2,USD,Форма для скла iPhone 13 Pro зелена
refparts,IPHONE 13 PRO,,13.8,USD,Форма для скла iPhone 13 зелена
refparts,IPHONE 13 PRO,,14.0,USD,Форма для скла iPhone 13 зелена
refparts,IPHONE 13 PRO,,14.2,USD,Форма для скла iPhone 13 зелена
refparts,IPHONE 13 PRO,,10.2,USD,Форма для скла iPhone 13/ 13 Pro
refparts,IPHONE 13 PRO,,10.4,USD,Форма для скла iPhone 13/ 13 Pro
refparts,IPHONE 13 PRO,,10.6,USD,Форма для скла iPhone 13/ 13 Pro
refparts,IPHONE 13 PRO,,23.3,USD,Форма-тримач рамок iPhone 13/ 13 Pro металева зелена
refparts,IPHONE 13 PRO,,23.7,USD,Форма-тримач рамок iPhone 13/ 13 Pro металева зелена
refparts,IPHONE 13 PRO,,24.1,USD,Форма-тримач рамок iPhone 13/ 13 Pro металева зелена
refparts,IPHONE 13 MINI,,1.9,USD,Гумовий килимок iPhone 13 mini
refparts,IPHONE 13 MINI,,1.9,USD,Гумовий килимок iPhone 13 mini
refparts,IPHONE 13 MINI,,1.9,USD,Гумовий килимок iPhone 13 mini
refparts,IPHONE 13 MINI,,0.1,USD,ОСА-плівка iPhone 13 mini Mitsubishi 150 um
refparts,IPHONE 13 MINI,,0.1,USD,ОСА-плівка iPhone 13 mini Mitsubishi 150 um
refparts,IPHONE 13 MINI,,0.1,USD,ОСА-плівка iPhone 13 mini Mitsubishi 150 um
refparts,IPHONE 13 MINI,,0.1,USD,Поляризаційна плівка iPhone 13 mini оригінал
refparts,IPHONE 13 MINI,,0.1,USD,Поляризаційна плівка iPhone 13 mini оригінал
refparts,IPHONE 13 MINI,,0.1,USD,Поляризаційна плівка iPhone 13 mini оригінал
refparts,IPHONE 13 MINI,Витратні матеріали для монтажу,1.45,USD,Рамка дисплея G+OCA pro iPhone 13 mini з проклейкою
refparts,IPHONE 13 MINI,Витратні матеріали для монтажу,1.5,USD,Рамка дисплея G+OCA pro iPhone 13 mini з проклейкою
refparts,IPHONE 13 MINI,Витратні матеріали для монтажу,1.55,USD,Рамка дисплея G+OCA pro iPhone 13 mini з проклейкою
refparts,IPHONE 13 MINI,Скло дисплейного модулю,2.1,USD,Скло+ОСА Feaglet iPhone 13 mini
refparts,IPHONE 13 MINI,Скло дисплейного модулю,2.15,USD,Скло+ОСА Feaglet iPhone 13 mini
refparts,IPHONE 13 MINI,Скло дисплейного модулю,2.2,USD,Скло+ОСА Feaglet iPhone 13 mini
refparts,IPHONE 13 MINI,Скло дисплейного модулю,2.15,USD,Скло+ОСА G+OCA pro iPhone 13 mini
refparts,IPHONE 13 MINI,Скло дисплейного модулю,2.2,USD,Скло+ОСА G+OCA pro iPhone 13 mini
refparts,IPHONE 13 MINI,Скло дисплейного модулю,2.25,USD,Скло+ОСА G+OCA pro iPhone 13 mini
refparts,IPHONE 13 MINI,Скло дисплейного модулю,1.8,USD,Скло+ОСА MUSTTBY iPhone 13 mini
refparts,IPHONE 13 MINI,Скло дисплейного модулю,1.85,USD,Скло+ОСА MUSTTBY iPhone 13 mini
refparts,IPHONE 13 MINI,Скло дисплейного модулю,1.9,USD,Скло+ОСА MUSTTBY iPhone 13 mini
refparts,IPHONE 13 MINI,,10.2,USD,Форма для скла iPhone 13 mini
refparts,IPHONE 13 MINI,,10.4,USD,Форма для скла iPhone 13 mini
refparts,IPHONE 13 MINI,,10.6,USD,Форма для скла iPhone 13 mini
refparts,IPHONE 13 MINI,,13.8,USD,Форма для скла iPhone 13 mini зелена
refparts,IPHONE 13 MINI,,14.0,USD,Форма для скла iPhone 13 mini зелена
refparts,IPHONE 13 MINI,,14.2,USD,Форма для скла iPhone 13 mini зелена
refparts,IPHONE 13 MINI,,23.3,USD,Форма-тримач рамок iPhone 13 mini металева зелена
refparts,IPHONE 13 MINI,,23.7,USD,Форма-тримач рамок iPhone 13 mini металева зелена
refparts,IPHONE 13 MINI,,24.1,USD,Форма-тримач рамок iPhone 13 mini металева зелена
refparts,IPHONE 15 PRO MAX,,15.5,USD,Заводска плівка iPhone 12-15 Pro Max / 16 Plus рулон
refparts,IPHONE 15 PRO MAX,,15.75,USD,Заводска плівка iPhone 12-15 Pro Max / 16 Plus рулон
refparts,IPHONE 15 PRO MAX,,16.0,USD,Заводска плівка iPhone 12-15 Pro Max / 16 Plus рулон
refparts,IPHONE 12 PRO MAX,,0.1,USD,ОСА-плівка iPhone 12 Pro Max Mitsubishi 150 um
refparts,IPHONE 12 PRO MAX,,0.1,USD,ОСА-плівка iPhone 12 Pro Max Mitsubishi 150 um
refparts,IPHONE 12 PRO MAX,,0.1,USD,ОСА-плівка iPhone 12 Pro Max Mitsubishi 150 um
refparts,IPHONE 12 PRO MAX,,0.1,USD,Поляризаційна плівка iPhone 12 Pro Max оригінал
refparts,IPHONE 12 PRO MAX,,0.1,USD,Поляризаційна плівка iPhone 12 Pro Max оригінал
refparts,IPHONE 12 PRO MAX,,0.1,USD,Поляризаційна плівка iPhone 12 Pro Max оригінал
refparts,IPHONE 12 PRO MAX,Витратні матеріали для монтажу,1.45,USD,Рамка дисплея G+OCA pro iPhone 12 Pro Max з проклейкою
refparts,IPHONE 12 PRO MAX,Витратні матеріали для монтажу,1.5,USD,Рамка дисплея G+OCA pro iPhone 12 Pro Max з проклейкою
refparts,IPHONE 12 PRO MAX,Витратні матеріали для монтажу,1.55,USD,Рамка дисплея G+OCA pro iPhone 12 Pro Max з проклейкою
refparts,IPHONE 12 PRO MAX,Витратні матеріали для монтажу,1.4,USD,Рамка дисплея iPhone 12 Pro Max з проклейкою
refparts,IPHONE 12 PRO MAX,Витратні матеріали для монтажу,1.45,USD,Рамка дисплея iPhone 12 Pro Max з проклейкою
refparts,IPHONE 12 PRO MAX,Витратні матеріали для монтажу,1.5,USD,Рамка дисплея iPhone 12 Pro Max з проклейкою
refparts,IPHONE 12 PRO MAX,Скло дисплейного модулю,3.1,USD,Скло+ОСА Feaglet iPhone 12 Pro Max
refparts,IPHONE 12 PRO MAX,Скло дисплейного модулю,3.15,USD,Скло+ОСА Feaglet iPhone 12 Pro Max
refparts,IPHONE 12 PRO MAX,Скло дисплейного модулю,3.2,USD,Скло+ОСА Feaglet iPhone 12 Pro Max
refparts,IPHONE 12 PRO MAX,Скло дисплейного модулю,2.25,USD,Скло+ОСА G+OCA pro iPhone 12 Pro Max
refparts,IPHONE 12 PRO MAX,Скло дисплейного модулю,2.3,USD,Скло+ОСА G+OCA pro iPhone 12 Pro Max
refparts,IPHONE 12 PRO MAX,Скло дисплейного модулю,2.35,USD,Скло+ОСА G+OCA pro iPhone 12 Pro Max
refparts,IPHONE 12 PRO MAX,Скло дисплейного модулю,0.7,USD,Скло+ОСА iPhone 12 Pro Max під оригінал
refparts,IPHONE 12 PRO MAX,Скло дисплейного модулю,0.7,USD,Скло+ОСА iPhone 12 Pro Max під оригінал
refparts,IPHONE 12 PRO MAX,Скло дисплейного модулю,0.7,USD,Скло+ОСА iPhone 12 Pro Max під оригінал
refparts,IPHONE 12 PRO MAX,Скло дисплейного модулю,2.0,USD,Скло+ОСА MUSTTBY iPhone 12 Pro Max
refparts,IPHONE 12 PRO MAX,Скло дисплейного модулю,2.05,USD,Скло+ОСА MUSTTBY iPhone 12 Pro Max
refparts,IPHONE 12 PRO MAX,Скло дисплейного модулю,2.1,USD,Скло+ОСА MUSTTBY iPhone 12 Pro Max
refparts,IPHONE 12 PRO MAX,,3.9,USD,Скло+тач+ОСА iPhone 12 Pro Max під оригінал без чіпа
refparts,IPHONE 12 PRO MAX,,3.9,USD,Скло+тач+ОСА iPhone 12 Pro Max під оригінал без чіпа
refparts,IPHONE 12 PRO MAX,,3.9,USD,Скло+тач+ОСА iPhone 12 Pro Max під оригінал без чіпа
refparts,IPHONE 12 PRO MAX,,10.2,USD,Форма для скла iPhone 12 Pro Max
refparts,IPHONE 12 PRO MAX,,10.4,USD,Форма для скла iPhone 12 Pro Max
refparts,IPHONE 12 PRO MAX,,10.6,USD,Форма для скла iPhone 12 Pro Max
refparts,IPHONE 12 PRO MAX,,13.8,USD,Форма для скла iPhone 12 Pro Max зелена
refparts,IPHONE 12 PRO MAX,,14.0,USD,Форма для скла iPhone 12 Pro Max зелена
refparts,IPHONE 12 PRO MAX,,14.2,USD,Форма для скла iPhone 12 Pro Max зелена
refparts,IPHONE 12 PRO MAX,,10.9,USD,Форма для скла із рамкою iPhone 12 Pro Max зелена
refparts,IPHONE 12 PRO MAX,,11.1,USD,Форма для скла із рамкою iPhone 12 Pro Max зелена
refparts,IPHONE 12 PRO MAX,,11.3,USD,Форма для скла із рамкою iPhone 12 Pro Max зелена
refparts,IPHONE 12 PRO MAX,,22.5,USD,Форма-тримач рамок iPhone 12 Pro Max металева зелена
refparts,IPHONE 12 PRO MAX,,22.9,USD,Форма-тримач рамок iPhone 12 Pro Max металева зелена
refparts,IPHONE 12 PRO MAX,,23.3,USD,Форма-тримач рамок iPhone 12 Pro Max металева зелена
refparts,IPHONE 12 PRO,,1.9,USD,Гумовий килимок iPhone 12/ 12 Pro
refparts,IPHONE 12 PRO,,1.9,USD,Гумовий килимок iPhone 12/ 12 Pro
refparts,IPHONE 12 PRO,,1.9,USD,Гумовий килимок iPhone 12/ 12 Pro
refparts,IPHONE 15 PRO,,15.5,USD,Заводска плівка iPhone 12-15 Pro/16 рулон
refparts,IPHONE 15 PRO,,15.75,USD,Заводска плівка iPhone 12-15 Pro/16 рулон
refparts,IPHONE 15 PRO,,16.0,USD,Заводска плівка iPhone 12-15 Pro/16 рулон
refparts,IPHONE 12 PRO,,0.1,USD,Поляризаційна плівка iPhone 12/ 12 Pro оригінал
refparts,IPHONE 12 PRO,,0.1,USD,Поляризаційна плівка iPhone 12/ 12 Pro оригінал
refparts,IPHONE 12 PRO,,0.1,USD,Поляризаційна плівка iPhone 12/ 12 Pro оригінал
refparts,IPHONE 12 PRO,Витратні матеріали для монтажу,1.45,USD,Рамка дисплея G+OCA pro iPhone 12/ 12 Pro з проклейкою
refparts,IPHONE 12 PRO,Витратні матеріали для монтажу,1.5,USD,Рамка дисплея G+OCA pro iPhone 12/ 12 Pro з проклейкою
refparts,IPHONE 12 PRO,Витратні матеріали для монтажу,1.55,USD,Рамка дисплея G+OCA pro iPhone 12/ 12 Pro з проклейкою
refparts,IPHONE 12 PRO MAX,,0.17,USD,Сітка динаміка iPhone 12/ 12 Pro/ 12 Pro Max/ 12 mini
refparts,IPHONE 12 PRO MAX,,0.18,USD,Сітка динаміка iPhone 12/ 12 Pro/ 12 Pro Max/ 12 mini
refparts,IPHONE 12 PRO MAX,,0.19,USD,Сітка динаміка iPhone 12/ 12 Pro/ 12 Pro Max/ 12 mini
refparts,IPHONE 12 PRO,,10.8,USD,Скло+тач+ОСА+сіточка iPhone 12/ 12 Pro під оригінал
refparts,IPHONE 12 PRO,,11.0,USD,Скло+тач+ОСА+сіточка iPhone 12/ 12 Pro під оригінал
refparts,IPHONE 12 PRO,,11.2,USD,Скло+тач+ОСА+сіточка iPhone 12/ 12 Pro під оригінал
refparts,IPHONE 12 PRO,,10.6,USD,Скло+тач+ОСА+сіточка iPhone 12/ 12 Pro під оригінал без чіпа
refparts,IPHONE 12 PRO,,10.8,USD,Скло+тач+ОСА+сіточка iPhone 12/ 12 Pro під оригінал без чіпа
refparts,IPHONE 12 PRO,,11.0,USD,Скло+тач+ОСА+сіточка iPhone 12/ 12 Pro під оригінал без чіпа
refparts,IPHONE 12 PRO,,10.2,USD,Форма для скла iPhone 12/ 12 Pro
refparts,IPHONE 12 PRO,,10.4,USD,Форма для скла iPhone 12/ 12 Pro
refparts,IPHONE 12 PRO,,10.6,USD,Форма для скла iPhone 12/ 12 Pro
refparts,IPHONE 12 PRO,,13.8,USD,Форма для скла iPhone 12/ 12 Pro зелена
refparts,IPHONE 12 PRO,,14.0,USD,Форма для скла iPhone 12/ 12 Pro зелена
refparts,IPHONE 12 PRO,,14.2,USD,Форма для скла iPhone 12/ 12 Pro зелена
refparts,IPHONE 12 PRO,,10.9,USD,Форма для скла із рамкою iPhone 12/ 12 Pro зелена
refparts,IPHONE 12 PRO,,11.1,USD,Форма для скла із рамкою iPhone 12/ 12 Pro зелена
refparts,IPHONE 12 PRO,,11.3,USD,Форма для скла із рамкою iPhone 12/ 12 Pro зелена
refparts,IPHONE 12 PRO,,22.5,USD,Форма-тримач рамок iPhone 12/ 12 Pro металева зелена
refparts,IPHONE 12 PRO,,22.9,USD,Форма-тримач рамок iPhone 12/ 12 Pro металева зелена
refparts,IPHONE 12 PRO,,23.3,USD,Форма-тримач рамок iPhone 12/ 12 Pro металева зелена
refparts,IPHONE 13 MINI,,6.0,USD,Заводска плівка iPhone 12-13 mini рулон
refparts,IPHONE 13 MINI,,6.0,USD,Заводска плівка iPhone 12-13 mini рулон
refparts,IPHONE 13 MINI,,6.0,USD,Заводска плівка iPhone 12-13 mini рулон
refparts,IPHONE 12 MINI,,0.1,USD,ОСА-плівка iPhone 12 mini Mitsubishi 250 um
refparts,IPHONE 12 MINI,,0.1,USD,ОСА-плівка iPhone 12 mini Mitsubishi 250 um
refparts,IPHONE 12 MINI,,0.1,USD,ОСА-плівка iPhone 12 mini Mitsubishi 250 um
refparts,IPHONE 12 MINI,Витратні матеріали для монтажу,1.25,USD,Рамка дисплея G+OCA pro iPhone 12 mini з проклейкою
refparts,IPHONE 12 MINI,Витратні матеріали для монтажу,1.3,USD,Рамка дисплея G+OCA pro iPhone 12 mini з проклейкою
refparts,IPHONE 12 MINI,Витратні матеріали для монтажу,1.35,USD,Рамка дисплея G+OCA pro iPhone 12 mini з проклейкою
refparts,IPHONE 12 MINI,Витратні матеріали для монтажу,1.25,USD,Рамка дисплея iPhone 12 mini з проклейкою
refparts,IPHONE 12 MINI,Витратні матеріали для монтажу,1.3,USD,Рамка дисплея iPhone 12 mini з проклейкою
refparts,IPHONE 12 MINI,Витратні матеріали для монтажу,1.35,USD,Рамка дисплея iPhone 12 mini з проклейкою
refparts,IPHONE 12 MINI,Скло дисплейного модулю,2.05,USD,Скло+ОСА Feaglet iPhone 12 mini
refparts,IPHONE 12 MINI,Скло дисплейного модулю,2.1,USD,Скло+ОСА Feaglet iPhone 12 mini
refparts,IPHONE 12 MINI,Скло дисплейного модулю,2.15,USD,Скло+ОСА Feaglet iPhone 12 mini
refparts,IPHONE 12 MINI,Скло дисплейного модулю,2.1,USD,Скло+ОСА G+OCA pro iPhone 12 mini
refparts,IPHONE 12 MINI,Скло дисплейного модулю,2.15,USD,Скло+ОСА G+OCA pro iPhone 12 mini
refparts,IPHONE 12 MINI,Скло дисплейного модулю,2.2,USD,Скло+ОСА G+OCA pro iPhone 12 mini
refparts,IPHONE 12 MINI,Скло дисплейного модулю,1.8,USD,Скло+ОСА MUSTTBY iPhone 12 mini
refparts,IPHONE 12 MINI,Скло дисплейного модулю,1.85,USD,Скло+ОСА MUSTTBY iPhone 12 mini
refparts,IPHONE 12 MINI,Скло дисплейного модулю,1.9,USD,Скло+ОСА MUSTTBY iPhone 12 mini
refparts,IPHONE 12 MINI,,10.2,USD,Форма для скла iPhone 12 mini
refparts,IPHONE 12 MINI,,10.4,USD,Форма для скла iPhone 12 mini
refparts,IPHONE 12 MINI,,10.6,USD,Форма для скла iPhone 12 mini
refparts,IPHONE 12 MINI,,13.4,USD,Форма для скла iPhone 12 mini зелена
refparts,IPHONE 12 MINI,,13.6,USD,Форма для скла iPhone 12 mini зелена
refparts,IPHONE 12 MINI,,13.8,USD,Форма для скла iPhone 12 mini зелена
refparts,IPHONE 12 MINI,,10.9,USD,Форма для скла із рамкою iPhone 12 mini зелена
refparts,IPHONE 12 MINI,,11.1,USD,Форма для скла із рамкою iPhone 12 mini зелена
refparts,IPHONE 12 MINI,,11.3,USD,Форма для скла із рамкою iPhone 12 mini зелена
refparts,IPHONE 12 MINI,,22.5,USD,Форма-тримач рамок iPhone 12 mini металева зелена
refparts,IPHONE 12 MINI,,22.9,USD,Форма-тримач рамок iPhone 12 mini металева зелена
refparts,IPHONE 12 MINI,,23.3,USD,Форма-тримач рамок iPhone 12 mini металева зелена
refparts,IPHONE 11 PRO MAX,Витратні матеріали для монтажу,1.15,USD,Рамка дисплея G+OCA pro iPhone 11 Pro Max з проклейкою
refparts,IPHONE 11 PRO MAX,Витратні матеріали для монтажу,1.2,USD,Рамка дисплея G+OCA pro iPhone 11 Pro Max з проклейкою
refparts,IPHONE 11 PRO MAX,Витратні матеріали для монтажу,1.25,USD,Рамка дисплея G+OCA pro iPhone 11 Pro Max з проклейкою
refparts,IPHONE 11 PRO MAX,Скло дисплейного модулю,2.3,USD,Скло+ОСА Feaglet iPhone 11 Pro Max
refparts,IPHONE 11 PRO MAX,Скло дисплейного модулю,2.35,USD,Скло+ОСА Feaglet iPhone 11 Pro Max
refparts,IPHONE 11 PRO MAX,Скло дисплейного модулю,2.4,USD,Скло+ОСА Feaglet iPhone 11 Pro Max
refparts,IPHONE 11 PRO MAX,Скло дисплейного модулю,1.8,USD,Скло+ОСА G+OCA pro iPhone 11 Pro Max
refparts,IPHONE 11 PRO MAX,Скло дисплейного модулю,1.85,USD,Скло+ОСА G+OCA pro iPhone 11 Pro Max
refparts,IPHONE 11 PRO MAX,Скло дисплейного модулю,1.9,USD,Скло+ОСА G+OCA pro iPhone 11 Pro Max
refparts,IPHONE 11 PRO MAX,Скло дисплейного модулю,0.7,USD,Скло+ОСА iPhone 11 Pro Max під оригінал
refparts,IPHONE 11 PRO MAX,Скло дисплейного модулю,0.7,USD,Скло+ОСА iPhone 11 Pro Max під оригінал
refparts,IPHONE 11 PRO MAX,Скло дисплейного модулю,0.7,USD,Скло+ОСА iPhone 11 Pro Max під оригінал
refparts,IPHONE 11 PRO MAX,Скло дисплейного модулю,1.9,USD,Скло+ОСА MUSTTBY iPhone 11 Pro Max
refparts,IPHONE 11 PRO MAX,Скло дисплейного модулю,1.95,USD,Скло+ОСА MUSTTBY iPhone 11 Pro Max
refparts,IPHONE 11 PRO MAX,Скло дисплейного модулю,2.0,USD,Скло+ОСА MUSTTBY iPhone 11 Pro Max
refparts,IPHONE 11 PRO MAX,,3.9,USD,Скло+тач iPhone 11 Pro Max під оригінал
refparts,IPHONE 11 PRO MAX,,3.9,USD,Скло+тач iPhone 11 Pro Max під оригінал
refparts,IPHONE 11 PRO MAX,,3.9,USD,Скло+тач iPhone 11 Pro Max під оригінал
refparts,IPHONE 11 PRO MAX,,3.9,USD,Скло+тач iPhone 11 Pro Max під оригінал без чіпа
refparts,IPHONE 11 PRO MAX,,3.9,USD,Скло+тач iPhone 11 Pro Max під оригінал без чіпа
refparts,IPHONE 11 PRO MAX,,3.9,USD,Скло+тач iPhone 11 Pro Max під оригінал без чіпа
refparts,IPHONE 11 PRO MAX,,3.9,USD,Скло+тач+ОСА iPhone 11 Pro Max під оригінал
refparts,IPHONE 11 PRO MAX,,3.9,USD,Скло+тач+ОСА iPhone 11 Pro Max під оригінал
refparts,IPHONE 11 PRO MAX,,3.9,USD,Скло+тач+ОСА iPhone 11 Pro Max під оригінал
refparts,IPHONE 11 PRO MAX,,10.4,USD,Скло+тач+ОСА+сіточка iPhone 11 Pro Max під оригінал
refparts,IPHONE 11 PRO MAX,,10.6,USD,Скло+тач+ОСА+сіточка iPhone 11 Pro Max під оригінал
refparts,IPHONE 11 PRO MAX,,10.8,USD,Скло+тач+ОСА+сіточка iPhone 11 Pro Max під оригінал
refparts,IPHONE 11 PRO MAX,,10.4,USD,Скло+тач+ОСА+сіточка iPhone 11 Pro Max під оригінал без чіпа
refparts,IPHONE 11 PRO MAX,,10.6,USD,Скло+тач+ОСА+сіточка iPhone 11 Pro Max під оригінал без чіпа
refparts,IPHONE 11 PRO MAX,,10.8,USD,Скло+тач+ОСА+сіточка iPhone 11 Pro Max під оригінал без чіпа
refparts,IPHONE 11 PRO MAX,,10.2,USD,Форма для скла iPhone 11 Pro Max
refparts,IPHONE 11 PRO MAX,,10.4,USD,Форма для скла iPhone 11 Pro Max
refparts,IPHONE 11 PRO MAX,,10.6,USD,Форма для скла iPhone 11 Pro Max
refparts,IPHONE 11 PRO MAX,,13.4,USD,Форма для скла iPhone 11 Pro Max зелена
refparts,IPHONE 11 PRO MAX,,13.6,USD,Форма для скла iPhone 11 Pro Max зелена
refparts,IPHONE 11 PRO MAX,,13.8,USD,Форма для скла iPhone 11 Pro Max зелена
refparts,IPHONE 11 PRO MAX,,7.0,USD,Форма-тримач рамок iPhone 11 Pro Max металева
refparts,IPHONE 11 PRO MAX,,7.0,USD,Форма-тримач рамок iPhone 11 Pro Max металева
refparts,IPHONE 11 PRO MAX,,7.0,USD,Форма-тримач рамок iPhone 11 Pro Max металева
refparts,IPHONE 11 PRO MAX,,17.4,USD,Форма-тримач рамок iPhone 11 Pro Max металева зелена
refparts,IPHONE 11 PRO MAX,,17.7,USD,Форма-тримач рамок iPhone 11 Pro Max металева зелена
refparts,IPHONE 11 PRO MAX,,18.0,USD,Форма-тримач рамок iPhone 11 Pro Max металева зелена
refparts,IPHONE 11 PRO,Витратні матеріали для монтажу,1.15,USD,Рамка дисплея G+OCA pro iPhone 11 Pro з проклейкою
refparts,IPHONE 11 PRO,Витратні матеріали для монтажу,1.2,USD,Рамка дисплея G+OCA pro iPhone 11 Pro з проклейкою
refparts,IPHONE 11 PRO,Витратні матеріали для монтажу,1.25,USD,Рамка дисплея G+OCA pro iPhone 11 Pro з проклейкою
refparts,IPHONE 11 PRO MAX,,0.27,USD,Сітка динаміка iPhone 11 Pro/ 11 Pro Max
refparts,IPHONE 11 PRO MAX,,0.28,USD,Сітка динаміка iPhone 11 Pro/ 11 Pro Max
refparts,IPHONE 11 PRO MAX,,0.3,USD,Сітка динаміка iPhone 11 Pro/ 11 Pro Max
refparts,IPHONE 11 PRO,,3.9,USD,Скло+тач iPhone 11 Pro під оригінал
refparts,IPHONE 11 PRO,,3.9,USD,Скло+тач iPhone 11 Pro під оригінал
refparts,IPHONE 11 PRO,,3.9,USD,Скло+тач iPhone 11 Pro під оригінал
refparts,IPHONE 11 PRO,,10.4,USD,Скло+тач+ОСА+сіточка iPhone 11 Pro під оригінал
refparts,IPHONE 11 PRO,,10.6,USD,Скло+тач+ОСА+сіточка iPhone 11 Pro під оригінал
refparts,IPHONE 11 PRO,,10.8,USD,Скло+тач+ОСА+сіточка iPhone 11 Pro під оригінал
refparts,IPHONE 11 PRO,,10.4,USD,Скло+тач+ОСА+сіточка iPhone 11 Pro під оригінал без чіпа
refparts,IPHONE 11 PRO,,10.6,USD,Скло+тач+ОСА+сіточка iPhone 11 Pro під оригінал без чіпа
refparts,IPHONE 11 PRO,,10.8,USD,Скло+тач+ОСА+сіточка iPhone 11 Pro під оригінал без чіпа
refparts,IPHONE 11 PRO,,10.2,USD,Форма для скла iPhone 11 Pro
refparts,IPHONE 11 PRO,,10.4,USD,Форма для скла iPhone 11 Pro
refparts,IPHONE 11 PRO,,10.6,USD,Форма для скла iPhone 11 Pro
refparts,IPHONE 11 PRO,,13.4,USD,Форма для скла iPhone 11 Pro зелена
refparts,IPHONE 11 PRO,,13.6,USD,Форма для скла iPhone 11 Pro зелена
refparts,IPHONE 11 PRO,,13.8,USD,Форма для скла iPhone 11 Pro зелена
refparts,IPHONE 11 PRO,,17.4,USD,Форма-тримач рамок iPhone 11 Pro металева зелена
refparts,IPHONE 11 PRO,,17.7,USD,Форма-тримач рамок iPhone 11 Pro металева зелена
refparts,IPHONE 11 PRO,,18.0,USD,Форма-тримач рамок iPhone 11 Pro металева зелена
refparts,IPHONE 11,,1.9,USD,Гумовий килимок iPhone XR/ 11
refparts,IPHONE 11,,1.9,USD,Гумовий килимок iPhone XR/ 11
refparts,IPHONE 11,,1.9,USD,Гумовий килимок iPhone XR/ 11
refparts,IPHONE 11,,0.17,USD,Сітка динаміка iPhone 11
refparts,IPHONE 11,,0.18,USD,Сітка динаміка iPhone 11
refparts,IPHONE 11,,0.19,USD,Сітка динаміка iPhone 11
refparts,IPHONE 11,,0.7,USD,Скло+рамка iPhone 11 під оригінал
refparts,IPHONE 11,,0.7,USD,Скло+рамка iPhone 11 під оригінал
refparts,IPHONE 11,,0.7,USD,Скло+рамка iPhone 11 під оригінал
refparts,IPHONE 11,,2.9,USD,Скло+рамка+OCA G+OCA pro iPhone 11 під оригінал
refparts,IPHONE 11,,2.95,USD,Скло+рамка+OCA G+OCA pro iPhone 11 під оригінал
refparts,IPHONE 11,,3.0,USD,Скло+рамка+OCA G+OCA pro iPhone 11 під оригінал
refparts,IPHONE 11,,10.1,USD,Скло+тач+рамка+ОСА+сіточка iPhone 11 під оригінал
refparts,IPHONE 11,,10.2,USD,Скло+тач+рамка+ОСА+сіточка iPhone 11 під оригінал
refparts,IPHONE 11,,10.3,USD,Скло+тач+рамка+ОСА+сіточка iPhone 11 під оригінал
refparts,IPHONE 11,,10.1,USD,Скло+тач+рамка+ОСА+сіточка iPhone 11 під оригінал без чіпа
refparts,IPHONE 11,,10.2,USD,Скло+тач+рамка+ОСА+сіточка iPhone 11 під оригінал без чіпа
refparts,IPHONE 11,,10.3,USD,Скло+тач+рамка+ОСА+сіточка iPhone 11 під оригінал без чіпа
refparts,IPHONE 11,,9.1,USD,Форма для скла із рамкою iPhone XR/ 11
refparts,IPHONE 11,,9.2,USD,Форма для скла із рамкою iPhone XR/ 11
refparts,IPHONE 11,,9.3,USD,Форма для скла із рамкою iPhone XR/ 11
refparts,IPHONE XS MAX,,1.9,USD,Гумовий килимок iPhone ХS Max
refparts,IPHONE XS MAX,,1.9,USD,Гумовий килимок iPhone ХS Max
refparts,IPHONE XS MAX,,1.9,USD,Гумовий килимок iPhone ХS Max
refparts,IPHONE 11 PRO MAX,,14.0,USD,Заводска плівка iPhone XS Max/ 11 Pro Max рулон
refparts,IPHONE 11 PRO MAX,,14.2,USD,Заводска плівка iPhone XS Max/ 11 Pro Max рулон
refparts,IPHONE 11 PRO MAX,,14.4,USD,Заводска плівка iPhone XS Max/ 11 Pro Max рулон
refparts,IPHONE 11 PRO MAX,,0.1,USD,ОСА-плівка iPhone ХS Max/ 11 Pro Max Mitsubishi 150 um
refparts,IPHONE 11 PRO MAX,,0.1,USD,ОСА-плівка iPhone ХS Max/ 11 Pro Max Mitsubishi 150 um
refparts,IPHONE 11 PRO MAX,,0.1,USD,ОСА-плівка iPhone ХS Max/ 11 Pro Max Mitsubishi 150 um
refparts,IPHONE XS MAX,,0.1,USD,Поляризаційна плівка iPhone ХS Max оригінал
refparts,IPHONE XS MAX,,0.1,USD,Поляризаційна плівка iPhone ХS Max оригінал
refparts,IPHONE XS MAX,,0.1,USD,Поляризаційна плівка iPhone ХS Max оригінал
refparts,IPHONE XS MAX,Витратні матеріали для монтажу,0.9,USD,Рамка дисплея G+OCA pro iPhone ХS Max з проклейкою
refparts,IPHONE XS MAX,Витратні матеріали для монтажу,0.95,USD,Рамка дисплея G+OCA pro iPhone ХS Max з проклейкою
refparts,IPHONE XS MAX,Витратні матеріали для монтажу,1.0,USD,Рамка дисплея G+OCA pro iPhone ХS Max з проклейкою
refparts,IPHONE XS MAX,Скло дисплейного модулю,2.6,USD,Скло+ОСА Feaglet iPhone ХS Max
refparts,IPHONE XS MAX,Скло дисплейного модулю,2.65,USD,Скло+ОСА Feaglet iPhone ХS Max
refparts,IPHONE XS MAX,Скло дисплейного модулю,2.7,USD,Скло+ОСА Feaglet iPhone ХS Max
refparts,IPHONE XS MAX,Скло дисплейного модулю,1.85,USD,Скло+ОСА G+OCA pro iPhone ХS Max
refparts,IPHONE XS MAX,Скло дисплейного модулю,1.9,USD,Скло+ОСА G+OCA pro iPhone ХS Max
refparts,IPHONE XS MAX,Скло дисплейного модулю,1.95,USD,Скло+ОСА G+OCA pro iPhone ХS Max
refparts,IPHONE XS MAX,Скло дисплейного модулю,0.7,USD,Скло+ОСА iPhone ХS Max під оригінал
refparts,IPHONE XS MAX,Скло дисплейного модулю,0.7,USD,Скло+ОСА iPhone ХS Max під оригінал
refparts,IPHONE XS MAX,Скло дисплейного модулю,0.7,USD,Скло+ОСА iPhone ХS Max під оригінал
refparts,IPHONE XS MAX,Скло дисплейного модулю,1.9,USD,Скло+ОСА MUSTTBY iPhone XS Max
refparts,IPHONE XS MAX,Скло дисплейного модулю,1.95,USD,Скло+ОСА MUSTTBY iPhone XS Max
refparts,IPHONE XS MAX,Скло дисплейного модулю,2.0,USD,Скло+ОСА MUSTTBY iPhone XS Max
refparts,IPHONE XS MAX,,3.9,USD,Скло+тач iPhone ХS Max під оригінал
refparts,IPHONE XS MAX,,3.9,USD,Скло+тач iPhone ХS Max під оригінал
refparts,IPHONE XS MAX,,3.9,USD,Скло+тач iPhone ХS Max під оригінал
refparts,IPHONE XS MAX,,3.9,USD,Скло+тач+OCA 200 um iPhone ХS Max під оригінал
refparts,IPHONE XS MAX,,3.9,USD,Скло+тач+OCA 200 um iPhone ХS Max під оригінал
refparts,IPHONE XS MAX,,3.9,USD,Скло+тач+OCA 200 um iPhone ХS Max під оригінал
refparts,IPHONE XS MAX,,10.2,USD,Форма для скла iPhone ХS Max
refparts,IPHONE XS MAX,,10.4,USD,Форма для скла iPhone ХS Max
refparts,IPHONE XS MAX,,10.6,USD,Форма для скла iPhone ХS Max
refparts,IPHONE XS MAX,,12.8,USD,Форма для скла iPhone ХS Max зелена
refparts,IPHONE XS MAX,,13.0,USD,Форма для скла iPhone ХS Max зелена
refparts,IPHONE XS MAX,,13.2,USD,Форма для скла iPhone ХS Max зелена
refparts,IPHONE XS MAX,,15.6,USD,Форма-тримач рамок iPhone XS Max металева зелена
refparts,IPHONE XS MAX,,15.9,USD,Форма-тримач рамок iPhone XS Max металева зелена
refparts,IPHONE XS MAX,,16.2,USD,Форма-тримач рамок iPhone XS Max металева зелена
refparts,IPHONE 11,,14.0,USD,Заводска плівка iPhone XR/ 11 рулон
refparts,IPHONE 11,,14.2,USD,Заводска плівка iPhone XR/ 11 рулон
refparts,IPHONE 11,,14.4,USD,Заводска плівка iPhone XR/ 11 рулон
refparts,IPHONE XR,,0.1,USD,Поляризаційна плівка iPhone ХR оригінал
refparts,IPHONE XR,,0.1,USD,Поляризаційна плівка iPhone ХR оригінал
refparts,IPHONE XR,,0.1,USD,Поляризаційна плівка iPhone ХR оригінал
refparts,IPHONE XR,,0.15,USD,Сітка динаміка iPhone ХR
refparts,IPHONE XR,,0.16,USD,Сітка динаміка iPhone ХR
refparts,IPHONE XR,,0.17,USD,Сітка динаміка iPhone ХR
refparts,IPHONE XR,Скло дисплейного модулю,1.6,USD,Скло+ОСА Feaglet iPhone XR
refparts,IPHONE XR,Скло дисплейного модулю,1.6,USD,Скло+ОСА Feaglet iPhone XR
refparts,IPHONE XR,Скло дисплейного модулю,1.6,USD,Скло+ОСА Feaglet iPhone XR
refparts,IPHONE XR,,0.7,USD,Скло+рамка iPhone ХR під оригінал
refparts,IPHONE XR,,0.7,USD,Скло+рамка iPhone ХR під оригінал
refparts,IPHONE XR,,0.7,USD,Скло+рамка iPhone ХR під оригінал
refparts,IPHONE XR,,2.9,USD,Скло+рамка+ОСА G+OCA pro iPhone ХR під оригінал
refparts,IPHONE XR,,2.95,USD,Скло+рамка+ОСА G+OCA pro iPhone ХR під оригінал
refparts,IPHONE XR,,3.0,USD,Скло+рамка+ОСА G+OCA pro iPhone ХR під оригінал
refparts,IPHONE XR,,10.0,USD,Скло+тач+рамка+ОСА+сіточка iPhone XR під оригінал
refparts,IPHONE XR,,10.1,USD,Скло+тач+рамка+ОСА+сіточка iPhone XR під оригінал
refparts,IPHONE XR,,10.2,USD,Скло+тач+рамка+ОСА+сіточка iPhone XR під оригінал
refparts,IPHONE XR,,3.9,USD,Скло+тач+рамка+сіточка iPhone ХR під оригінал
refparts,IPHONE XR,,3.9,USD,Скло+тач+рамка+сіточка iPhone ХR під оригінал
refparts,IPHONE XR,,3.9,USD,Скло+тач+рамка+сіточка iPhone ХR під оригінал
refparts,IPHONE XS,,1.9,USD,Гумовий килимок iPhone Х/ XS
refparts,IPHONE XS,,1.9,USD,Гумовий килимок iPhone Х/ XS
refparts,IPHONE XS,,1.9,USD,Гумовий килимок iPhone Х/ XS
refparts,IPHONE 11 PRO,,14.0,USD,Заводска плівка iPhone X/ XS/ 11 Pro рулон
refparts,IPHONE 11 PRO,,14.2,USD,Заводска плівка iPhone X/ XS/ 11 Pro рулон
refparts,IPHONE 11 PRO,,14.4,USD,Заводска плівка iPhone X/ XS/ 11 Pro рулон
refparts,IPHONE 11 PRO,,0.1,USD,ОСА-плівка iPhone Х/ XS/ 11 Pro Mitsubishi 100 um
refparts,IPHONE 11 PRO,,0.1,USD,ОСА-плівка iPhone Х/ XS/ 11 Pro Mitsubishi 100 um
refparts,IPHONE 11 PRO,,0.1,USD,ОСА-плівка iPhone Х/ XS/ 11 Pro Mitsubishi 100 um
refparts,IPHONE 11 PRO,,0.1,USD,ОСА-плівка iPhone Х/ XS/ 11 Pro Mitsubishi 150 um
refparts,IPHONE 11 PRO,,0.1,USD,ОСА-плівка iPhone Х/ XS/ 11 Pro Mitsubishi 150 um
refparts,IPHONE 11 PRO,,0.1,USD,ОСА-плівка iPhone Х/ XS/ 11 Pro Mitsubishi 150 um
refparts,IPHONE 11 PRO,,0.1,USD,ОСА-плівка iPhone Х/ XS/ 11 Pro Mitsubishi 200 um
refparts,IPHONE 11 PRO,,0.1,USD,ОСА-плівка iPhone Х/ XS/ 11 Pro Mitsubishi 200 um
refparts,IPHONE 11 PRO,,0.1,USD,ОСА-плівка iPhone Х/ XS/ 11 Pro Mitsubishi 200 um
refparts,IPHONE 11 PRO,,0.1,USD,ОСА-плівка iPhone Х/ XS/ 11 Pro Mitsubishi 250 um
refparts,IPHONE 11 PRO,,0.1,USD,ОСА-плівка iPhone Х/ XS/ 11 Pro Mitsubishi 250 um
refparts,IPHONE 11 PRO,,0.1,USD,ОСА-плівка iPhone Х/ XS/ 11 Pro Mitsubishi 250 um
refparts,IPHONE 11 PRO,,0.1,USD,ОСА-плівка iPhone Х/ XS/ 11 Pro SJ
refparts,IPHONE 11 PRO,,0.1,USD,ОСА-плівка iPhone Х/ XS/ 11 Pro SJ
refparts,IPHONE 11 PRO,,0.1,USD,ОСА-плівка iPhone Х/ XS/ 11 Pro SJ
refparts,IPHONE XS,,0.1,USD,Поляризаційна плівка iPhone Х/ XS оригінал
refparts,IPHONE XS,,0.1,USD,Поляризаційна плівка iPhone Х/ XS оригінал
refparts,IPHONE XS,,0.1,USD,Поляризаційна плівка iPhone Х/ XS оригінал
refparts,IPHONE XS,Витратні матеріали для монтажу,0.9,USD,Рамка дисплея G+OCA pro iPhone X з проклейкою
refparts,IPHONE XS,Витратні матеріали для монтажу,0.95,USD,Рамка дисплея G+OCA pro iPhone X з проклейкою
refparts,IPHONE XS,Витратні матеріали для монтажу,1.0,USD,Рамка дисплея G+OCA pro iPhone X з проклейкою
refparts,IPHONE XS,Витратні матеріали для монтажу,0.9,USD,Рамка дисплея G+OCA pro iPhone ХS з проклейкою
refparts,IPHONE XS,Витратні матеріали для монтажу,0.95,USD,Рамка дисплея G+OCA pro iPhone ХS з проклейкою
refparts,IPHONE XS,Витратні матеріали для монтажу,1.0,USD,Рамка дисплея G+OCA pro iPhone ХS з проклейкою
refparts,IPHONE XS MAX,,0.15,USD,Сітка динаміка iPhone Х/ XS/ XS Max
refparts,IPHONE XS MAX,,0.16,USD,Сітка динаміка iPhone Х/ XS/ XS Max
refparts,IPHONE XS MAX,,0.17,USD,Сітка динаміка iPhone Х/ XS/ XS Max
refparts,IPHONE XS,Скло дисплейного модулю,2.6,USD,Скло+ОСА Feaglet iPhone Х/ XS
refparts,IPHONE XS,Скло дисплейного модулю,2.65,USD,Скло+ОСА Feaglet iPhone Х/ XS
refparts,IPHONE XS,Скло дисплейного модулю,2.7,USD,Скло+ОСА Feaglet iPhone Х/ XS
refparts,IPHONE XS,Скло дисплейного модулю,1.75,USD,Скло+ОСА G+OCA pro iPhone Х / XS
refparts,IPHONE XS,Скло дисплейного модулю,1.8,USD,Скло+ОСА G+OCA pro iPhone Х / XS
refparts,IPHONE XS,Скло дисплейного модулю,1.85,USD,Скло+ОСА G+OCA pro iPhone Х / XS
refparts,IPHONE XS,Скло дисплейного модулю,0.7,USD,Скло+ОСА iPhone Х під оригінал
refparts,IPHONE XS,Скло дисплейного модулю,0.7,USD,Скло+ОСА iPhone Х під оригінал
refparts,IPHONE XS,Скло дисплейного модулю,0.7,USD,Скло+ОСА iPhone Х під оригінал
refparts,IPHONE XS,Скло дисплейного модулю,0.7,USD,Скло+ОСА iPhone ХS під оригінал
refparts,IPHONE XS,Скло дисплейного модулю,0.7,USD,Скло+ОСА iPhone ХS під оригінал
refparts,IPHONE XS,Скло дисплейного модулю,0.7,USD,Скло+ОСА iPhone ХS під оригінал
refparts,IPHONE XS,Скло дисплейного модулю,1.75,USD,Скло+ОСА MUSTTBY iPhone Х/ XS
refparts,IPHONE XS,Скло дисплейного модулю,1.8,USD,Скло+ОСА MUSTTBY iPhone Х/ XS
refparts,IPHONE XS,Скло дисплейного модулю,1.85,USD,Скло+ОСА MUSTTBY iPhone Х/ XS
refparts,IPHONE XS,,3.9,USD,Скло+тач iPhone ХS під оригінал
refparts,IPHONE XS,,3.9,USD,Скло+тач iPhone ХS під оригінал
refparts,IPHONE XS,,3.9,USD,Скло+тач iPhone ХS під оригінал
refparts,IPHONE XS,,3.9,USD,Скло+тач+OCA 200 um iPhone Х під оригінал
refparts,IPHONE XS,,3.9,USD,Скло+тач+OCA 200 um iPhone Х під оригінал
refparts,IPHONE XS,,3.9,USD,Скло+тач+OCA 200 um iPhone Х під оригінал
refparts,IPHONE XS,,8.0,USD,Скло+тач+OCA+сіточка iPhone Х під оригінал
refparts,IPHONE XS,,8.1,USD,Скло+тач+OCA+сіточка iPhone Х під оригінал
refparts,IPHONE XS,,8.2,USD,Скло+тач+OCA+сіточка iPhone Х під оригінал
refparts,IPHONE XS,,8.0,USD,Скло+тач+OCA+сіточка iPhone ХS під оригінал
refparts,IPHONE XS,,8.1,USD,Скло+тач+OCA+сіточка iPhone ХS під оригінал
refparts,IPHONE XS,,8.2,USD,Скло+тач+OCA+сіточка iPhone ХS під оригінал
refparts,IPHONE XS,,10.2,USD,Форма для скла iPhone Х/ XS
refparts,IPHONE XS,,10.4,USD,Форма для скла iPhone Х/ XS
refparts,IPHONE XS,,10.6,USD,Форма для скла iPhone Х/ XS
refparts,IPHONE XS,,12.8,USD,Форма для скла iPhone Х/ XS зелена
refparts,IPHONE XS,,13.0,USD,Форма для скла iPhone Х/ XS зелена
refparts,IPHONE XS,,13.2,USD,Форма для скла iPhone Х/ XS зелена
refparts,IPHONE XS,,15.6,USD,Форма-тримач рамок iPhone X/ XS металева зелена
refparts,IPHONE XS,,15.9,USD,Форма-тримач рамок iPhone X/ XS металева зелена
refparts,IPHONE XS,,16.2,USD,Форма-тримач рамок iPhone X/ XS металева зелена
refparts,IPHONE 7 PLUS,,0.7,USD,Скло+рамка iPhone 7 Plus біле
refparts,IPHONE 7 PLUS,,0.7,USD,Скло+рамка iPhone 7 Plus біле
refparts,IPHONE 7 PLUS,,0.7,USD,Скло+рамка iPhone 7 Plus біле
refparts,IPHONE 7 PLUS,,0.7,USD,Скло+рамка iPhone 7 Plus чорне
refparts,IPHONE 7 PLUS,,0.7,USD,Скло+рамка iPhone 7 Plus чорне
refparts,IPHONE 7 PLUS,,0.7,USD,Скло+рамка iPhone 7 Plus чорне
refparts,IPHONE 8,,0.7,USD,Скло+рамка iPhone 7 біле
refparts,IPHONE 8,,0.7,USD,Скло+рамка iPhone 7 біле
refparts,IPHONE 8,,0.7,USD,Скло+рамка iPhone 7 біле
refparts,IPHONE 8,,0.7,USD,Скло+рамка iPhone 7 чорне
refparts,IPHONE 8,,0.7,USD,Скло+рамка iPhone 7 чорне
refparts,IPHONE 8,,0.7,USD,Скло+рамка iPhone 7 чорне
refparts,IPHONE 8 PLUS,,0.7,USD,Скло+рамка iPhone 8 Plus чорне
refparts,IPHONE 8 PLUS,,0.7,USD,Скло+рамка iPhone 8 Plus чорне
refparts,IPHONE 8 PLUS,,0.7,USD,Скло+рамка iPhone 8 Plus чорне
refparts,IPHONE 8,,0.7,USD,Скло+рамка iPhone 8 біле
refparts,IPHONE 8,,0.7,USD,Скло+рамка iPhone 8 біле
refparts,IPHONE 8,,0.7,USD,Скло+рамка iPhone 8 біле
refparts,IPHONE 8,,0.9,USD,Скло+рамка+ОСА G+OCA pro iPhone 8 біле
refparts,IPHONE 8,,0.9,USD,Скло+рамка+ОСА G+OCA pro iPhone 8 біле
refparts,IPHONE 8,,0.9,USD,Скло+рамка+ОСА G+OCA pro iPhone 8 біле
refparts,IPHONE 8,,2.5,USD,Скло+рамка+ОСА G+OCA pro iPhone 8 чорне
refparts,IPHONE 8,,2.55,USD,Скло+рамка+ОСА G+OCA pro iPhone 8 чорне
refparts,IPHONE 8,,2.6,USD,Скло+рамка+ОСА G+OCA pro iPhone 8 чорне
refparts,IPHONE 7 PLUS,,0.9,USD,Скло+рамка+ОСА iPhone 7 Plus біле
refparts,IPHONE 7 PLUS,,0.9,USD,Скло+рамка+ОСА iPhone 7 Plus біле
refparts,IPHONE 7 PLUS,,0.9,USD,Скло+рамка+ОСА iPhone 7 Plus біле
refparts,IPHONE 8 PLUS,,0.9,USD,Скло+рамка+ОСА iPhone 8 Plus біле
refparts,IPHONE 8 PLUS,,0.9,USD,Скло+рамка+ОСА iPhone 8 Plus біле
refparts,IPHONE 8 PLUS,,0.9,USD,Скло+рамка+ОСА iPhone 8 Plus біле
levelparts,IPHONE 11,,16.8,USD,"𝐊орпус iPhone
(Якість оригінал 1:1)"
levelparts,IPHONE 11 PRO,,33.9,USD,"𝐊орпус iPhone
(Якість оригінал 1:1)"
levelparts,IPHONE 11 PRO MAX,,36.4,USD,"𝐊орпус iPhone
(Якість оригінал 1:1)"
levelparts,IPHONE 12,,21.5,USD,"𝐊орпус iPhone
(Якість оригінал 1:1)"
levelparts,IPHONE 12 PRO,,41.8,USD,"𝐊орпус iPhone
(Якість оригінал 1:1)"
levelparts,IPHONE 12 PRO MAX,,43.3,USD,"𝐊орпус iPhone
(Якість оригінал 1:1)"
levelparts,IPHONE 13,,21.4,USD,"𝐊орпус iPhone
(Якість оригінал 1:1)"
levelparts,IPHONE 13 PRO,,42.8,USD,"𝐊орпус iPhone
(Якість оригінал 1:1)"
levelparts,IPHONE 13 PRO MAX,,43.6,USD,"𝐊орпус iPhone
(Якість оригінал 1:1)"
levelparts,IPHONE 14,,14.4,USD,"𝐊орпус iPhone
(Якість оригінал 1:1)"
levelparts,IPHONE 14,Кришка корпусу задня без обвісу,9.5,USD,𝐂кло корпусу iPhone
levelparts,IPHONE 14 PRO,,45.9,USD,"𝐊орпус iPhone
(Якість оригінал 1:1)"
levelparts,IPHONE 14 PRO MAX,,47.3,USD,"𝐊орпус iPhone
(Якість оригінал 1:1)"
levelparts,IPHONE 15,,16.1,USD,"𝐊орпус iPhone
(Якість оригінал 1:1)"
levelparts,IPHONE 15 PRO,,35.3,USD,"𝐊орпус iPhone
(Якість оригінал 1:1)"
levelparts,IPHONE 15 PRO MAX,,38.0,USD,"𝐊орпус iPhone
(Якість оригінал 1:1)"
levelparts,IPHONE 16,,18.7,USD,"𝐊орпус iPhone
(Якість оригінал 1:1)"
levelparts,IPHONE 16,Кришка корпусу задня без обвісу,13.0,USD,𝐂кло корпусу iPhone
levelparts,IPHONE 16 PLUS,,18.7,USD,"𝐊орпус iPhone
(Якість оригінал 1:1)"
levelparts,IPHONE 16 PLUS,Кришка корпусу задня без обвісу,13.0,USD,𝐂кло корпусу iPhone
levelparts,IPHONE 16 PRO MAX,Кришка корпусу задня без обвісу,19.0,USD,𝐂кло корпусу iPhone
uparts,,Витратні матеріали для монтажу,1.3,USD,"Клей-Герметик B7000, Универсальный, Прозрачный, 15 мл"
uparts,,Витратні матеріали для монтажу,3.1,USD,"Клей-Герметик B7000, Универсальный, Прозрачный, 110 мл"
uparts,,Витратні матеріали для монтажу,3.0,USD,Клей силиконовый T-7000 черный 110мл с дозатором
uparts,,Витратні матеріали для монтажу,0.9,USD,"Клей Relife T7000, 15 мл., Черны"
uparts,,Витратні матеріали для монтажу,12.0,USD,Клей с повышенной адгезией HL (30 мл.)
uparts,,Витратні матеріали для монтажу,25.0,USD,клей LOCTITE 3542 30мл
uparts,,Витратні матеріали для монтажу,1.8,USD,"Праймер 3М, Primer 94 с кисточкой, 10 мл"
uparts,,Витратні матеріали для монтажу,1.9,USD,"Клей 2UUL DA42, 25 мл., Чорний"
uparts,,Витратні матеріали для монтажу,1.9,USD,"Клей 2UUL DA42, 25 мл., Білий"
uparts,,Витратні матеріали для монтажу,9.0,USD,"Клей 2UUL Guru Glue Soft Buffer Adhesive DA43, поліуретановий, для рамок, 30мл, чорний + 20 насадок дозаторів"
uparts,,Витратні матеріали для монтажу,9.0,USD,"Клей 2UUL Guru Glue Soft Buffer Adhesive DA44, поліуретановий, для рамок, 30мл, білий + 20 насадок дозаторів"
uparts,,Витратні матеріали для монтажу,3.5,USD,"Клей 2UUL DA45 Mr. Glue, 60 мл., Чорний"
uparts,,Витратні матеріали для монтажу,4.7,USD,Спрей FALCON 530 для очистки плат (550 мл)
uparts,,Витратні матеріали для монтажу,3.0,USD,"Клей 2UUL DA45 Mr. Glue, 60 мл., Белый"
uparts,,Витратні матеріали для монтажу,0.47,USD,"Голка для дозування клею (флюсу), металев (22G)"
uparts,,Витратні матеріали для монтажу,0.6,USD,"Голка для дозування клею (флюсу), металев (23G)"
uparts,,Витратні матеріали для монтажу,1.3,USD,Двосторонній скотч 3M (3мм x 25м) Чорний
uparts,,Витратні матеріали для монтажу,1.64,USD,Двосторонній скотч 3M (5мм x 25м) Чорний
uparts,,Витратні матеріали для монтажу,1.25,USD,Скотч двухсторонний акриловый 3М 2 мм красный
uparts,,Витратні матеріали для монтажу,1.36,USD,Скотч двухсторонний акриловый 3М 3 мм красный
uparts,,Витратні матеріали для монтажу,3.0,USD,Скотч двухсторонний акриловый 3М 4 мм красный
uparts,,Витратні матеріали для монтажу,2.3,USD,Скотч двухсторонний акриловый 3М 5 мм красный
uparts,,Витратні матеріали для монтажу,3.5,USD,Скотч двухсторонний акриловый 3М 6 мм красный
uparts,,Витратні матеріали для монтажу,0.64,USD,"Термостійкий скотч каптон, термоскотч 3мм"
uparts,,Витратні матеріали для монтажу,0.75,USD,"Термостійкий скотч каптон, термоскотч 5мм"
uparts,,Витратні матеріали для монтажу,0.91,USD,"Термостійкий скотч каптон, термоскотч 8мм"
uparts,,Витратні матеріали для монтажу,2.62,USD,"Термостійкий скотч каптон, термоскотч 18мм"
uparts,,Витратні матеріали для монтажу,4.5,USD,"Термостійкий скотч каптон, термоскотч 30мм"
uparts,,Витратні матеріали для монтажу,4.5,USD,Чистячі серветки 2UUL CL01 (10*10 см) (100 шт.)
uparts,,Витратні матеріали для монтажу,4.0,USD,Антистатические салфетки Kaisi 2036 (200шт)
uparts,,Витратні матеріали для монтажу,0.5,USD,Меламінова губка
uparts,,Витратні матеріали для монтажу,6.0,USD,Наногубки для чистки электроники KSLiD S200
uparts,,Інструменти,0.79,USD,Набір лез Kaisi №16
uparts,,Інструменти,0.79,USD,Набір лез Kaisi №12
uparts,,Інструменти,0.79,USD,Набір лез Kaisi №4
uparts,,Інструменти,0.8,USD,"Леза скальпеля Kaisi №17 для ручок з цангою, упаковка 10 шт."
uparts,,Інструменти,1.0,USD,"Леза для скальпеля X-Acto 4A для ручок з цангою, упаковка 10шт."
uparts,,Інструменти,0.45,USD,Леза скальпеля FR1 mechanic
uparts,,Інструменти,10.0,USD,Набор лезвий RJ #15 (100 шт)
uparts,,Інструменти,0.7,USD,Лопатка пластиковая для вскрытия корпусов техники
uparts,,Інструменти,1.6,USD,Лопатка RELIFE RL-060B
uparts,,Інструменти,8.5,USD,Ніж зняття компаунда (4 в 1) 2UUL DA11
uparts,,Інструменти,4.9,USD,"Набор лезвий для BGA микросхем (компаунда) 2UUL DA14 ""S"" (без ручки+4 лезвия)"
uparts,,Інструменти,4.9,USD,"Набор лезвий для BGA микросхем (компаунда) 2UUL DA14 ""Е"" (без ручки+4 лезвия)"
uparts,,Інструменти,4.9,USD,"Набор лезвий для BGA микросхем (компаунда) 2UUL DA14 ""X"" (без ручки+4 лезвия)"
uparts,,Інструменти,4.9,USD,"Набор лезвий для BGA микросхем (компаунда) 2UUL DA14 ""Y"" (без ручки+4 лезвия)"
uparts,,Інструменти,1.7,USD,Струна сепараторная 0.03
uparts,,Інструменти,1.7,USD,Струна сепараторная 0.035
uparts,,Інструменти,1.7,USD,Струна сепараторная 0.1
uparts,,Інструменти,1.0,USD,"Карта металлическая QianLi шестиугольник, для разборки"
uparts,,Інструменти,1.0,USD,"Карта металлическая QianLi пятиугольник, для разборки"
uparts,,Інструменти,19.0,USD,Набір інструментів Air Slice Open для Macbook Air Pro
uparts,,Інструменти,11.0,USD,Отвертка Qianli 3d i-Thor B (Tri-point)
uparts,,Інструменти,11.0,USD,Отвертка Qianli 3d i-Thor A (Philips)
uparts,,Інструменти,11.0,USD,Отвертка Qianli 3d i-Thor C (Pentalobe)
uparts,,Інструменти,11.0,USD,Отвертка Qianli 3d i-Thor D (Pinhead Philips)
uparts,,Інструменти,11.0,USD,Отвертка Qianli 3d i-Thor E (T2 Torx)
uparts,,Інструменти,6.0,USD,Отвертка латунная 2D пятиконечная звезда 0.8
uparts,,Інструменти,6.0,USD,Отвертка латунная 2D Y 0.6
uparts,,Інструменти,6.0,USD,Отвертка латунная 2D  крестовая 1.5
uparts,,Інструменти,6.0,USD,Отвертка латунная 2D  2.5
uparts,,Інструменти,6.0,USD,Отвертка латунная 2D ручка T2
uparts,,Інструменти,2.5,USD,пинцет изогнутый нескользящий
uparts,,Інструменти,2.3,USD,Пинцет прямой ST-13
uparts,,Інструменти,2.3,USD,Пинцет прямой ST-11
uparts,,Інструменти,2.3,USD,Пинцет угловой ST-20
uparts,,Інструменти,0.7,USD,Пинцет угловой
uparts,,Інструменти,9.5,USD,Ручка для снятия стекла Kaisi
uparts,,Інструменти,13.0,USD,Кисть Mijing Shadaw
uparts,,Інструменти,2.5,USD,"Ножницы Relife RL-102, с керамическими лезвиями"
uparts,,Інструменти,3.5,USD,Ручка QianLi 012 iHilt
uparts,,Інструменти,3.5,USD,Кусачки KS-107
uparts,,Інструменти,3.5,USD,Кусачки Best 107F1
uparts,,Інструменти,11.0,USD,Бокорезы DK-F90+
uparts,,Інструменти,1.3,USD,Зажим - прищепка фиксации дисплея
uparts,,Інструменти,2.8,USD,"Набор фрез 0,5-6мм  для гравера, бормашинки 9шт (0.5 1 1.5 2 2.5 3 4 5  6мм)"
uparts,,Інструменти,4.0,USD,Лезвие для разборки Mechanic 003
uparts,,Інструменти,3.0,USD,Груша для видалення пилу Mechanic B110
uparts,,Інструменти,12.0,USD,Набор отверток Mechanic iTech (48 in 1)
uparts,,Інструменти,3.5,USD,Кисточка Mechanic металлическая
uparts,,Інструменти,3.5,USD,Кисточка Mechanic ворсовая
uparts,,Інструменти,4.5,USD,Сменные насадки для кисточки Mechanic (ворс)
uparts,,Інструменти,4.5,USD,Сменные насадки для кисточки Mechanic (металл)
uparts,,Інструменти,23.5,USD,UYUE 601A Универсальный пресс-формователь для ламинирования и позиционирования заднего стекла и средней рамки для iPhone и Samsung
uparts,,Інструменти,45.0,USD,2UUL DA06 MAX Съёмник для открытия экранов планшетов и телефонов
uparts,,Дисплейний модуль,12.0,USD,Держатель-струбцина 2UUL DA09 для для демонтажа дисплейных модулей с присоской (2шт)
uparts,,Інструменти,23.0,USD,"Держатель 2UUL DA08 Pro универсальный, поворотный"
uparts,,Інструменти,1.7,USD,"Карандаш, щётка с ластиком STAEDLER"
uparts,,Інструменти,1.0,USD,"Емкость для жидкости MECHANIC MC-PE50, 50 мл"
uparts,,Інструменти,5.0,USD,"Емкость для жидкости MECHANIC SD150A, 150 мл"
uparts,,Інструменти,1.0,USD,Емкость для флюса и жидкостей TELIJIA TE-P4 з дозатором 65 ml Yellow/Blue
uparts,,Інструменти,9.0,USD,Подставка для инструментов BEST BST-10S
uparts,,Інструменти,8.5,USD,Подставка для инструментов  TE-193
uparts,,Інструменти,14.0,USD,Подставка для инструментов Relife RL-001H
uparts,,,35.0,USD,Паяльная станция Mechanic T12 pro
uparts,,,43.0,USD,Паяльна станція KSGER C245
uparts,,,37.0,USD,Паяльна станція Mechanic T12
uparts,,,37.0,USD,Паяльная станция ATTEN AT-969
uparts,,,94.0,USD,Паяльна станція ATTEN WX-2008D
uparts,,,43.0,USD,Паяльная станция ATTEN ST-2090D
uparts,,,130.0,USD,Паяльная станция ATTEN WX-1500
uparts,,,230.0,USD,"Паяльна станція 3 в 1 ATTEN WX-100 паяльная станция, термовоздушная станция, блок питания"
uparts,,,205.0,USD,Термоповітряна паяльна станція ATTEN ST-862D
uparts,,,92.0,USD,Термовоздушная паяльная станция QUICK 857DW+ / фен / 580 Вт / 100-450°С / 50 л/мин
uparts,,,280.0,USD,Паяльная станция PDK1200 C115
uparts,,,48.0,USD,"Портативный паяльник SEQURE S60 на жалах C210 с поддержкой PD2.0/3.0, QC2.0/3.0"
uparts,,,45.0,USD,Портативный паяльник SEQURE S20 на жалах C115
uparts,,,4.5,USD,Подставка для паяльника MECHANIC HK-B
uparts,,,5.8,USD,"BGA паста Mechanic NS48, 148 C, 40 г для пайки"
uparts,,,3.7,USD,Флюс паста MECHANIC SD360 в шприце
uparts,,,3.0,USD,Оплітка для зняття припою Mr.Yang 2.0мм 1.5м антистатична
uparts,,,3.0,USD,"Оплетка для снятия припоя Chemtronics Soder Wick 80-4-5 1,5м - 2,0мм"
uparts,,,26.0,USD,Оплетка Goot Wick CP-15B 1.5mm 30m
uparts,,,26.0,USD,оплетка Goot Wick CP-30B 3mm 20m
uparts,,,3.97,USD,Очисник жал паяльника Mechanic MCN-20 (N9)
uparts,,,6.0,USD,Паяльная паста в шприцах Relife RL-404S 138°C (10cc)
uparts,,,2.92,USD,Паяльна паста V3B45 легкоплавка 138 ° C Mechanic
uparts,,,2.5,USD,"Припой Mechanic N83, 0,8 мм, 25 г"
uparts,,,38.0,USD,Аппарат для точечной сварки i2c dl-03s 30a
uparts,,,19.0,USD,набор жал KAISI C115-I / C115-IS / C115-K (оригинал)
uparts,,,3.2,USD,Жало MECHANIC OT-I T12
uparts,,,3.2,USD,Жало MECHANIC OT-IS T12
uparts,,,3.2,USD,Жало MECHANIC OT-TI T12
uparts,,,3.2,USD,Жало MECHANIC OT-TIS T12
uparts,,,3.2,USD,Жало MECHANIC OT-2.4D T12
uparts,,,3.2,USD,Жало MECHANIC OT-OK T12
uparts,,,5.5,USD,Подставка для жал паяльника BEST BST-R16
uparts,,,1.5,USD,Стружка для очистки жал
uparts,,,3.0,USD,Стружка для очистки жал с подставкой
uparts,,,3.73,USD,Паяльна паста Mechanic XGSP50 183°C
uparts,,,1.45,USD,Екстрактор RELIFE RL-062D
uparts,,,4.0,USD,"Спрей MECHANIC CS691 для очистки плат, 550 мл"
uparts,,,1.3,USD,Олововідсмоктувач помповий
uparts,,,62.0,USD,Олеофобная жидкость
uparts,,Витратні матеріали для монтажу,10.0,USD,Клей УФ JiuTu для полировки дисплеев
uparts,,,90.0,USD,Порошок для полировки 5кг
uparts,,,20.0,USD,Килимок для полірування дисплеїв для JiuTu 50см
uparts,,,11.5,USD,форма для полировки apple watch 44mm
uparts,,,11.5,USD,форма для полировки apple watch 40mm
uparts,,,11.5,USD,форма для полировки apple watch 46mm
uparts,IPHONE 11,,10.0,USD,форма для полировки iphone 11/xr
uparts,IPHONE 11 PRO,,10.0,USD,форма для полировки iphone 11 pro
uparts,IPHONE 11 PRO MAX,,10.0,USD,форма для полировки iphone 11 pro max
uparts,IPHONE 12 PRO,,10.0,USD,форма для полировки Iphone 12-12 Pro
uparts,IPHONE 12 PRO MAX,,10.0,USD,форма для полировки Iphone 12 Pro Max
uparts,IPHONE 12 MINI,,10.0,USD,форма для полировки Iphone 12 mini
uparts,IPHONE 13,,11.0,USD,форма для полировки Iphone 13
uparts,IPHONE 13 PRO,,11.0,USD,форма для полировки iphone 13 pro
uparts,IPHONE 13 PRO MAX,,11.0,USD,форма для полировки Iphone 13 Pro Max
uparts,IPHONE 13 MINI,,11.0,USD,форма для полировки Iphone 13 mini
uparts,IPHONE 14,,11.5,USD,форма для полировки Iphone 14
uparts,IPHONE 14 PLUS,,11.5,USD,форма для полировки Iphone 14 Plus
uparts,IPHONE 14 PRO,,11.5,USD,форма для полировки Iphone 14 pro
uparts,IPHONE 14 PRO MAX,,11.5,USD,форма для полировки Iphone 14 pro max
uparts,IPHONE 15,,11.5,USD,форма для полировки Iphone 15
uparts,IPHONE 15 PLUS,,11.5,USD,форма для полировки Iphone 15 Plus
uparts,IPHONE 15 PRO MAX,,11.5,USD,форма для полировки Iphone 15 Pro Max
uparts,IPHONE 16,,12.0,USD,форма для полировки Iphone 16
uparts,IPHONE 16 PRO,,12.0,USD,форма для полировки Iphone 16 pro
uparts,IPHONE 16 PLUS,,12.0,USD,форма для полировки Iphone 16 Plus
uparts,IPHONE 16 PRO MAX,,12.0,USD,форма для полировки Iphone 16 Pro Max
uparts,IPHONE 17,,12.0,USD,форма для полировки Iphone 17
uparts,IPHONE 17 AIR,,12.0,USD,форма для полировки Iphone 17 Air
uparts,IPHONE 17 PRO,,12.0,USD,форма для полировки Iphone 17 Pro
uparts,IPHONE 17 PRO MAX,,12.0,USD,форма для полировки Iphone 17 Pro Max
uparts,,,38.0,USD,"Средство для очистки камеры телефона IFIXES IS900, 500 мл"
uparts,,,57.0,USD,"Средство для очистки камеры телефона IFIXES IS900, 1000 мл"
uparts,,,57.0,USD,"Средство для очистки камеры телефона REFOX RC40, 1000 мл"
uparts,,,41.0,USD,Ультразвукова ванна (iClean-E08B) Mechanic
uparts,,,12.0,USD,Фиксатор для ремонта камер
uparts,,,13.0,USD,держатель Wextom для фронтальной камеры
uparts,,,9.0,USD,IFixes is-30 краска для линз камер
uparts,IPHONE 11,,3.5,USD,Набор защиты для основной камеры iphone 11-16pm
uparts,IPHONE 17 PRO MAX,,9.5,USD,набор магнитных защит камеры iPhone 6-17 pro Max (M.Y. 4-in-1)
uparts,,,9.0,USD,Защита для линз камеры Relife RL-099
uparts,,Витратні матеріали для монтажу,4.0,USD,Клей для камер iFixes iF-02 (синий) / iC-03 (желтый) / iL-01 (красный)
uparts,,,4.8,USD,2UUL DA31 Защитные стикеры для фронтальной камеры (500 шт. в упаковке)
uparts,,,5.8,USD,"Захисний стікер на камери 2UUL DA30 X1000PCS, 7мм – 500шт. 12мм – 500шт."
uparts,,,39.0,USD,Макрообъектив Uni-T UT-Z003 (UTI320E/UTI260E)
uparts,,,620.0,USD,Тепловизор ручной Unit Uti320E
uparts,,,125.0,USD,Камера для микроскопа RF4 4KC1 3840x2160 30fps
uparts,,,80.0,USD,Держатель микроскопа с фокусировочным зажимом RF4 K047T
uparts,,,310.0,USD,"Микроскоп RF4 7050PRO-FO19 с увеличением 7–50x, вращающийся на 360°, с регулируемым поворотным кронштейном и металлической подставкой."
uparts,,,34.0,USD,Штатив для мікроскопа RF4 RF-F025
uparts,,,355.0,USD,тринокулярный стереомикроскоп RF-6565PRO
uparts,,,26.0,USD,Лінза-адаптер C-Mount 0.5 PRO для камер і мікроскопів
uparts,,,25.0,USD,Подсветка для микроскопа iFixes IL37
uparts,,,9.35,USD,Щупы для мультиметра BST-050-JP
uparts,,,13.5,USD,мультиметр UNI-T UT33D+
uparts,,,31.0,USD,мультиметр UNI-T UT89X
uparts,,,93.0,USD,мультиметр UNI-T UT61E+
uparts,,,60.0,USD,Цифровий мультиметр UNI-T UT139C
uparts,,,2.4,USD,магнитный коврик 25*20см
uparts,,,62.0,USD,Коврик нагревательный mj cpb lcd open BIG для разборки 380х220
uparts,,,55.0,USD,Коврик нагревательный mj cpb lcd open для разборки 300х170
uparts,,,8.0,USD,Силиконовый коврик 45х30 см
uparts,,,19.0,USD,Машинка для удаления OCA клея MaAnt CJ-3
uparts,,,20.0,USD,Машинка для видалення клею OCA клея MaAnt CJ-1
uparts,,,19.0,USD,Машинка для видалення клею OCA Kaisi NT-913
uparts,,,16.0,USD,Бормашинка аккумуляторная MaAnt D2
uparts,,,60.0,USD,Калибратор для аккумулятора iPhone 6in1 DL F316
uparts,,,53.0,USD,"Сепаратор 8.5"" AIDA A-918"
uparts,,,2.0,USD,Коврик силиконовый для компрессорного сепаратора 11 х 19 см
uparts,,,7.0,USD,Основная платка DL400 Pro
uparts,,,250.0,USD,Тестер дисплеїв Iphone DL400 Pro
uparts,IPHONE X,,370.0,USD,Тестер дисплеїв DL400 Pro з набором шлейфів iPhone X-16pm
uparts,IPHONE 17,,33.0,USD,Набор шлейфов iPhone 17 DL400 Pro
uparts,,,70.0,USD,Лабораторный блок SPS605D
uparts,,,191.0,USD,Программатор Apple Watch S7/S8/S9/Ultra/Ultra 2
uparts,,,35.0,USD,Калибратор i2C KC03
uparts,,,21.5,USD,Тестер разъемов питания QIANLI iBridge A3
uparts,,,6.5,USD,"USB-тестер для измерения ёмкости,тока,времени (KWS-066C)"
uparts,,,23.0,USD,УФ лампа QianLi Intelligente UV Curing Lamp
uparts,,АКБ з калібруванням,11.0,USD,Лампа ультрафіолетова Mechanic UV L1 Pro Curing Lamp (з акумулятором)
uparts,,,6.0,USD,Ультрафіолетова лампа Mayuan MY-38
uparts,,,113.0,USD,Ультрафіолетова лампа NJLD LD-29-2
uparts,,,6.0,USD,Кабеля для блоков питания SUNSHINE SS-905F Android
uparts,AIRPODS PRO,,17.0,USD,Держатель для Наушников Airpods pro 1/2
uparts,AIRPODS,,25.0,USD,Тримач MaAnt P1 для ремонту AirPods
uparts,,,30.0,USD,Xiaomi вентилятор сжатого воздуха 50000 об/мин
uparts,IPHONE 13 PRO MAX,,14.0,USD,Фіксатор-платформа QianLi DZJ1 ID Face для фронтальной камери и DOT сенсора iPhone X - 13 Pro Max
uparts,,Трафарет,5.0,USD,Трафарет BGA Amaoe универсальный
uparts,,,112.0,USD,Нагревательный пресс 2UUL DA05 для телефонов
uparts,,,75.0,USD,Осциллограф FNIRSI 5012H
uparts,,,120.0,USD,Осциллограф OWON HDS242
uparts,,,125.0,USD,Осциллограф FNIRSI 1013D
uparts,,,220.0,USD,Осциллограф OWON SDS1102
uparts,IPHONE 16 PRO MAX,,52.0,USD,Платформа MiJing Z20 Pro 18 в 1 iPhone X-16 pro max
uparts,IPHONE 12,,130.0,USD,Тестер материнской платы XZZ для iPhone 12
uparts,IPHONE 13,,180.0,USD,инструмент для диагностики платы iSocket QianLi iPhone 13
uparts,IPHONE 14,,180.0,USD,инструмент для диагностики платы iSocket QianLi iPhone 14
uparts,IPHONE 15,,190.0,USD,инструмент для диагностики платы iSocket QianLi iPhone 15
uparts,IPHONE 16,,210.0,USD,инструмент для диагностики платы iSocket QianLi iPhone 16
uparts,IPHONE 16,,180.0,USD,Тестер для диагностики платы Socket XZZ iPhone 16
uparts,,,77.0,USD,Преднагреватель (нижний подогрев) KAISI K-303 Pro
uparts,,,11.0,USD,модуль Android для KAISI K-303 Pro
uparts,IPHONE 11,,13.0,USD,модуль iPhone 11 для KAISI K-303 Pro
uparts,IPHONE 13,,15.0,USD,модуль iPhone 13 для KAISI K-303 Pro
uparts,IPHONE 14,,17.0,USD,модуль iPhone 14 для KAISI K-303 Pro
uparts,,,13.0,USD,модуль Face ID для KAISI K-303 Pro
uparts,IPHONE X,,8.5,USD,"Пресс-форма Apple iPhone X/XS, для отцентровки и склеивания дисплея со стеклом"
uparts,IPHONE XS,,8.5,USD,"Пресс-форма Apple iPhone XS Max, для отцентровки и склеивания дисплея со стеклом"
uparts,IPHONE XR,,8.5,USD,"Пресс-форма Apple iPhone XR/11, для отцентровки и склеивания дисплея со стеклом"
uparts,IPHONE 11,,8.5,USD,"Пресс-форма Apple iPhone 11 Pro, для отцентровки и склеивания дисплея со стеклом"
uparts,IPHONE 11 PRO,,8.5,USD,"Пресс-форма Apple iPhone 11 Pro Max, для отцентровки и склеивания дисплея со стеклом"
uparts,IPHONE 12,,8.5,USD,"Пресс-форма Apple iPhone 12/12 Pro, для отцентровки и склеивания дисплея со стеклом"
uparts,,,8.5,USD,"Пресс-форма Apple iPhone12 Pro Max, для отцентровки и склеивания дисплея со стеклом"
uparts,IPHONE 12,,8.5,USD,"Пресс-форма Apple iPhone 12 mini, для отцентровки и склеивания дисплея со стеклом"
uparts,IPHONE 13,,9.0,USD,"Пресс-форма Apple iPhone 13/13 Pro, для отцентровки и склеивания дисплея со стеклом"
uparts,IPHONE 13 PRO,,9.0,USD,"Пресс-форма Apple iPhone 13 Pro Max, для отцентровки и склеивания дисплея со стеклом"
uparts,IPHONE 13,,9.0,USD,"Пресс-форма Apple iPhone 13 mini, для отцентровки и склеивания дисплея со стеклом"
uparts,,,9.0,USD,"Пресс-форма Apple iPhone 14, для отцентровки и склеивания дисплея со стеклом"
uparts,IPHONE 14,,9.0,USD,"Пресс-форма Apple iPhone 14 Plus, для отцентровки и склеивания дисплея со стеклом"
uparts,IPHONE 14,,9.0,USD,"Пресс-форма Apple iPhone 14 Pro, для отцентровки и склеивания дисплея со стеклом"
uparts,IPHONE 14 PRO,,9.0,USD,"Пресс-форма Apple iPhone 14 Pro Max, для отцентровки и склеивания дисплея со стеклом"
uparts,IPHONE 15,,9.0,USD,"Пресс-форма Apple iPhone 15 Pro, для отцентровки и склеивания дисплея со стеклом"
uparts,,,9.0,USD,"Пресс-форма Apple iPhone15 Pro Max, для отцентровки и склеивания дисплея со стеклом"
uparts,IPHONE 15,,9.0,USD,"Пресс-форма Apple iPhone 15/16, для отцентровки и склеивания дисплея со стеклом"
uparts,IPHONE 16,,9.5,USD,"Пресс-форма Apple iPhone 16 Pro, для отцентровки и склеивания дисплея со стеклом"
uparts,IPHONE 16 PRO,,9.5,USD,"Пресс-форма Apple iPhone 16 Pro max, для отцентровки и склеивания дисплея со стеклом"
